<arquivos>
	<arquivo>
		<![CDATA[zrmobile_pedido.php]]>
	</arquivo>
	<arquivo>
		<![CDATA[JavaScript/UI/jquery/quotwaiting.js]]>
	</arquivo>
	<arquivo>
		<![CDATA[JavaScript/UI/jquery/jquery.iframe-transport.js]]>
	</arquivo>
	<arquivo>
		<![CDATA[JavaScript/UI/jquery/jquery-ui.min.js]]>
	</arquivo>
	<arquivo>
		<![CDATA[JavaScript/UI/jquery/jquery.fileupload-validate.js]]>
	</arquivo>
	<arquivo>
		<![CDATA[JavaScript/UI/jquery/jquery-ui_8.js]]>
	</arquivo>
	<arquivo>
		<![CDATA[JavaScript/UI/jquery/datepicker-pt-BR.js]]>
	</arquivo>
	<arquivo>
		<![CDATA[JavaScript/UI/jquery/jquery.fileupload-process.js]]>
	</arquivo>
	<arquivo>
		<![CDATA[JavaScript/UI/jquery/jquery.fileupload-ui.js]]>
	</arquivo>
	<arquivo>
		<![CDATA[JavaScript/UI/jquery/jquery.fileupload.js]]>
	</arquivo>
	<arquivo>
		<![CDATA[JavaScript/UI/jquery/jquery-ui_11.js]]>
	</arquivo>
	<arquivo>
		<![CDATA[JavaScript/plugins/painel/painel.js]]>
	</arquivo>
	<arquivo>
		<![CDATA[JavaScript/jquery.js]]>
	</arquivo>
	<arquivo>
		<![CDATA[index.php]]>
	</arquivo>
	<arquivo>
		<![CDATA[sat_lab.conf_old]]>
	</arquivo>
	<arquivo>
		<![CDATA[checar_modulo.php]]>
	</arquivo>
	<arquivo>
		<![CDATA[info.php]]>
	</arquivo>
	<arquivo>
		<![CDATA[classes/class_nota_item.inc]]>
	</arquivo>
	<arquivo>
		<![CDATA[classes/class_gera_modulo.inc]]>
	</arquivo>
	<arquivo>
		<![CDATA[classes/class_ini.inc]]>
	</arquivo>
	<arquivo>
		<![CDATA[classes/class_eventos_lote_nfe.inc]]>
	</arquivo>
	<arquivo>
		<![CDATA[classes/class_observacao_fiscal.inc]]>
	</arquivo>
	<arquivo>
		<![CDATA[classes/class_bd.inc]]>
	</arquivo>
	<arquivo>
		<![CDATA[classes/class_funcoesgerais.inc]]>
	</arquivo>
	<arquivo>
		<![CDATA[classes/class_campo.inc]]>
	</arquivo>
	<arquivo>
		<![CDATA[classes/class_formulario.inc]]>
	</arquivo>
	<arquivo>
		<![CDATA[classes/class_empresa.inc]]>
	</arquivo>
	<arquivo>
		<![CDATA[classes/class_controle_debug.inc]]>
	</arquivo>
	<arquivo>
		<![CDATA[classes/class_log.inc]]>
	</arquivo>
	<arquivo>
		<![CDATA[classes/class_erro_nfe.inc]]>
	</arquivo>
	<arquivo>
		<![CDATA[classes/class_importacao.inc]]>
	</arquivo>
	<arquivo>
		<![CDATA[classes/class_codigo_barras.inc]]>
	</arquivo>
	<arquivo>
		<![CDATA[classes/class_rejeicao_nfe.inc]]>
	</arquivo>
	<arquivo>
		<![CDATA[classes/class_controle_lote_nfe.inc]]>
	</arquivo>
	<arquivo>
		<![CDATA[classes/class_nota_header.inc]]>
	</arquivo>
	<arquivo>
		<![CDATA[classes/class_regras_icms.inc]]>
	</arquivo>
	<arquivo>
		<![CDATA[classes/class_criptografia.inc]]>
	</arquivo>
	<arquivo>
		<![CDATA[classes/class_HTML.inc]]>
	</arquivo>
	<arquivo>
		<![CDATA[classes/class_certificado_digital.inc]]>
	</arquivo>
	<arquivo>
		<![CDATA[classes/class_importa_exporta.inc]]>
	</arquivo>
	<arquivo>
		<![CDATA[classes/class_nota_pagamentos.inc]]>
	</arquivo>
	<arquivo>
		<![CDATA[classes/class_basica.inc]]>
	</arquivo>
	<arquivo>
		<![CDATA[classes/class_cfop.inc]]>
	</arquivo>
	<arquivo>
		<![CDATA[classes/class_emissao_nota.inc]]>
	</arquivo>
	<arquivo>
		<![CDATA[classes/class_eventos_nfe.inc]]>
	</arquivo>
	<arquivo>
		<![CDATA[classes/class_cliente.inc]]>
	</arquivo>
	<arquivo>
		<![CDATA[classes/class_filtro_basico.inc]]>
	</arquivo>
	<arquivo>
		<![CDATA[classes/class_controle_nfe.inc]]>
	</arquivo>
	<arquivo>
		<![CDATA[plugin/painel/img/logo_painel.png]]>
	</arquivo>
	<arquivo>
		<![CDATA[plugin/painel/sound/6.ogg]]>
	</arquivo>
	<arquivo>
		<![CDATA[plugin/painel/sound/4.ogg]]>
	</arquivo>
	<arquivo>
		<![CDATA[plugin/painel/sound/5.ogg]]>
	</arquivo>
	<arquivo>
		<![CDATA[plugin/painel/sound/2.ogg]]>
	</arquivo>
	<arquivo>
		<![CDATA[plugin/painel/sound/3.ogg]]>
	</arquivo>
	<arquivo>
		<![CDATA[plugin/painel/sound/1.ogg]]>
	</arquivo>
	<arquivo>
		<![CDATA[web_services/ws_painel/server.php]]>
	</arquivo>
	<arquivo>
		<![CDATA[web_services/ws_painel/ws_painel.inc]]>
	</arquivo>
	<arquivo>
		<![CDATA[web_services/ws_painel/classes/class_webservice_painel.inc]]>
	</arquivo>
	<arquivo>
		<![CDATA[web_services/ws_nf_pdv/ws_nf_pdv.inc]]>
	</arquivo>
	<arquivo>
		<![CDATA[web_services/ws_nf_pdv/server.php5]]>
	</arquivo>
	<arquivo>
		<![CDATA[web_services/ws_nf_pdv/classes/class_webservice_nf.inc]]>
	</arquivo>
	<arquivo>
		<![CDATA[painel.php]]>
	</arquivo>
	<arquivo>
		<![CDATA[css/plugins/painel/w3.css]]>
	</arquivo>
	<arquivo>
		<![CDATA[css/plugins/painel/styles.css]]>
	</arquivo>
	<arquivo>
		<![CDATA[css/plugins/bootstrap/bootstrap-3.3.6/fonts/glyphicons-halflings-regular.svg]]>
	</arquivo>
	<arquivo>
		<![CDATA[css/plugins/bootstrap/bootstrap-3.3.6/fonts/glyphicons-halflings-regular.eot]]>
	</arquivo>
	<arquivo>
		<![CDATA[css/plugins/bootstrap/bootstrap-3.3.6/fonts/glyphicons-halflings-regular.woff]]>
	</arquivo>
	<arquivo>
		<![CDATA[css/plugins/bootstrap/bootstrap-3.3.6/fonts/glyphicons-halflings-regular.ttf]]>
	</arquivo>
	<arquivo>
		<![CDATA[css/plugins/bootstrap/bootstrap-3.3.6/fonts/glyphicons-halflings-regular.woff2]]>
	</arquivo>
	<arquivo>
		<![CDATA[css/plugins/bootstrap/bootstrap-3.3.6/css/bootstrap.css]]>
	</arquivo>
	<arquivo>
		<![CDATA[css/plugins/bootstrap/bootstrap-3.3.6/css/bootstrap.min.css.map]]>
	</arquivo>
	<arquivo>
		<![CDATA[css/plugins/bootstrap/bootstrap-3.3.6/css/bootstrap-theme.css]]>
	</arquivo>
	<arquivo>
		<![CDATA[css/plugins/bootstrap/bootstrap-3.3.6/css/bootstrap.css.map]]>
	</arquivo>
	<arquivo>
		<![CDATA[css/plugins/bootstrap/bootstrap-3.3.6/css/bootstrap-theme.min.css.map]]>
	</arquivo>
	<arquivo>
		<![CDATA[css/plugins/bootstrap/bootstrap-3.3.6/css/bootstrap-theme.min.css]]>
	</arquivo>
	<arquivo>
		<![CDATA[css/plugins/bootstrap/bootstrap-3.3.6/css/bootstrap.min.css]]>
	</arquivo>
	<arquivo>
		<![CDATA[css/plugins/bootstrap/bootstrap-3.3.6/css/bootstrap-theme.css.map]]>
	</arquivo>
	<arquivo>
		<![CDATA[css/plugins/bootstrap/bootstrap-3.3.6/js/bootstrap.js]]>
	</arquivo>
	<arquivo>
		<![CDATA[css/plugins/bootstrap/bootstrap-3.3.6/js/bootstrap.min.js]]>
	</arquivo>
	<arquivo>
		<![CDATA[css/plugins/bootstrap/bootstrap-3.3.6/js/npm.js]]>
	</arquivo>
	<arquivo>
		<![CDATA[css/plugins/bootstrap/fonts/glyphicons-halflings-regular.svg]]>
	</arquivo>
	<arquivo>
		<![CDATA[css/plugins/bootstrap/fonts/glyphicons-halflings-regular.eot]]>
	</arquivo>
	<arquivo>
		<![CDATA[css/plugins/bootstrap/fonts/glyphicons-halflings-regular.woff]]>
	</arquivo>
	<arquivo>
		<![CDATA[css/plugins/bootstrap/fonts/glyphicons-halflings-regular.ttf]]>
	</arquivo>
	<arquivo>
		<![CDATA[css/plugins/bootstrap/fonts/glyphicons-halflings-regular.woff2]]>
	</arquivo>
	<arquivo>
		<![CDATA[css/plugins/bootstrap/css/bootstrap.css.map]]>
	</arquivo>
	<arquivo>
		<![CDATA[css/plugins/bootstrap/css/bootstrap.min.css]]>
	</arquivo>
	<arquivo>
		<![CDATA[css/plugins/bootstrap/js/bootstrap.js]]>
	</arquivo>
	<arquivo>
		<![CDATA[css/plugins/bootstrap/js/bootstrap.min.js]]>
	</arquivo>
	<arquivo>
		<![CDATA[css/plugins/bootstrap/js/npm.js]]>
	</arquivo>
	<arquivo>
		<![CDATA[nfephp/urlWebServicesNFCe310.xml]]>
	</arquivo>
	<arquivo>
		<![CDATA[nfephp/urlWebServicesNFe2.xml]]>
	</arquivo>
	<arquivo>
		<![CDATA[nfephp/tags/pre-review/xsd/leiauteConsStatServ_v3.10.xsd]]>
	</arquivo>
	<arquivo>
		<![CDATA[nfephp/tags/pre-review/xsd/retConsDPEC_v1.01.xsd]]>
	</arquivo>
	<arquivo>
		<![CDATA[nfephp/tags/pre-review/xsd/tiposBasico_v3.10.xsd]]>
	</arquivo>
	<arquivo>
		<![CDATA[nfephp/tags/pre-review/xsd/consReciNFe_v3.10.xsd]]>
	</arquivo>
	<arquivo>
		<![CDATA[nfephp/tags/pre-review/xsd/procEventoCancNFe_v1.00.xsd]]>
	</arquivo>
	<arquivo>
		<![CDATA[nfephp/tags/pre-review/xsd/leiauteDPEC_v1.01.xsd]]>
	</arquivo>
	<arquivo>
		<![CDATA[nfephp/tags/pre-review/xsd/cancNFe_v2.00.xsd]]>
	</arquivo>
	<arquivo>
		<![CDATA[nfephp/tags/pre-review/xsd/leiauteCCe_v1.00.xsd]]>
	</arquivo>
	<arquivo>
		<![CDATA[nfephp/tags/pre-review/xsd/inutNFe_v3.10.xsd]]>
	</arquivo>
	<arquivo>
		<![CDATA[nfephp/tags/pre-review/xsd/leiauteCancNFe_v2.00.xsd]]>
	</arquivo>
	<arquivo>
		<![CDATA[nfephp/tags/pre-review/xsd/CCe_v1.00.xsd]]>
	</arquivo>
	<arquivo>
		<![CDATA[nfephp/tags/pre-review/xsd/enviNFe_v3.10.xsd]]>
	</arquivo>
	<arquivo>
		<![CDATA[nfephp/tags/pre-review/xsd/retConsSitNFe_v3.10.xsd]]>
	</arquivo>
	<arquivo>
		<![CDATA[nfephp/tags/pre-review/xsd/retConsStatServ_v3.10.xsd]]>
	</arquivo>
	<arquivo>
		<![CDATA[nfephp/tags/pre-review/xsd/xmldsig-core-schema_v1.01.xsd]]>
	</arquivo>
	<arquivo>
		<![CDATA[nfephp/tags/pre-review/xsd/consDPEC_v1.01.xsd]]>
	</arquivo>
	<arquivo>
		<![CDATA[nfephp/tags/pre-review/xsd/cabecMsg_v1.02.xsd]]>
	</arquivo>
	<arquivo>
		<![CDATA[nfephp/tags/pre-review/xsd/retEnvEventoCancNFe_v1.00.xsd]]>
	</arquivo>
	<arquivo>
		<![CDATA[nfephp/tags/pre-review/xsd/procCCeNFe_v1.00.xsd]]>
	</arquivo>
	<arquivo>
		<![CDATA[nfephp/tags/pre-review/xsd/retDPEC_v1.01.xsd]]>
	</arquivo>
	<arquivo>
		<![CDATA[nfephp/tags/pre-review/xsd/leiauteNFe_v3.10.xsd]]>
	</arquivo>
	<arquivo>
		<![CDATA[nfephp/tags/pre-review/xsd/leiauteConsultaCadastro_v2.00.xsd]]>
	</arquivo>
	<arquivo>
		<![CDATA[nfephp/tags/pre-review/xsd/envCCe_v1.00.xsd]]>
	</arquivo>
	<arquivo>
		<![CDATA[nfephp/tags/pre-review/xsd/leiauteInutNFe_v3.10.xsd]]>
	</arquivo>
	<arquivo>
		<![CDATA[nfephp/tags/pre-review/xsd/envEventoCancNFe_v1.00.xsd]]>
	</arquivo>
	<arquivo>
		<![CDATA[nfephp/tags/pre-review/xsd/consCad_v2.00.xsd]]>
	</arquivo>
	<arquivo>
		<![CDATA[nfephp/tags/pre-review/xsd/leiauteConsSitNFe_v3.10.xsd]]>
	</arquivo>
	<arquivo>
		<![CDATA[nfephp/tags/pre-review/xsd/retEnviNFe_v3.10.xsd]]>
	</arquivo>
	<arquivo>
		<![CDATA[nfephp/tags/pre-review/xsd/retInutNFe_v3.10.xsd]]>
	</arquivo>
	<arquivo>
		<![CDATA[nfephp/tags/pre-review/xsd/consSitNFe_v3.10.xsd]]>
	</arquivo>
	<arquivo>
		<![CDATA[nfephp/tags/pre-review/xsd/retConsCad_v2.00.xsd]]>
	</arquivo>
	<arquivo>
		<![CDATA[nfephp/tags/pre-review/xsd/envDPEC_v1.01.xsd]]>
	</arquivo>
	<arquivo>
		<![CDATA[nfephp/tags/pre-review/xsd/retEnvCCe_v1.00.xsd]]>
	</arquivo>
	<arquivo>
		<![CDATA[nfephp/tags/pre-review/xsd/e110111_v1.00.xsd]]>
	</arquivo>
	<arquivo>
		<![CDATA[nfephp/tags/pre-review/xsd/procInutNFe_v3.10.xsd]]>
	</arquivo>
	<arquivo>
		<![CDATA[nfephp/tags/pre-review/xsd/nfe_v3.10.xsd]]>
	</arquivo>
	<arquivo>
		<![CDATA[nfephp/tags/pre-review/xsd/eventoCancNFe_v1.00.xsd]]>
	</arquivo>
	<arquivo>
		<![CDATA[nfephp/tags/pre-review/xsd/consStatServ_v3.10.xsd]]>
	</arquivo>
	<arquivo>
		<![CDATA[nfephp/tags/pre-review/xsd/retConsReciNFe_v3.10.xsd]]>
	</arquivo>
	<arquivo>
		<![CDATA[nfephp/tags/pre-review/xsd/procNFe_v3.10.xsd]]>
	</arquivo>
	<arquivo>
		<![CDATA[nfephp/tags/pre-review/xsd/xmldsig-core-schema_v1.01_1.xsd]]>
	</arquivo>
	<arquivo>
		<![CDATA[nfephp/tags/pre-review/libs/classNFEtools.php]]>
	</arquivo>
	<arquivo>
		<![CDATA[nfephp/tags/pre-review/libs/DocumentoNFePHP.interface.php]]>
	</arquivo>
	<arquivo>
		<![CDATA[nfephp/tags/pre-review/libs/CommonNFePHP.class.php]]>
	</arquivo>
	<arquivo>
		<![CDATA[nfephp/tags/pre-review/libs/nfe.class.php]]>
	</arquivo>
	<arquivo>
		<![CDATA[nfephp/tags/pre-review/libs/DanfeTextoNFCeNFePHP.class.php]]>
	</arquivo>
	<arquivo>
		<![CDATA[nfephp/urlWebServicesNFe310.xml]]>
	</arquivo>
	<arquivo>
		<![CDATA[nfephp/nfe.class.zanthus.php5]]>
	</arquivo>
	<arquivo>
		<![CDATA[gerar_xml_modulo.php]]>
	</arquivo>
	<arquivo>
		<![CDATA[equalizar_pastas.php]]>
	</arquivo>
	<arquivo>
		<![CDATA[modulo.xml]]>
	</arquivo>
	<arquivo>
		<![CDATA[includes/nusoap.inc]]>
	</arquivo>
	<arquivo>
		<![CDATA[includes/funcoes.fcn]]>
	</arquivo>
	<arquivo>
		<![CDATA[includes/defines.inc]]>
	</arquivo>
	<arquivo>
		<![CDATA[includes/header.inc]]>
	</arquivo>
	<arquivo>
		<![CDATA[includes/bancodedados.inc]]>
	</arquivo>
	<arquivo>
		<![CDATA[includes/saas.inc]]>
	</arquivo>
	<arquivo>
		<![CDATA[includes/domxml.inc]]>
	</arquivo>
	<arquivo>
		<![CDATA[não_há_ZMWSInfo.ini]]>
	</arquivo>
</arquivos>
