<?xml version="1.0" encoding="utf-8"?>
<WS xmlns:xsi="http://www.w3.org/2001/XMLSchema-instance" >
<!-- Correção das url para o padrão soap 1.2 -->
  <UF>
    <sigla>AC</sigla>
    <!--  SEFAZ VIRTUAL RIO GRANDE DO SUL  -->
    <homologacao>
      <NfeRecepcao2 service='nfeRecepcaoLote2' versao='2.00'>https://homologacao.nfe.sefazvirtual.rs.gov.br/ws/Nferecepcao/NFeRecepcao2.asmx</NfeRecepcao2>
      <NfeRetRecepcao2 service='nfeRetRecepcao2' versao='2.00'>https://homologacao.nfe.sefazvirtual.rs.gov.br/ws/NfeRetRecepcao/NfeRetRecepcao2.asmx</NfeRetRecepcao2>
      <NfeCancelamento2 service='nfeCancelamentoNF2' versao='2.00'>https://homologacao.nfe.sefazvirtual.rs.gov.br/ws/NfeCancelamento/NfeCancelamento2.asmx</NfeCancelamento2>
      <NfeInutilizacao2 service='nfeInutilizacaoNF2' versao='2.00'>https://homologacao.nfe.sefazvirtual.rs.gov.br/ws/nfeinutilizacao/nfeinutilizacao2.asmx</NfeInutilizacao2>
      <NfeConsulta2 service='nfeConsultaNF2' versao='2.01'>https://homologacao.nfe.sefazvirtual.rs.gov.br/ws/NfeConsulta/NfeConsulta2.asmx</NfeConsulta2>
      <NfeStatusServico2 service='nfeStatusServicoNF2' versao='2.00'>https://homologacao.nfe.sefazvirtual.rs.gov.br/ws/NfeStatusServico/NfeStatusServico2.asmx</NfeStatusServico2>
      <CadConsultaCadastro2 service='' versao=''></CadConsultaCadastro2>
	  <RecepcaoEvento service='nfeRecepcaoEvento' versao='1.00'>https://homologacao.nfe.sefazvirtual.rs.gov.br/ws/recepcaoevento/recepcaoevento.asmx</RecepcaoEvento>
    </homologacao>
    <producao>
      <NfeRecepcao2 service='nfeRecepcaoLote2' versao='2.00'>https://nfe.sefazvirtual.rs.gov.br/ws/Nferecepcao/NFeRecepcao2.asmx</NfeRecepcao2>
      <NfeRetRecepcao2 service='nfeRetRecepcao2' versao='2.00'>https://nfe.sefazvirtual.rs.gov.br/ws/NfeRetRecepcao/NfeRetRecepcao2.asmx</NfeRetRecepcao2>
      <NfeCancelamento2 service='nfeCancelamentoNF2' versao='2.00'>https://nfe.sefazvirtual.rs.gov.br/ws/NfeCancelamento/NfeCancelamento2.asmx</NfeCancelamento2>
      <NfeInutilizacao2 service='nfeInutilizacaoNF2' versao='2.00'>https://nfe.sefazvirtual.rs.gov.br/ws/nfeinutilizacao/nfeinutilizacao2.asmx</NfeInutilizacao2>
      <NfeConsulta2 service='nfeConsultaNF2' versao='2.01'>https://nfe.sefazvirtual.rs.gov.br/ws/NfeConsulta/NfeConsulta2.asmx</NfeConsulta2>
      <NfeStatusServico2 service='nfeStatusServicoNF2' versao='2.00'>https://nfe.sefazvirtual.rs.gov.br/ws/NfeStatusServico/NfeStatusServico2.asmx</NfeStatusServico2>
      <CadConsultaCadastro2 service='' versao=''></CadConsultaCadastro2>
	  <RecepcaoEvento service='nfeRecepcaoEvento' versao='1.00'>https://nfe.sefazvirtual.rs.gov.br/ws/recepcaoevento/recepcaoevento.asmx</RecepcaoEvento>
    </producao>
  </UF>
  <UF>
    <sigla>AL</sigla>
    <!--  SEFAZ VIRTUAL RIO GRANDE DO SUL  -->
    <homologacao>
      <NfeRecepcao2 service='nfeRecepcaoLote2' versao='2.00'>https://homologacao.nfe.sefazvirtual.rs.gov.br/ws/Nferecepcao/NFeRecepcao2.asmx</NfeRecepcao2>
      <NfeRetRecepcao2 service='nfeRetRecepcao2' versao='2.00'>https://homologacao.nfe.sefazvirtual.rs.gov.br/ws/NfeRetRecepcao/NfeRetRecepcao2.asmx</NfeRetRecepcao2>
      <NfeCancelamento2 service='nfeCancelamentoNF2' versao='2.00'>https://homologacao.nfe.sefazvirtual.rs.gov.br/ws/NfeCancelamento/NfeCancelamento2.asmx</NfeCancelamento2>
      <NfeInutilizacao2 service='nfeInutilizacaoNF2' versao='2.00'>https://homologacao.nfe.sefazvirtual.rs.gov.br/ws/nfeinutilizacao/nfeinutilizacao2.asmx</NfeInutilizacao2>
      <NfeConsulta2 service='nfeConsultaNF2' versao='2.01'>https://homologacao.nfe.sefazvirtual.rs.gov.br/ws/NfeConsulta/NfeConsulta2.asmx</NfeConsulta2>
      <NfeStatusServico2 service='nfeStatusServicoNF2' versao='2.00'>https://homologacao.nfe.sefazvirtual.rs.gov.br/ws/NfeStatusServico/NfeStatusServico2.asmx</NfeStatusServico2>
      <CadConsultaCadastro2 service='' versao=''></CadConsultaCadastro2>
	  <RecepcaoEvento service='nfeRecepcaoEvento' versao='1.00'>https://homologacao.nfe.sefazvirtual.rs.gov.br/ws/recepcaoevento/recepcaoevento.asmx</RecepcaoEvento>
    </homologacao>
    <producao>
      <NfeRecepcao2 service='nfeRecepcaoLote2' versao='2.00'>https://nfe.sefazvirtual.rs.gov.br/ws/Nferecepcao/NFeRecepcao2.asmx</NfeRecepcao2>
      <NfeRetRecepcao2 service='nfeRetRecepcao2' versao='2.00'>https://nfe.sefazvirtual.rs.gov.br/ws/NfeRetRecepcao/NfeRetRecepcao2.asmx</NfeRetRecepcao2>
      <NfeCancelamento2 service='nfeCancelamentoNF2' versao='2.00'>https://nfe.sefazvirtual.rs.gov.br/ws/NfeCancelamento/NfeCancelamento2.asmx</NfeCancelamento2>
      <NfeInutilizacao2 service='nfeInutilizacaoNF2' versao='2.00'>https://nfe.sefazvirtual.rs.gov.br/ws/nfeinutilizacao/nfeinutilizacao2.asmx</NfeInutilizacao2>
      <NfeConsulta2 service='nfeConsultaNF2' versao='2.01'>https://nfe.sefazvirtual.rs.gov.br/ws/NfeConsulta/NfeConsulta2.asmx</NfeConsulta2>
      <NfeStatusServico2 service='nfeStatusServicoNF2' versao='2.00'>https://nfe.sefazvirtual.rs.gov.br/ws/NfeStatusServico/NfeStatusServico2.asmx</NfeStatusServico2>
      <CadConsultaCadastro2 service='' versao=''></CadConsultaCadastro2>
	  <RecepcaoEvento service='nfeRecepcaoEvento' versao='1.00'>https://nfe.sefazvirtual.rs.gov.br/ws/recepcaoevento/recepcaoevento.asmx</RecepcaoEvento>
    </producao>
  </UF>
  <UF>
    <sigla>AM</sigla>
    <homologacao>
      <NfeRecepcao2 service='nfeRecepcaoLote2' versao='2.00'>https://homnfe.sefaz.am.gov.br/ws/services/NfeRecepcao2</NfeRecepcao2>
      <NfeRetRecepcao2 service='nfeRetRecepcao2' versao='2.00'>https://homnfe.sefaz.am.gov.br/ws/services/NfeRetRecepcao2</NfeRetRecepcao2>
      <NfeCancelamento2 service='nfeCancelamentoNF2' versao='2.00'>https://homnfe.sefaz.am.gov.br/ws/services/NfeCancelamento2</NfeCancelamento2>
      <NfeInutilizacao2 service='nfeInutilizacaoNF2' versao='2.00'>https://homnfe.sefaz.am.gov.br/ws/services/NfeInutilizacao2</NfeInutilizacao2>
      <NfeConsulta2 service='nfeConsultaNF2' versao='2.01'>https://homnfe.sefaz.am.gov.br/ws/services/NfeConsulta2</NfeConsulta2>
      <NfeStatusServico2 service='nfeStatusServicoNF2' versao='2.00'>https://homnfe.sefaz.am.gov.br/ws/services/NfeStatusServico2</NfeStatusServico2>
      <CadConsultaCadastro2 service='cadconsultacadastro2' versao='2.00'>https://homnfe.sefaz.am.gov.br/services2/services/cadconsultacadastro2</CadConsultaCadastro2>
	  <RecepcaoEvento service='nfeRecepcaoEvento' versao='1.00'>https://homnfe.sefaz.am.gov.br/services2/services/RecepcaoEvento</RecepcaoEvento>
    </homologacao>
    <producao>
      <NfeRecepcao2 service='nfeRecepcaoLote2' versao='2.00'>https://nfe.sefaz.am.gov.br/ws/services/NfeRecepcao2</NfeRecepcao2>
      <NfeRetRecepcao2 service='nfeRetRecepcao2' versao='2.00'>https://nfe.sefaz.am.gov.br/ws/services/NfeRetRecepcao2</NfeRetRecepcao2>
      <NfeCancelamento2 service='nfeCancelamentoNF2' versao='2.00'>https://nfe.sefaz.am.gov.br/ws/services/NfeCancelamento2</NfeCancelamento2>
      <NfeInutilizacao2 service='nfeInutilizacaoNF2' versao='2.00'>https://nfe.sefaz.am.gov.br/ws/services/NfeInutilizacao2</NfeInutilizacao2>
      <NfeConsulta2 service='nfeConsultaNF2' versao='2.01'>https://nfe.sefaz.am.gov.br/ws/services/NfeConsulta2</NfeConsulta2>
      <NfeStatusServico2 service='nfeStatusServicoNF2' versao='2.00'>https://nfe.sefaz.am.gov.br/ws/services/NfeStatusServico2</NfeStatusServico2>
      <CadConsultaCadastro2 service='' versao='2.00'>https://nfe.sefaz.am.gov.br/services2/services/cadconsultacadastro2</CadConsultaCadastro2>
	  <RecepcaoEvento service='nfeRecepcaoEvento' versao='1.00'>https://nfe.sefaz.am.gov.br/services2/services/RecepcaoEvento</RecepcaoEvento>
    </producao>
  </UF>
  <UF>
    <sigla>AP</sigla>
    <!--  SEFAZ VIRTUAL RIO GRANDE DO SUL  -->
    <homologacao>
      <NfeRecepcao2 service='nfeRecepcaoLote2' versao='2.00'>https://homologacao.nfe.sefazvirtual.rs.gov.br/ws/Nferecepcao/NFeRecepcao2.asmx</NfeRecepcao2>
      <NfeRetRecepcao2 service='nfeRetRecepcao2' versao='2.00'>https://homologacao.nfe.sefazvirtual.rs.gov.br/ws/NfeRetRecepcao/NfeRetRecepcao2.asmx</NfeRetRecepcao2>
      <NfeCancelamento2 service='nfeCancelamentoNF2' versao='2.00'>https://homologacao.nfe.sefazvirtual.rs.gov.br/ws/NfeCancelamento/NfeCancelamento2.asmx</NfeCancelamento2>
      <NfeInutilizacao2 service='nfeInutilizacaoNF2' versao='2.00'>https://homologacao.nfe.sefazvirtual.rs.gov.br/ws/nfeinutilizacao/nfeinutilizacao2.asmx</NfeInutilizacao2>
      <NfeConsulta2 service='nfeConsultaNF2' versao='2.01'>https://homologacao.nfe.sefazvirtual.rs.gov.br/ws/NfeConsulta/NfeConsulta2.asmx</NfeConsulta2>
      <NfeStatusServico2 service='nfeStatusServicoNF2' versao='2.00'>https://homologacao.nfe.sefazvirtual.rs.gov.br/ws/NfeStatusServico/NfeStatusServico2.asmx</NfeStatusServico2>
      <CadConsultaCadastro2 service='' versao=''></CadConsultaCadastro2>
	  <RecepcaoEvento service='nfeRecepcaoEvento' versao='1.00'>https://homologacao.nfe.sefazvirtual.rs.gov.br/ws/recepcaoevento/recepcaoevento.asmx</RecepcaoEvento>
    </homologacao>
    <producao>
      <NfeRecepcao2 service='nfeRecepcaoLote2' versao='2.00'>https://nfe.sefazvirtual.rs.gov.br/ws/Nferecepcao/NFeRecepcao2.asmx</NfeRecepcao2>
      <NfeRetRecepcao2 service='nfeRetRecepcao2' versao='2.00'>https://nfe.sefazvirtual.rs.gov.br/ws/NfeRetRecepcao/NfeRetRecepcao2.asmx</NfeRetRecepcao2>
      <NfeCancelamento2 service='nfeCancelamentoNF2' versao='2.00'>https://nfe.sefazvirtual.rs.gov.br/ws/NfeCancelamento/NfeCancelamento2.asmx</NfeCancelamento2>
      <NfeInutilizacao2 service='nfeInutilizacaoNF2' versao='2.00'>https://nfe.sefazvirtual.rs.gov.br/ws/nfeinutilizacao/nfeinutilizacao2.asmx</NfeInutilizacao2>
      <NfeConsulta2 service='nfeConsultaNF2' versao='2.01'>https://nfe.sefazvirtual.rs.gov.br/ws/NfeConsulta/NfeConsulta2.asmx</NfeConsulta2>
      <NfeStatusServico2 service='nfeStatusServicoNF2' versao='2.00'>https://nfe.sefazvirtual.rs.gov.br/ws/NfeStatusServico/NfeStatusServico2.asmx</NfeStatusServico2>
      <CadConsultaCadastro2 service='' versao=''></CadConsultaCadastro2>
	  <RecepcaoEvento service='nfeRecepcaoEvento' versao='1.00'>https://nfe.sefazvirtual.rs.gov.br/ws/recepcaoevento/recepcaoevento.asmx</RecepcaoEvento>
    </producao>
  </UF>
  <UF>
    <sigla>BA</sigla>
    <homologacao>
      <NfeRecepcao2 service='nfeRecepcaoLote2' versao='2.00'>https://hnfe.sefaz.ba.gov.br/webservices/nfe/NfeRecepcao2.asmx</NfeRecepcao2>
      <NfeRetRecepcao2 service='nfeRetRecepcao2' versao='2.00'>https://hnfe.sefaz.ba.gov.br/webservices/nfe/NfeRetRecepcao2.asmx</NfeRetRecepcao2>
      <NfeCancelamento2 service='nfeCancelamentoNF2' versao='2.00'>https://hnfe.sefaz.ba.gov.br/webservices/nfe/NfeCancelamento2.asmx</NfeCancelamento2>
      <NfeInutilizacao2 service='nfeInutilizacaoNF2' versao='2.00'>https://hnfe.sefaz.ba.gov.br/webservices/nfe/NfeInutilizacao2.asmx</NfeInutilizacao2>
      <NfeConsulta2 service='nfeConsultaNF2' versao='2.01'>https://hnfe.sefaz.ba.gov.br/webservices/nfe/NfeConsulta2.asmx</NfeConsulta2>
      <NfeStatusServico2 service='NfeStatusServicoNF2' versao='2.00'>https://hnfe.sefaz.ba.gov.br/webservices/nfenw/NfeStatusServico2.asmx</NfeStatusServico2>
      <CadConsultaCadastro2 service='consultaCadastro2' versao='2.00'>https://hnfe.sefaz.ba.gov.br/webservices/nfenw/CadConsultaCadastro2.asmx</CadConsultaCadastro2>
	  <RecepcaoEvento service='nfeRecepcaoEvento' versao='1.00'>https://hnfe.sefaz.ba.gov.br/webservices/sre/RecepcaoEvento.asmx</RecepcaoEvento>
    </homologacao>
    <producao>
      <NfeRecepcao2 service='nfeRecepcaoLote2' versao='2.00'>https://nfe.sefaz.ba.gov.br/webservices/nfe/NfeRecepcao2.asmx</NfeRecepcao2>
      <NfeRetRecepcao2 service='nfeRetRecepcao2' versao='2.00'>https://nfe.sefaz.ba.gov.br/webservices/nfe/NfeRetRecepcao2.asmx</NfeRetRecepcao2>
      <NfeCancelamento2 service='nfeCancelamentoNF2' versao='2.00'>https://nfe.sefaz.ba.gov.br/webservices/nfe/NfeCancelamento2.asmx</NfeCancelamento2>
      <NfeInutilizacao2 service='nfeInutilizacaoNF2' versao='2.00'>https://nfe.sefaz.ba.gov.br/webservices/nfe/NfeInutilizacao2.asmx</NfeInutilizacao2>
      <NfeConsulta2 service='nfeConsultaNF2' versao='2.01'>https://nfe.sefaz.ba.gov.br/webservices/nfe/NfeConsulta2.asmx</NfeConsulta2>
      <NfeStatusServico2 service='nfeStatusServicoNF2' versao='2.00'>https://nfe.sefaz.ba.gov.br/webservices/nfe/NfeStatusServico2.asmx</NfeStatusServico2>
      <CadConsultaCadastro2 service='consultaCadastro2' versao='2.00'>https://nfe.sefaz.ba.gov.br/webservices/nfe/CadConsultaCadastro2.asmx</CadConsultaCadastro2>
	  <RecepcaoEvento service='nfeRecepcaoEvento' versao='1.00'>https://nfe.sefaz.ba.gov.br/webservices/sre/RecepcaoEvento.asmx</RecepcaoEvento>
    </producao>
  </UF>
  <UF>
    <sigla>CE</sigla>
    <homologacao>
      <NfeRecepcao2 service='nfeRecepcaoLote2' versao='2.00'>https://nfeh.sefaz.ce.gov.br/nfe2/services/NfeRecepcao2</NfeRecepcao2>
      <NfeRetRecepcao2 service='nfeRetRecepcao2' versao='2.00'>https://nfeh.sefaz.ce.gov.br/nfe2/services/NfeRetRecepcao2</NfeRetRecepcao2>
      <NfeCancelamento2 service='nfeCancelamentoNF2' versao='2.00'>https://nfeh.sefaz.ce.gov.br/nfe/services/NfeCancelamento2</NfeCancelamento2>
      <NfeInutilizacao2 service='nfeInutilizacaoNF2' versao='2.00'>https://nfeh.sefaz.ce.gov.br/nfe2/services/NfeInutilizacao2</NfeInutilizacao2>
      <NfeConsulta2 service='nfeConsultaNF2' versao='2.01'>https://nfeh.sefaz.ce.gov.br/nfe2/services/NfeConsulta2</NfeConsulta2>
      <NfeStatusServico2 service='nfeStatusServicoNF2' versao='2.00'>https://nfeh.sefaz.ce.gov.br/nfe2/services/NfeStatusServico2</NfeStatusServico2>
      <CadConsultaCadastro2 service='cadConsultaCadastro2' versao='2.00'>https://nfeh.sefaz.ce.gov.br/nfe2/services/CadConsultaCadastro2</CadConsultaCadastro2>
	  <RecepcaoEvento service='nfeRecepcaoEvento' versao='1.00'>https://nfeh.sefaz.ce.gov.br/nfe2/services/RecepcaoEvento</RecepcaoEvento>
    </homologacao>
    <producao>
      <NfeRecepcao2 service='nfeRecepcaoLote2' versao='2.00'>https://nfe.sefaz.ce.gov.br/nfe/services/NfeRecepcao2</NfeRecepcao2>
      <NfeRetRecepcao2 service='nfeRetRecepcao2' versao='2.00'>https://nfe.sefaz.ce.gov.br/nfe2/services/NfeRetRecepcao2</NfeRetRecepcao2>
      <NfeCancelamento2 service='nfeCancelamentoNF2' versao='2.00'>https://nfe.sefaz.ce.gov.br/nfe/services/NfeCancelamento2</NfeCancelamento2>
      <NfeInutilizacao2 service='nfeInutilizacaoNF2' versao='2.00'>https://nfe.sefaz.ce.gov.br/nfe2/services/NfeInutilizacao2</NfeInutilizacao2>
      <NfeConsulta2 service='nfeConsultaNF2' versao='2.00'>https://nfe.sefaz.ce.gov.br/nfe2/services/NfeConsulta2</NfeConsulta2>
      <NfeStatusServico2 service='nfeStatusServicoNF2' versao='2.00'>https://nfe.sefaz.ce.gov.br/nfe2/services/NfeStatusServico2</NfeStatusServico2>
      <CadConsultaCadastro2 service='cadConsultaCadastro2' versao='2.00'>https://nfe.sefaz.ce.gov.br/nfe2/services/CadConsultaCadastro2</CadConsultaCadastro2>
	  <RecepcaoEvento service='nfeRecepcaoEvento' versao='1.00'>https://nfe.sefaz.ce.gov.br/nfe2/services/RecepcaoEvento</RecepcaoEvento>
    </producao>
  </UF>
  <UF>
    <sigla>DF</sigla>
    <homologacao>
      <NfeRecepcao2 service='nfeRecepcaoLote2' versao='2.00'>https://homolog.nfe.fazenda.df.gov.br/nfe/ServiceRecepcao2.asmx</NfeRecepcao2>
      <NfeRetRecepcao2 service='nfeRetRecepcao2' versao='2.00'>https://homolog.nfe.fazenda.df.gov.br/nfe/ServiceRetRecepcao2.asmx</NfeRetRecepcao2>
      <NfeCancelamento2 service='nfeCancelamentoNF2' versao='2.00'>https://homolog.nfe.fazenda.df.gov.br/nfe/ServiceCancelamento2.asmx</NfeCancelamento2>
      <NfeInutilizacao2 service='nfeInutilizacaoNF2' versao='2.00'>https://homolog.nfe.fazenda.df.gov.br/nfe/ServiceInutilizacao2.asmx</NfeInutilizacao2>
      <NfeConsulta2 service='nfeConsultaNF2' versao='2.01'>https://homolog.nfe.fazenda.df.gov.br/nfe/ServiceConsulta2.asmx</NfeConsulta2>
      <NfeStatusServico2 service='nfeStatusServicoNF2' versao='2.00'>https://homolog.nfe.fazenda.df.gov.br/nfe/ServiceStatus2.asmx</NfeStatusServico2>
      <CadConsultaCadastro2 service='consultaCadastro2' versao='2.00'>https://homolog.nfe.fazenda.df.gov.br/nfe/ServiceConsultaCadastro2.asmx</CadConsultaCadastro2>
	  <RecepcaoEvento service='nfeRecepcaoEvento' versao='1.00'>https://homologacao.nfe.sefazvirtual.rs.gov.br/ws/recepcaoevento/recepcaoevento.asmx</RecepcaoEvento>
   </homologacao>
   <producao>
      <NfeRecepcao2 service='nfeRecepcaoLote2' versao='2.00'>https://dec.fazenda.df.gov.br/nfe/ServiceRecepcao2.asmx</NfeRecepcao2>
      <NfeRetRecepcao2 service='nfeRetRecepcao2' versao='2.00'>https://dec.fazenda.df.gov.br/nfe/ServiceRetRecepcao2.asmx</NfeRetRecepcao2>
      <NfeCancelamento2 service='nfeCancelamentoNF2' versao='2.00'>https://dec.fazenda.df.gov.br/nfe/ServiceCancelamento2.asmx</NfeCancelamento2>
      <NfeInutilizacao2 service='nfeInutilizacaoNF2' versao='2.00'>https://dec.fazenda.df.gov.br/nfe/ServiceInutilizacao2.asmx</NfeInutilizacao2>
      <NfeConsulta2 service='nfeConsultaNF2' versao='2.01'>https://dec.fazenda.df.gov.br/nfe/ServiceConsulta2.asmx</NfeConsulta2>
      <NfeStatusServico2 service='nfeStatusServicoNF2' versao='2.00'>https://dec.fazenda.df.gov.br/nfe/ServiceStatus2.asmx</NfeStatusServico2>
      <CadConsultaCadastro2 service='consultaCadastro2' versao='2.00'>https://dec.fazenda.df.gov.br/nfe/ServiceConsultaCadastro2.asmx</CadConsultaCadastro2>
	  <RecepcaoEvento service='nfeRecepcaoEvento' versao='1.00'>https://nfe.sefazvirtual.rs.gov.br/ws/recepcaoevento/recepcaoevento.asmx</RecepcaoEvento>
    </producao>
  </UF>
  <UF>
    <sigla>ES</sigla>
     <!--  SEFAZ VIRTUAL AMBIENTE NACIONAL  -->
    <homologacao>
      <NfeRecepcao2 service='nfeRecepcaoLote2' versao='2.00'>https://hom.sefazvirtual.fazenda.gov.br/NfeRecepcao2/NfeRecepcao2.asmx</NfeRecepcao2>
      <NfeRetRecepcao2 service='nfeRetRecepcao2' versao='2.00'>https://hom.sefazvirtual.fazenda.gov.br/NfeRetRecepcao2/NfeRetRecepcao2.asmx</NfeRetRecepcao2>
      <NfeCancelamento2 service='nfeCancelamentoNF2' versao='2.00'>https://hom.sefazvirtual.fazenda.gov.br/NfeCancelamento2/NfeCancelamento2.asmx</NfeCancelamento2>
      <NfeInutilizacao2 service='nfeInutilizacaoNF2' versao='2.00'>https://hom.sefazvirtual.fazenda.gov.br/NfeInutilizacao2/NfeInutilizacao2.asmx</NfeInutilizacao2>
      <NfeConsulta2 service='nfeConsultaNF2' versao='2.01'>https://hom.sefazvirtual.fazenda.gov.br/NfeConsulta2/NfeConsulta2.asmx</NfeConsulta2>
      <NfeStatusServico2 service='nfeStatusServicoNF2' versao='2.00'>https://hom.sefazvirtual.fazenda.gov.br/NfeStatusServico2/NfeStatusServico2.asmx</NfeStatusServico2>
      <CadConsultaCadastro2 service='' versao=''></CadConsultaCadastro2>
	  <RecepcaoEvento service='nfeRecepcaoEvento' versao='1.00'>https://hom.sefazvirtual.fazenda.gov.br/RecepcaoEvento/RecepcaoEvento.asmx</RecepcaoEvento>
    </homologacao>
    <producao>
      <NfeRecepcao2 service='nfeRecepcaoLote2' versao='2.00'>https://nfe.sefazvirtual.rs.gov.br/ws/Nferecepcao/NFeRecepcao2.asmx</NfeRecepcao2>
      <NfeRetRecepcao2 service='nfeRetRecepcao2' versao='2.00'>https://nfe.sefazvirtual.rs.gov.br/ws/NfeRetRecepcao/NfeRetRecepcao2.asmx</NfeRetRecepcao2>
      <NfeCancelamento2 service='nfeCancelamentoNF2' versao='2.00'>https://nfe.sefazvirtual.rs.gov.br/ws/NfeCancelamento/NfeCancelamento2.asmx</NfeCancelamento2>
      <NfeInutilizacao2 service='nfeInutilizacaoNF2' versao='2.00'>https://nfe.sefazvirtual.rs.gov.br/ws/nfeinutilizacao/nfeinutilizacao2.asmx</NfeInutilizacao2>
      <NfeConsulta2 service='nfeConsultaNF2' versao='2.01'>https://nfe.sefazvirtual.rs.gov.br/ws/NfeConsulta/NfeConsulta2.asmx</NfeConsulta2>
      <NfeStatusServico2 service='nfeStatusServicoNF2' versao='2.00'>https://nfe.sefazvirtual.rs.gov.br/ws/NfeStatusServico/NfeStatusServico2.asmx</NfeStatusServico2>
      <CadConsultaCadastro2 service='consultaCadastro2' versao='2.00'>https://svp-ws.sefazvirtual.rs.gov.br/ws/CadConsultaCadastro/CadConsultaCadastro2.asmx</CadConsultaCadastro2>
      <RecepcaoEvento service='nfeRecepcaoEvento' versao='1.00'>https://nfe.sefazvirtual.rs.gov.br/ws/recepcaoevento/recepcaoevento.asmx</RecepcaoEvento>
    </producao>
  </UF>
  <UF>
    <sigla>GO</sigla>
    <homologacao>
      <NfeRecepcao2 service='nfeRecepcaoLote2' versao='2.00'>https://homolog.sefaz.go.gov.br/nfe/services/NfeRecepcao2</NfeRecepcao2>
      <NfeRetRecepcao2 service='nfeRetRecepcao2' versao='2.00'>https://homolog.sefaz.go.gov.br/nfe/services/NfeRetRecepcao2</NfeRetRecepcao2>
      <NfeCancelamento2 service='nfeCancelamentoNF2' versao='2.00'>https://homolog.sefaz.go.gov.br/nfe/services/NfeCancelamento2</NfeCancelamento2>
      <NfeInutilizacao2 service='nfeInutilizacaoNF2' versao='2.00'>https://homolog.sefaz.go.gov.br/nfe/services/NfeInutilizacao2</NfeInutilizacao2>
      <NfeConsulta2 service='nfeConsultaNF2' versao='2.01'>https://homolog.sefaz.go.gov.br/nfe/services/NfeConsulta2</NfeConsulta2>
      <NfeStatusServico2 service='nfeStatusServicoNF2' versao='2.00'>https://homolog.sefaz.go.gov.br/nfe/services/NfeStatusServico2</NfeStatusServico2>
      <CadConsultaCadastro2 service='CadConsultaCadastro2' versao='2.00'>https://homolog.sefaz.go.gov.br/nfe/services/v2/CadConsultaCadastro2</CadConsultaCadastro2>
	  <RecepcaoEvento service='nfeRecepcaoEvento' versao='1.00'>https://homolog.sefaz.go.gov.br/nfe/services/v2/NfeRecepcaoEvento</RecepcaoEvento>
    </homologacao>
    <producao>
      <NfeRecepcao2 service='nfeRecepcaoLote2' versao='2.00'>https://nfe.sefaz.go.gov.br/nfe/services/v2/NfeRecepcao2</NfeRecepcao2>
      <NfeRetRecepcao2 service='nfeRetRecepcao2' versao='2.00'>https://nfe.sefaz.go.gov.br/nfe/services/v2/NfeRetRecepcao2</NfeRetRecepcao2>
      <NfeCancelamento2 service='nfeCancelamentoNF2' versao='2.00'>https://nfe.sefaz.go.gov.br/nfe/services/NfeCancelamento2</NfeCancelamento2>
      <NfeInutilizacao2 service='nfeInutilizacaoNF2' versao='2.00'>https://nfe.sefaz.go.gov.br/nfe/services/v2/NfeInutilizacao2</NfeInutilizacao2>
      <NfeConsulta2 service='nfeConsultaNF2' versao='2.01'>https://nfe.sefaz.go.gov.br/nfe/services/v2/NfeConsulta2</NfeConsulta2>
      <NfeStatusServico2 service='nfeStatusServicoNF2' versao='2.00'>https://nfe.sefaz.go.gov.br/nfe/services/v2/NfeStatusServico2</NfeStatusServico2>
      <CadConsultaCadastro2 service='cadconsultacadastro2' versao='2.00'>https://nfe.sefaz.go.gov.br/nfe/services/v2/CadConsultaCadastro2</CadConsultaCadastro2>
      <RecepcaoEvento service='nfeRecepcaoEvento' versao='1.00'>https://nfe.sefaz.go.gov.br/nfe/services/v2/RecepcaoEvento</RecepcaoEvento>
    </producao>
  </UF>
  <UF>
    <sigla>MA</sigla>
    <!--  SEFAZ VIRTUAL AMBIENTE NACIONAL  -->
    <homologacao>
      <NfeRecepcao2 service='nfeRecepcaoLote2' versao='2.00'>https://hom.sefazvirtual.fazenda.gov.br/NfeRecepcao2/NfeRecepcao2.asmx</NfeRecepcao2>
      <NfeRetRecepcao2 service='nfeRetRecepcao2' versao='2.00'>https://hom.sefazvirtual.fazenda.gov.br/NfeRetRecepcao2/NfeRetRecepcao2.asmx</NfeRetRecepcao2>
      <NfeCancelamento2 service='nfeCancelamentoNF2' versao='2.00'>https://hom.sefazvirtual.fazenda.gov.br/NfeCancelamento2/NfeCancelamento2.asmx</NfeCancelamento2>
      <NfeInutilizacao2 service='nfeInutilizacaoNF2' versao='2.00'>https://hom.sefazvirtual.fazenda.gov.br/NfeInutilizacao2/NfeInutilizacao2.asmx</NfeInutilizacao2>
      <NfeConsulta2 service='nfeConsultaNF2' versao='2.01'>https://hom.sefazvirtual.fazenda.gov.br/NfeConsulta2/NfeConsulta2.asmx</NfeConsulta2>
      <NfeStatusServico2 service='nfeStatusServicoNF2' versao='2.00'>https://hom.sefazvirtual.fazenda.gov.br/NfeStatusServico2/NfeStatusServico2.asmx</NfeStatusServico2>
      <CadConsultaCadastro2 service='' versao=''></CadConsultaCadastro2>
	  <RecepcaoEvento service='nfeRecepcaoEvento' versao='1.00'>https://hom.sefazvirtual.fazenda.gov.br/RecepcaoEvento/RecepcaoEvento.asmx</RecepcaoEvento>
    </homologacao>
    <producao>
      <NfeRecepcao2 service='nfeRecepcaoLote2' versao='2.00'>https://www.sefazvirtual.fazenda.gov.br/NfeRecepcao2/NfeRecepcao2.asmx</NfeRecepcao2>
      <NfeRetRecepcao2 service='nfeRetRecepcao2' versao='2.00'>https://www.sefazvirtual.fazenda.gov.br/NfeRetRecepcao2/NfeRetRecepcao2.asmx</NfeRetRecepcao2>
      <NfeCancelamento2 service='nfeCancelamentoNF2' versao='2.00'>https://www.sefazvirtual.fazenda.gov.br/NfeCancelamento2/NfeCancelamento2.asmx</NfeCancelamento2>
      <NfeInutilizacao2 service='nfeInutilizacaoNF2' versao='2.00'>https://www.sefazvirtual.fazenda.gov.br/NfeInutilizacao2/NfeInutilizacao2.asmx</NfeInutilizacao2>
      <NfeConsulta2 service='nfeConsultaNF2' versao='2.01'>https://www.sefazvirtual.fazenda.gov.br/NfeConsulta2/NfeConsulta2.asmx</NfeConsulta2>
      <NfeStatusServico2 service='nfeStatusServicoNF2' versao='2.00'>https://www.sefazvirtual.fazenda.gov.br/NfeStatusServico2/NfeStatusServico2.asmx</NfeStatusServico2>
      <CadConsultaCadastro2 service='' versao=''></CadConsultaCadastro2>
	  <RecepcaoEvento service='nfeRecepcaoEvento' versao='1.00'>https://www.sefazvirtual.fazenda.gov.br/RecepcaoEvento/RecepcaoEvento.asmx</RecepcaoEvento>
    </producao>
  </UF>
  <UF>
    <sigla>MG</sigla>
    <homologacao>
      <NfeRecepcao2 service='nfeRecepcaoLote2' versao='2.00'>https://hnfe.fazenda.mg.gov.br/nfe/services/NfeRecepcao2</NfeRecepcao2>
      <NfeRetRecepcao2 service='nfeRetRecepcao2' versao='2.00'>https://hnfe.fazenda.mg.gov.br/nfe/services/NfeRetRecepcao2</NfeRetRecepcao2>
      <NfeCancelamento2 service='nfeCancelamentoNF2' versao='2.00'>https://hnfe.fazenda.mg.gov.br/nfe/services/NfeCancelamento2</NfeCancelamento2>
      <NfeInutilizacao2 service='nfeInutilizacaoNF2' versao='2.00'>https://hnfe.fazenda.mg.gov.br/nfe/services/NfeInutilizacao2</NfeInutilizacao2>
      <NfeConsulta2 service='nfeConsultaNF2' versao='2.01'>https://hnfe.fazenda.mg.gov.br/nfe/services/NfeConsulta2</NfeConsulta2>
      <NfeStatusServico2 service='nfeStatusServicoNF2' versao='2.00'>https://hnfe.fazenda.mg.gov.br/nfe/services/NfeStatusServico2</NfeStatusServico2>
      <CadConsultaCadastro2 service='consultaCadastro2' versao='2.00'>https://hnfe.fazenda.mg.gov.br/nfe2/services/cadconsultacadastro2</CadConsultaCadastro2>
	  <RecepcaoEvento service='nfeRecepcaoEvento' versao='1.00'>https://hnfe.fazenda.mg.gov.br/nfe2/services/RecepcaoEvento</RecepcaoEvento>
    </homologacao>
    <producao>
      <NfeRecepcao2 service='nfeRecepcaoLote2' versao='2.00'>https://nfe.fazenda.mg.gov.br/nfe2/services/NfeRecepcao2</NfeRecepcao2>
      <NfeRetRecepcao2 service='nfeRetRecepcao2' versao='2.00'>https://nfe.fazenda.mg.gov.br/nfe2/services/NfeRetRecepcao2</NfeRetRecepcao2>
      <NfeCancelamento2 service='nfeCancelamentoNF2' versao='2.00'>https://nfe.fazenda.mg.gov.br/nfe/services/NfeCancelamento2</NfeCancelamento2>
      <NfeInutilizacao2 service='nfeInutilizacaoNF2' versao='2.00'>https://nfe.fazenda.mg.gov.br/nfe2/services/NfeInutilizacao2</NfeInutilizacao2>
      <NfeConsulta2 service='nfeConsultaNF2' versao='2.01'>https://nfe.fazenda.mg.gov.br/nfe2/services/NfeConsulta2</NfeConsulta2>
      <NfeStatusServico2 service='nfeStatusServicoNF2' versao='2.00'>https://nfe.fazenda.mg.gov.br/nfe2/services/NfeStatus2</NfeStatusServico2>
      <CadConsultaCadastro2 service='consultaCadastro2' versao='2.00'>https://nfe.fazenda.mg.gov.br/nfe2/services/cadconsultacadastro2</CadConsultaCadastro2>
	  <RecepcaoEvento service='nfeRecepcaoEvento' versao='1.00'>https://nfe.fazenda.mg.gov.br/nfe2/services/RecepcaoEvento</RecepcaoEvento>
    </producao>
  </UF>
  <UF>
    <sigla>MS</sigla>
    <homologacao>
      <NfeRecepcao2 service='nfeRecepcaoLote2' versao='2.00'>https://homologacao.nfe.ms.gov.br/homologacao/services/NfeRecepcao2</NfeRecepcao2>
      <NfeRetRecepcao2 service='nfeRetRecepcao2' versao='2.00'>https://homologacao.nfe.ms.gov.br/homologacao/services/NfeRetRecepcao2</NfeRetRecepcao2>
      <NfeCancelamento2 service='nfeCancelamentoNF2' versao='2.00'>https://homologacao.nfe.ms.gov.br/homologacao/services/NfeCancelamento2</NfeCancelamento2>
      <NfeInutilizacao2 service='nfeInutilizacaoNF2' versao='2.00'>https://homologacao.nfe.ms.gov.br/homologacao/services/NfeInutilizacao2</NfeInutilizacao2>
      <NfeConsulta2 service='nfeConsultaNF2' versao='2.01'>https://homologacao.nfe.ms.gov.br/homologacao/services/NfeConsulta2</NfeConsulta2>
      <NfeStatusServico2 service='nfeStatusServicoNF2' versao='2.00'>https://homologacao.nfe.ms.gov.br/homologacao/services/NfeStatusServico2</NfeStatusServico2>
      <CadConsultaCadastro2 service='consultaCadastro2' versao='2.00'>https://homologacao.nfe.ms.gov.br/homologacao/services2/CadConsultaCadastro2</CadConsultaCadastro2>
	  <RecepcaoEvento service='nfeRecepcaoEvento' versao='1.00'>https://homologacao.nfe.ms.gov.br/homologacao/services2/RecepcaoEvento</RecepcaoEvento>
    </homologacao>
    <producao>
      <NfeRecepcao2 service='nfeRecepcaoLote2' versao='2.00'>https://producao.nfe.ms.gov.br/producao/services/NfeRecepcao2</NfeRecepcao2>
      <NfeRetRecepcao2 service='nfeRetRecepcao2' versao='2.00'>https://producao.nfe.ms.gov.br/producao/services/NfeRetRecepcao2</NfeRetRecepcao2>
      <NfeCancelamento2 service='nfeCancelamentoNF2' versao='2.00'>https://producao.nfe.ms.gov.br/producao/services/NfeCancelamento2</NfeCancelamento2>
      <NfeInutilizacao2 service='nfeInutilizacaoNF2' versao='2.00'>https://producao.nfe.ms.gov.br/producao/services/NfeInutilizacao2</NfeInutilizacao2>
      <NfeConsulta2 service='nfeConsultaNF2' versao='2.01'>https://producao.nfe.ms.gov.br/producao/services/NfeConsulta2</NfeConsulta2>
      <NfeStatusServico2 service='nfeStatusServicoNF2' versao='2.00'>https://producao.nfe.ms.gov.br/producao/services/NfeStatusServico2</NfeStatusServico2>
      <CadConsultaCadastro2 service='' versao=''></CadConsultaCadastro2>
	  <RecepcaoEvento service='nfeRecepcaoEvento' versao='1.00'>https://nfe.fazenda.ms.gov.br/producao/services2/RecepcaoEvento</RecepcaoEvento>
    </producao>
  </UF>
  <UF>
    <sigla>MT</sigla>
    <homologacao>
      <NfeRecepcao2 service='nfeRecepcaoLote2' versao='2.00'>https://homologacao.sefaz.mt.gov.br/nfews/NfeRecepcao2</NfeRecepcao2>
      <NfeRetRecepcao2 service='nfeRetRecepcao2' versao='2.00'>https://homologacao.sefaz.mt.gov.br/nfews/NfeRetRecepcao2</NfeRetRecepcao2>
      <NfeCancelamento2 service='nfeCancelamentoNF2' versao='2.00'>https://homologacao.sefaz.mt.gov.br/nfews/NfeCancelamento2</NfeCancelamento2>
      <NfeInutilizacao2 service='nfeInutilizacaoNF2' versao='2.00'>https://homologacao.sefaz.mt.gov.br/nfews/NfeInutilizacao2</NfeInutilizacao2>
      <NfeConsulta2 service='nfeConsultaNF2' versao='2.01'>https://homologacao.sefaz.mt.gov.br/nfews/NfeConsulta2</NfeConsulta2>
      <NfeStatusServico2 service='nfeStatusServicoNF2' versao='2.00'>https://homologacao.sefaz.mt.gov.br/nfews/NfeStatusServico2</NfeStatusServico2>
      <CadConsultaCadastro2 service='' versao=''></CadConsultaCadastro2>
	  <RecepcaoEvento service='nfeRecepcaoEvento' versao='1.00'>https://homologacao.sefaz.mt.gov.br/nfews/v2/services/RecepcaoEvento</RecepcaoEvento>
    </homologacao>
    <producao>
      <NfeRecepcao2 service='nfeRecepcaoLote2' versao='2.00'>https://nfe.sefaz.mt.gov.br/nfews/NfeRecepcao2</NfeRecepcao2>
      <NfeRetRecepcao2 service='nfeRetRecepcao2' versao='2.00'>https://nfe.sefaz.mt.gov.br/nfews/NfeRetRecepcao2</NfeRetRecepcao2>
      <NfeCancelamento2 service='nfeCancelamentoNF2' versao='2.00'>https://nfe.sefaz.mt.gov.br/nfews/NfeCancelamento2</NfeCancelamento2>
      <NfeInutilizacao2 service='nfeInutilizacaoNF2' versao='2.00'>https://nfe.sefaz.mt.gov.br/nfews/NfeInutilizacao2</NfeInutilizacao2>
      <NfeConsulta2 service='nfeConsultaNF2' versao='2.01'>https://nfe.sefaz.mt.gov.br/nfews/NfeConsulta2</NfeConsulta2>
      <NfeStatusServico2 service='nfeStatusServicoNF2' versao='2.00'>https://nfe.sefaz.mt.gov.br/nfews/NfeStatusServico2</NfeStatusServico2>
      <CadConsultaCadastro2 service='consultaCadastro2' versao='2.00'>https://nfe.sefaz.mt.gov.br/nfews/CadConsultaCadastro2</CadConsultaCadastro2>
	  <RecepcaoEvento service='nfeRecepcaoEvento' versao='1.00'>https://nfe.sefaz.mt.gov.br/nfews/v2/services/RecepcaoEvento</RecepcaoEvento>
    </producao>
  </UF>
  <UF>
    <sigla>PA</sigla>
    <!--  SEFAZ VIRTUAL AMBIENTE NACIONAL  -->
    <homologacao>
      <NfeRecepcao2 service='nfeRecepcaoLote2' versao='2.00'>https://hom.sefazvirtual.fazenda.gov.br/NfeRecepcao2/NfeRecepcao2.asmx</NfeRecepcao2>
      <NfeRetRecepcao2 service='nfeRetRecepcao2' versao='2.00'>https://hom.sefazvirtual.fazenda.gov.br/NfeRetRecepcao2/NfeRetRecepcao2.asmx</NfeRetRecepcao2>
      <NfeCancelamento2 service='nfeCancelamentoNF2' versao='2.00'>https://hom.sefazvirtual.fazenda.gov.br/NfeCancelamento2/NfeCancelamento2.asmx</NfeCancelamento2>
      <NfeInutilizacao2 service='nfeInutilizacaoNF2' versao='2.00'>https://hom.sefazvirtual.fazenda.gov.br/NfeInutilizacao2/NfeInutilizacao2.asmx</NfeInutilizacao2>
      <NfeConsulta2 service='nfeConsultaNF2' versao='2.01'>https://hom.sefazvirtual.fazenda.gov.br/NfeConsulta2/NfeConsulta2.asmx</NfeConsulta2>
      <NfeStatusServico2 service='nfeStatusServicoNF2' versao='2.00'>https://hom.sefazvirtual.fazenda.gov.br/NfeStatusServico2/NfeStatusServico2.asmx</NfeStatusServico2>
      <CadConsultaCadastro2 service='' versao=''></CadConsultaCadastro2>
	  <RecepcaoEvento service='nfeRecepcaoEvento' versao='1.00'>https://hom.sefazvirtual.fazenda.gov.br/RecepcaoEvento/RecepcaoEvento.asmx</RecepcaoEvento>
    </homologacao>
    <producao>
      <NfeRecepcao2 service='nfeRecepcaoLote2' versao='2.00'>https://www.sefazvirtual.fazenda.gov.br/NfeRecepcao2/NfeRecepcao2.asmx</NfeRecepcao2>
      <NfeRetRecepcao2 service='nfeRetRecepcao2' versao='2.00'>https://www.sefazvirtual.fazenda.gov.br/NfeRetRecepcao2/NfeRetRecepcao2.asmx</NfeRetRecepcao2>
      <NfeCancelamento2 service='nfeCancelamentoNF2' versao='2.00'>https://www.sefazvirtual.fazenda.gov.br/NfeCancelamento2/NfeCancelamento2.asmx</NfeCancelamento2>
      <NfeInutilizacao2 service='nfeInutilizacaoNF2' versao='2.00'>https://www.sefazvirtual.fazenda.gov.br/NfeInutilizacao2/NfeInutilizacao2.asmx</NfeInutilizacao2>
      <NfeConsulta2 service='nfeConsultaNF2' versao='2.01'>https://www.sefazvirtual.fazenda.gov.br/NfeConsulta2/NfeConsulta2.asmx</NfeConsulta2>
      <NfeStatusServico2 service='nfeStatusServicoNF2' versao='2.00'>https://www.sefazvirtual.fazenda.gov.br/NfeStatusServico2/NfeStatusServico2.asmx</NfeStatusServico2>
      <CadConsultaCadastro2 service='' versao=''></CadConsultaCadastro2>
	  <RecepcaoEvento service='nfeRecepcaoEvento' versao='1.00'>https://www.sefazvirtual.fazenda.gov.br/RecepcaoEvento/RecepcaoEvento.asmx</RecepcaoEvento>
    </producao>
  </UF>
  <UF>
    <sigla>PB</sigla>
    <!--  SEFAZ VIRTUAL RIO GRANDE DO SUL  -->
    <homologacao>
      <NfeRecepcao2 service='nfeRecepcaoLote2' versao='2.00'>https://homologacao.nfe.sefazvirtual.rs.gov.br/ws/Nferecepcao/NFeRecepcao2.asmx</NfeRecepcao2>
      <NfeRetRecepcao2 service='nfeRetRecepcao2' versao='2.00'>https://homologacao.nfe.sefazvirtual.rs.gov.br/ws/NfeRetRecepcao/NfeRetRecepcao2.asmx</NfeRetRecepcao2>
      <NfeCancelamento2 service='nfeCancelamentoNF2' versao='2.00'>https://homologacao.nfe.sefazvirtual.rs.gov.br/ws/NfeCancelamento/NfeCancelamento2.asmx</NfeCancelamento2>
      <NfeInutilizacao2 service='nfeInutilizacaoNF2' versao='2.00'>https://homologacao.nfe.sefazvirtual.rs.gov.br/ws/nfeinutilizacao/nfeinutilizacao2.asmx</NfeInutilizacao2>
      <NfeConsulta2 service='nfeConsultaNF2' versao='2.01'>https://homologacao.nfe.sefazvirtual.rs.gov.br/ws/NfeConsulta/NfeConsulta2.asmx</NfeConsulta2>
      <NfeStatusServico2 service='nfeStatusServicoNF2' versao='2.00'>https://homologacao.nfe.sefazvirtual.rs.gov.br/ws/NfeStatusServico/NfeStatusServico2.asmx</NfeStatusServico2>
      <CadConsultaCadastro2 service='' versao=''></CadConsultaCadastro2>
	  <RecepcaoEvento service='nfeRecepcaoEvento' versao='1.00'>https://homologacao.nfe.sefazvirtual.rs.gov.br/ws/recepcaoevento/recepcaoevento.asmx</RecepcaoEvento>
    </homologacao>
    <producao>
      <NfeRecepcao2 service='nfeRecepcaoLote2' versao='2.00'>https://nfe.sefazvirtual.rs.gov.br/ws/Nferecepcao/NFeRecepcao2.asmx</NfeRecepcao2>
      <NfeRetRecepcao2 service='nfeRetRecepcao2' versao='2.00'>https://nfe.sefazvirtual.rs.gov.br/ws/NfeRetRecepcao/NfeRetRecepcao2.asmx</NfeRetRecepcao2>
      <NfeCancelamento2 service='nfeCancelamentoNF2' versao='2.00'>https://nfe.sefazvirtual.rs.gov.br/ws/NfeCancelamento/NfeCancelamento2.asmx</NfeCancelamento2>
      <NfeInutilizacao2 service='nfeInutilizacaoNF2' versao='2.00'>https://nfe.sefazvirtual.rs.gov.br/ws/nfeinutilizacao/nfeinutilizacao2.asmx</NfeInutilizacao2>
      <NfeConsulta2 service='nfeConsultaNF2' versao='2.01'>https://nfe.sefazvirtual.rs.gov.br/ws/NfeConsulta/NfeConsulta2.asmx</NfeConsulta2>
      <NfeStatusServico2 service='nfeStatusServicoNF2' versao='2.00'>https://nfe.sefazvirtual.rs.gov.br/ws/NfeStatusServico/NfeStatusServico2.asmx</NfeStatusServico2>
      <CadConsultaCadastro2 service='' versao=''></CadConsultaCadastro2>
	  <RecepcaoEvento service='nfeRecepcaoEvento' versao='1.00'>https://nfe.sefazvirtual.rs.gov.br/ws/recepcaoevento/recepcaoevento.asmx</RecepcaoEvento>
    </producao>
  </UF>
  <UF>
    <sigla>PE</sigla>
    <homologacao>
      <NfeRecepcao2 service='nfeRecepcaoLote2' versao='2.00'>https://nfehomolog.sefaz.pe.gov.br/nfe-service/services/NfeRecepcao2</NfeRecepcao2>
      <NfeRetRecepcao2 service='nfeRetRecepcao2' versao='2.00'>https://nfehomolog.sefaz.pe.gov.br/nfe-service/services/NfeRetRecepcao2</NfeRetRecepcao2>
      <NfeCancelamento2 service='nfeCancelamentoNF2' versao='2.00'>https://nfehomolog.sefaz.pe.gov.br/nfe-service/services/NfeCancelamento2</NfeCancelamento2>
      <NfeInutilizacao2 service='nfeInutilizacaoNF2' versao='2.00'>https://nfehomolog.sefaz.pe.gov.br/nfe-service/services/NfeInutilizacao2</NfeInutilizacao2>
      <NfeConsulta2 service='nfeConsultaNF2' versao='2.01'>https://nfehomolog.sefaz.pe.gov.br/nfe-service/services/NfeConsulta2</NfeConsulta2>
      <NfeStatusServico2 service='nfeStatusServicoNF2' versao='2.00'>https://nfehomolog.sefaz.pe.gov.br/nfe-service/services/NfeStatusServico2</NfeStatusServico2>
      <CadConsultaCadastro2 service='consultaCadastro2' versao='2.00'>https://nfehomolog.sefaz.pe.gov.br/nfe-service/services/CadConsultaCadastro2</CadConsultaCadastro2>
	  <RecepcaoEvento service='nfeRecepcaoEvento' versao='1.00'>https://nfehomolog.sefaz.pe.gov.br/nfe-service/services/RecepcaoEvento</RecepcaoEvento>
    </homologacao>
    <producao>
      <NfeRecepcao2 service='nfeRecepcaoLote2' versao='2.00'>https://nfe.sefaz.pe.gov.br/nfe-service/services/NfeRecepcao2</NfeRecepcao2>
      <NfeRetRecepcao2 service='nfeRetRecepcao2' versao='2.00'>https://nfe.sefaz.pe.gov.br/nfe-service/services/NfeRetRecepcao2</NfeRetRecepcao2>
      <NfeCancelamento2 service='nfeCancelamentoNF2' versao='2.00'>https://nfe.sefaz.pe.gov.br/nfe-service/services/NfeCancelamento2</NfeCancelamento2>
      <NfeInutilizacao2 service='nfeInutilizacaoNF2' versao='2.00'>https://nfe.sefaz.pe.gov.br/nfe-service/services/NfeInutilizacao2</NfeInutilizacao2>
      <NfeConsulta2 service='nfeConsultaNF2' versao='2.01'>https://nfe.sefaz.pe.gov.br/nfe-service/services/NfeConsulta2</NfeConsulta2>
      <NfeStatusServico2 service='nfeStatusServicoNF2' versao='2.00'>https://nfe.sefaz.pe.gov.br/nfe-service/services/NfeStatusServico2</NfeStatusServico2>
      <CadConsultaCadastro2 service='consultaCadastro2' versao='2.00'>https://nfe.sefaz.pe.gov.br/nfe-service/services/CadConsultaCadastro2</CadConsultaCadastro2>
	  <RecepcaoEvento service='nfeRecepcaoEvento' versao='1.00'>https://nfe.sefaz.pe.gov.br/nfe-service/services/RecepcaoEvento</RecepcaoEvento>
    </producao>
  </UF>
  <UF>
    <sigla>PI</sigla>
    <!--  SEFAZ VIRTUAL AMBIENTE NACIONAL  -->
    <homologacao>
      <NfeRecepcao2 service='nfeRecepcaoLote2' versao='2.00'>https://hom.sefazvirtual.fazenda.gov.br/NfeRecepcao2/NfeRecepcao2.asmx</NfeRecepcao2>
      <NfeRetRecepcao2 service='nfeRetRecepcao2' versao='2.00'>https://hom.sefazvirtual.fazenda.gov.br/NfeRetRecepcao2/NfeRetRecepcao2.asmx</NfeRetRecepcao2>
      <NfeCancelamento2 service='nfeCancelamentoNF2' versao='2.00'>https://hom.sefazvirtual.fazenda.gov.br/NfeCancelamento2/NfeCancelamento2.asmx</NfeCancelamento2>
      <NfeInutilizacao2 service='nfeInutilizacaoNF2' versao='2.00'>https://hom.sefazvirtual.fazenda.gov.br/NfeInutilizacao2/NfeInutilizacao2.asmx</NfeInutilizacao2>
      <NfeConsulta2 service='nfeConsultaNF2' versao='2.01'>https://hom.sefazvirtual.fazenda.gov.br/NfeConsulta2/NfeConsulta2.asmx</NfeConsulta2>
      <NfeStatusServico2 service='nfeStatusServicoNF2' versao='2.00'>https://hom.sefazvirtual.fazenda.gov.br/NfeStatusServico2/NfeStatusServico2.asmx</NfeStatusServico2>
      <CadConsultaCadastro2 service='' versao=''></CadConsultaCadastro2>
	  <RecepcaoEvento service='nfeRecepcaoEvento' versao='1.00'>https://hom.sefazvirtual.fazenda.gov.br/RecepcaoEvento/RecepcaoEvento.asmx</RecepcaoEvento>
    </homologacao>
    <producao>
      <NfeRecepcao2 service='nfeRecepcaoLote2' versao='2.00'>https://www.sefazvirtual.fazenda.gov.br/NfeRecepcao2/NfeRecepcao2.asmx</NfeRecepcao2>
      <NfeRetRecepcao2 service='nfeRetRecepcao2' versao='2.00'>https://www.sefazvirtual.fazenda.gov.br/NfeRetRecepcao2/NfeRetRecepcao2.asmx</NfeRetRecepcao2>
      <NfeCancelamento2 service='nfeCancelamentoNF2' versao='2.00'>https://www.sefazvirtual.fazenda.gov.br/NfeCancelamento2/NfeCancelamento2.asmx</NfeCancelamento2>
      <NfeInutilizacao2 service='nfeInutilizacaoNF2' versao='2.00'>https://www.sefazvirtual.fazenda.gov.br/NfeInutilizacao2/NfeInutilizacao2.asmx</NfeInutilizacao2>
      <NfeConsulta2 service='nfeConsultaNF2' versao='2.01'>https://www.sefazvirtual.fazenda.gov.br/NfeConsulta2/NfeConsulta2.asmx</NfeConsulta2>
      <NfeStatusServico2 service='nfeStatusServicoNF2' versao='2.00'>https://www.sefazvirtual.fazenda.gov.br/NfeStatusServico2/NfeStatusServico2.asmx</NfeStatusServico2>
      <CadConsultaCadastro2 service='' versao=''></CadConsultaCadastro2>
	  <RecepcaoEvento service='nfeRecepcaoEvento' versao='1.00'>https://www.sefazvirtual.fazenda.gov.br/RecepcaoEvento/RecepcaoEvento.asmx</RecepcaoEvento>
    </producao>
  </UF>
  <UF>
    <sigla>PR</sigla>
    <homologacao>
      <NfeRecepcao2 service='nfeRecepcaoLote2' versao='2.00'>https://homologacao.nfe2.fazenda.pr.gov.br/nfe/NFeRecepcao2</NfeRecepcao2>
      <NfeRetRecepcao2 service='nfeRetRecepcao2' versao='2.00'>https://homologacao.nfe2.fazenda.pr.gov.br/nfe/NFeRetRecepcao2</NfeRetRecepcao2>
      <NfeCancelamento2 service='nfeCancelamentoNF2' versao='2.00'>https://homologacao.nfe2.fazenda.pr.gov.br/nfe/NFeCancelamento2</NfeCancelamento2>
      <NfeInutilizacao2 service='nfeInutilizacaoNF2' versao='2.00'>https://homologacao.nfe2.fazenda.pr.gov.br/nfe/NFeInutilizacao2</NfeInutilizacao2>
      <NfeConsulta2 service='nfeConsultaNF2' versao='2.01'>https://homologacao.nfe2.fazenda.pr.gov.br/nfe/NFeConsulta2</NfeConsulta2>
      <NfeStatusServico2 service='nfeStatusServicoNF2' versao='2.00'>https://homologacao.nfe2.fazenda.pr.gov.br/nfe/NFeStatusServico2</NfeStatusServico2>
      <CadConsultaCadastro2 service='consultaCadastro2' versao='2.00'>https://homologacao.nfe2.fazenda.pr.gov.br/nfe/CadConsultaCadastro2</CadConsultaCadastro2>
	  <RecepcaoEvento service='nfeRecepcaoEvento' versao='1.00'>https://homologacao.nfe2.fazenda.pr.gov.br/nfe-evento/NFeRecepcaoEvento</RecepcaoEvento>
    </homologacao>
    <producao>
      <NfeRecepcao2 service='nfeRecepcaoLote2' versao='2.00'>https://nfe2.fazenda.pr.gov.br/nfe/NFeRecepcao2</NfeRecepcao2>
      <NfeRetRecepcao2 service='nfeRetRecepcao2' versao='2.00'>https://nfe2.fazenda.pr.gov.br/nfe/NFeRetRecepcao2</NfeRetRecepcao2>
      <NfeCancelamento2 service='nfeCancelamentoNF2' versao='2.00'>https://nfe2.fazenda.pr.gov.br/nfe/NFeCancelamento2</NfeCancelamento2>
      <NfeInutilizacao2 service='nfeInutilizacaoNF2' versao='2.00'>https://nfe2.fazenda.pr.gov.br/nfe/NFeInutilizacao2</NfeInutilizacao2>
      <NfeConsulta2 service='nfeConsultaNF2' versao='2.01'>https://nfe2.fazenda.pr.gov.br/nfe/NFeConsulta2</NfeConsulta2>
      <NfeStatusServico2 service='nfeStatusServicoNF2' versao='2.00'>https://nfe2.fazenda.pr.gov.br/nfe/NFeStatusServico2</NfeStatusServico2>
      <CadConsultaCadastro2 service='consultaCadastro2' versao='2.00'>https://nfe2.fazenda.pr.gov.br/nfe/CadConsultaCadastro2</CadConsultaCadastro2>
	  <RecepcaoEvento service='nfeRecepcaoEvento' versao='1.00'>https://nfe2.fazenda.pr.gov.br/nfe-evento/NFeRecepcaoEvento</RecepcaoEvento>
    </producao>
  </UF>
  <UF>
    <sigla>RJ</sigla>
    <!--  SEFAZ VIRTUAL RIO GRANDE DO SUL  -->
    <homologacao>
      <NfeRecepcao2 service='nfeRecepcaoLote2' versao='2.00'>https://homologacao.nfe.sefazvirtual.rs.gov.br/ws/Nferecepcao/NFeRecepcao2.asmx</NfeRecepcao2>
      <NfeRetRecepcao2 service='nfeRetRecepcao2' versao='2.00'>https://homologacao.nfe.sefazvirtual.rs.gov.br/ws/NfeRetRecepcao/NfeRetRecepcao2.asmx</NfeRetRecepcao2>
      <NfeCancelamento2 service='nfeCancelamentoNF2' versao='2.00'>https://homologacao.nfe.sefazvirtual.rs.gov.br/ws/NfeCancelamento/NfeCancelamento2.asmx</NfeCancelamento2>
      <NfeInutilizacao2 service='nfeInutilizacaoNF2' versao='2.00'>https://homologacao.nfe.sefazvirtual.rs.gov.br/ws/nfeinutilizacao/nfeinutilizacao2.asmx</NfeInutilizacao2>
      <NfeConsulta2 service='nfeConsultaNF2' versao='2.01'>https://homologacao.nfe.sefazvirtual.rs.gov.br/ws/NfeConsulta/NfeConsulta2.asmx</NfeConsulta2>
      <NfeStatusServico2 service='nfeStatusServicoNF2' versao='2.00'>https://homologacao.nfe.sefazvirtual.rs.gov.br/ws/NfeStatusServico/NfeStatusServico2.asmx</NfeStatusServico2>
      <CadConsultaCadastro2 service='' versao=''></CadConsultaCadastro2>
	  <RecepcaoEvento service='nfeRecepcaoEvento' versao='1.00'>https://homologacao.nfe.sefazvirtual.rs.gov.br/ws/recepcaoevento/recepcaoevento.asmx</RecepcaoEvento>
    </homologacao>
    <producao>
      <NfeRecepcao2 service='nfeRecepcaoLote2' versao='2.00'>https://nfe.sefazvirtual.rs.gov.br/ws/Nferecepcao/NFeRecepcao2.asmx</NfeRecepcao2>
      <NfeRetRecepcao2 service='nfeRetRecepcao2' versao='2.00'>https://nfe.sefazvirtual.rs.gov.br/ws/NfeRetRecepcao/NfeRetRecepcao2.asmx</NfeRetRecepcao2>
      <NfeCancelamento2 service='nfeCancelamentoNF2' versao='2.00'>https://nfe.sefazvirtual.rs.gov.br/ws/NfeCancelamento/NfeCancelamento2.asmx</NfeCancelamento2>
      <NfeInutilizacao2 service='nfeInutilizacaoNF2' versao='2.00'>https://nfe.sefazvirtual.rs.gov.br/ws/nfeinutilizacao/nfeinutilizacao2.asmx</NfeInutilizacao2>
      <NfeConsulta2 service='nfeConsultaNF2' versao='2.01'>https://nfe.sefazvirtual.rs.gov.br/ws/NfeConsulta/NfeConsulta2.asmx</NfeConsulta2>
      <NfeStatusServico2 service='nfeStatusServicoNF2' versao='2.00'>https://nfe.sefazvirtual.rs.gov.br/ws/NfeStatusServico/NfeStatusServico2.asmx</NfeStatusServico2>
      <CadConsultaCadastro2 service='consultaCadastro2' versao='2.00'>https://svp-ws.sefazvirtual.rs.gov.br/ws/CadConsultaCadastro/CadConsultaCadastro2.asmx</CadConsultaCadastro2>
	  <RecepcaoEvento service='nfeRecepcaoEvento' versao='1.00'>https://nfe.sefazvirtual.rs.gov.br/ws/recepcaoevento/recepcaoevento.asmx</RecepcaoEvento>
    </producao>
  </UF>
  <UF>
    <sigla>RN</sigla>
    <!--  SEFAZ VIRTUAL AMBIENTE NACIONAL  -->
    <homologacao>
      <NfeRecepcao2 service='nfeRecepcaoLote2' versao='2.00'>https://hom.nfe.fazenda.gov.br/NfeRecepcao2/NfeRecepcao2.asmx</NfeRecepcao2>
      <NfeRetRecepcao2 service='nfeRetRecepcao2' versao='2.00'>https://hom.nfe.fazenda.gov.br/NfeRetRecepcao2/NfeRetRecepcao2.asmx</NfeRetRecepcao2>
      <NfeCancelamento2 service='nfeCancelamentoNF2' versao='2.00'>https://hom.nfe.fazenda.gov.br/NfeCancelamento2/NfeCancelamento2.asmx</NfeCancelamento2>
      <NfeInutilizacao2 service='nfeInutilizacaoNF2' versao='2.00'>https://hom.nfe.fazenda.gov.br/NfeInutilizacao2/NfeInutilizacao2.asmx</NfeInutilizacao2>
      <NfeConsulta2 service='nfeConsultaNF2' versao='2.01'>https://hom.nfe.fazenda.gov.br/nfeconsulta/NfeConsulta2.asmx</NfeConsulta2>
      <NfeStatusServico2 service='nfeStatusServicoNF2' versao='2.00'>https://hom.nfe.fazenda.gov.br/NfeStatusServico2/NfeStatusServico2.asmx</NfeStatusServico2>
      <CadConsultaCadastro2 service='consultaCadastro' versao='2.00'>https://webservice.set.rn.gov.br/projetonfehomolog/set_nfe/servicos/CadConsultaCadastroWS.asmx</CadConsultaCadastro2>
	  <RecepcaoEvento service='nfeRecepcaoEvento' versao='1.00'>https://hom.sefazvirtual.fazenda.gov.br/RecepcaoEvento/RecepcaoEvento.asmx</RecepcaoEvento>
    </homologacao>
    <producao>
      <NfeRecepcao2 service='nfeRecepcaoLote2' versao='2.00'>https://www.sefazvirtual.fazenda.gov.br/NfeRecepcao2/NfeRecepcao2.asmx</NfeRecepcao2>
      <NfeRetRecepcao2 service='nfeRetRecepcao2' versao='2.00'>https://www.sefazvirtual.fazenda.gov.br/NfeRetRecepcao2/NfeRetRecepcao2.asmx</NfeRetRecepcao2>
      <NfeCancelamento2 service='nfeCancelamentoNF2' versao='2.00'>https://www.sefazvirtual.fazenda.gov.br/NfeCancelamento2/NfeCancelamento2.asmx</NfeCancelamento2>
      <NfeInutilizacao2 service='nfeInutilizacaoNF2' versao='2.00'>https://www.sefazvirtual.fazenda.gov.br/NfeInutilizacao2/NfeInutilizacao2.asmx</NfeInutilizacao2>
      <NfeConsulta2 service='nfeConsultaNF2' versao='2.01'>https://www.sefazvirtual.fazenda.gov.br/nfeconsulta/NfeConsulta2.asmx</NfeConsulta2>
      <NfeStatusServico2 service='nfeStatusServicoNF2' versao='2.00'>https://www.sefazvirtual.fazenda.gov.br/NfeStatusServico2/NfeStatusServico2.asmx</NfeStatusServico2>
      <CadConsultaCadastro2 service='' versao=''></CadConsultaCadastro2>
	  <RecepcaoEvento service='nfeRecepcaoEvento' versao='1.00'>https://www.sefazvirtual.fazenda.gov.br/RecepcaoEvento/RecepcaoEvento.asmx</RecepcaoEvento>
    </producao>
  </UF>
  <UF>
    <sigla>RO</sigla>
    <homologacao>
      <NfeRecepcao2 service='nfeRecepcaoLote2' versao='2.00'>https://homologacao.nfe.sefazvirtual.rs.gov.br/ws/NfeRecepcao2/NfeRecepcao2.asmx</NfeRecepcao2>
      <NfeRetRecepcao2 service='nfeRetRecepcao2' versao='2.00'>https://homologacao.nfe.sefazvirtual.rs.gov.br/ws/NfeRetRecepcao2/NfeRetRecepcao2.asmx</NfeRetRecepcao2>
      <NfeCancelamento2 service='nfeCancelamentoNF2' versao='2.00'>https://homologacao.nfe.sefazvirtual.rs.gov.br/ws/NfeCancelamento2/NfeCancelamento2.asmx</NfeCancelamento2>
      <NfeInutilizacao2 service='nfeInutilizacaoNF2' versao='2.00'>https://homologacao.nfe.sefazvirtual.rs.gov.br/ws/NfeInutilizacao2/NfeInutilizacao2.asmx</NfeInutilizacao2>
      <NfeConsulta2 service='nfeConsultaNF2' versao='2.01'>https://homologacao.nfe.sefazvirtual.rs.gov.br/ws/nfeconsulta/NfeConsulta2.asmx</NfeConsulta2>
      <NfeStatusServico2 service='nfeStatusServicoNF2' versao='2.00'>https://homologacao.nfe.sefazvirtual.rs.gov.br/ws/NfeStatusServico2/NfeStatusServico2.asmx</NfeStatusServico2>
      <CadConsultaCadastro2 service='consultaCadastro2' versao='2.00'>https://ws.nfe.sefin.ro.gov.br/ws/CadConsultaCadastro2</CadConsultaCadastro2>
	  <RecepcaoEvento service='nfeRecepcaoEvento' versao='1.00'>https://homologacao.nfe.sefazvirtual.rs.gov.br/ws/recepcaoevento/recepcaoevento.asmx</RecepcaoEvento>
    </homologacao>
    <producao>
      <NfeRecepcao2 service='nfeRecepcaoLote2' versao='2.00'>https://nfe.sefazvirtual.rs.gov.br/ws/NfeRecepcao2/NfeRecepcao2.asmx</NfeRecepcao2>
      <NfeRetRecepcao2 service='nfeRetRecepcao2' versao='2.00'>https://nfe.sefazvirtual.rs.gov.br/ws/NfeRetRecepcao2/NfeRetRecepcao2.asmx</NfeRetRecepcao2>
      <NfeCancelamento2 service='nfeCancelamentoNF2' versao='2.00'>https://nfe.sefazvirtual.rs.gov.br/ws/NfeCancelamento2/NfeCancelamento2.asmx</NfeCancelamento2>
      <NfeInutilizacao2 service='nfeInutilizacaoNF2' versao='2.00'>https://nfe.sefazvirtual.rs.gov.br/ws/NfeInutilizacao2/NfeInutilizacao2.asmx</NfeInutilizacao2>
      <NfeConsulta2 service='nfeConsultaNF2' versao='2.01'>https://nfe.sefazvirtual.rs.gov.br/ws/nfeconsulta/NfeConsulta2.asmx</NfeConsulta2>
      <NfeStatusServico2 service='nfeStatusServicoNF2' versao='2.00'>https://nfe.sefazvirtual.rs.gov.br/ws/NfeStatusServico2/NfeStatusServico2.asmx</NfeStatusServico2>
      <CadConsultaCadastro2 service='consultaCadastro2' versao='2.00'>https://ws.nfe.sefin.ro.gov.br/wsprod/CadConsultaCadastro2</CadConsultaCadastro2>
	  <RecepcaoEvento service='nfeRecepcaoEvento' versao='1.00'>https://nfe.sefazvirtual.rs.gov.br/ws/recepcaoevento/recepcaoevento.asmx</RecepcaoEvento>
    </producao>
  </UF>
  <UF>
    <sigla>RR</sigla>
    <!--  SEFAZ VIRTUAL RIO GRANDE DO SUL  -->
    <homologacao>
      <NfeRecepcao2 service='nfeRecepcaoLote2' versao='2.00'>https://homologacao.nfe.sefazvirtual.rs.gov.br/ws/Nferecepcao/NFeRecepcao2.asmx</NfeRecepcao2>
      <NfeRetRecepcao2 service='nfeRetRecepcao2' versao='2.00'>https://homologacao.nfe.sefazvirtual.rs.gov.br/ws/NfeRetRecepcao/NfeRetRecepcao2.asmx</NfeRetRecepcao2>
      <NfeCancelamento2 service='nfeCancelamentoNF2' versao='2.00'>https://homologacao.nfe.sefazvirtual.rs.gov.br/ws/NfeCancelamento/NfeCancelamento2.asmx</NfeCancelamento2>
      <NfeInutilizacao2 service='nfeInutilizacaoNF2' versao='2.00'>https://homologacao.nfe.sefazvirtual.rs.gov.br/ws/nfeinutilizacao/nfeinutilizacao2.asmx</NfeInutilizacao2>
      <NfeConsulta2 service='nfeConsultaNF2' versao='2.01'>https://homologacao.nfe.sefazvirtual.rs.gov.br/ws/NfeConsulta/NfeConsulta2.asmx</NfeConsulta2>
      <NfeStatusServico2 service='nfeStatusServicoNF2' versao='2.00'>https://homologacao.nfe.sefazvirtual.rs.gov.br/ws/NfeStatusServico/NfeStatusServico2.asmx</NfeStatusServico2>
      <CadConsultaCadastro2 service='' versao=''></CadConsultaCadastro2>
	  <RecepcaoEvento service='nfeRecepcaoEvento' versao='1.00'>https://homologacao.nfe.sefazvirtual.rs.gov.br/ws/recepcaoevento/recepcaoevento.asmx</RecepcaoEvento>
    </homologacao>
    <producao>
      <NfeRecepcao2 service='nfeRecepcaoLote2' versao='2.00'>https://nfe.sefazvirtual.rs.gov.br/ws/Nferecepcao/NFeRecepcao2.asmx</NfeRecepcao2>
      <NfeRetRecepcao2 service='nfeRetRecepcao2' versao='2.00'>https://nfe.sefazvirtual.rs.gov.br/ws/NfeRetRecepcao/NfeRetRecepcao2.asmx</NfeRetRecepcao2>
      <NfeCancelamento2 service='nfeCancelamentoNF2' versao='2.00'>https://nfe.sefazvirtual.rs.gov.br/ws/NfeCancelamento/NfeCancelamento2.asmx</NfeCancelamento2>
      <NfeInutilizacao2 service='nfeInutilizacaoNF2' versao='2.00'>https://nfe.sefazvirtual.rs.gov.br/ws/nfeinutilizacao/nfeinutilizacao2.asmx</NfeInutilizacao2>
      <NfeConsulta2 service='nfeConsultaNF2' versao='2.01'>https://nfe.sefazvirtual.rs.gov.br/ws/NfeConsulta/NfeConsulta2.asmx</NfeConsulta2>
      <NfeStatusServico2 service='nfeStatusServicoNF2' versao='2.00'>https://nfe.sefazvirtual.rs.gov.br/ws/NfeStatusServico/NfeStatusServico2.asmx</NfeStatusServico2>
      <CadConsultaCadastro2 service='' versao=''></CadConsultaCadastro2>
	  <RecepcaoEvento service='nfeRecepcaoEvento' versao='1.00'>https://nfe.sefazvirtual.rs.gov.br/ws/recepcaoevento/recepcaoevento.asmx</RecepcaoEvento>
    </producao>
  </UF>
  <UF>
    <sigla>RS</sigla>
    <homologacao>
      <NfeRecepcao2 service='nfeRecepcaoLote2' versao='2.00'>https://homologacao.nfe.sefaz.rs.gov.br/ws/NfeRecepcao2/NfeRecepcao2.asmx </NfeRecepcao2>
      <NfeRetRecepcao2 service='nfeRetRecepcao2' versao='2.00'>https://homologacao.nfe.sefaz.rs.gov.br/ws/NfeRetRecepcao2/NfeRetRecepcao2.asmx</NfeRetRecepcao2>
      <NfeCancelamento2 service='nfeCancelamentoNF2' versao='2.00'>https://homologacao.nfe.sefaz.rs.gov.br/ws/NfeCancelamento2/NfeCancelamento2.asmx</NfeCancelamento2>
      <NfeInutilizacao2 service='nfeInutilizacaoNF2' versao='2.00'>https://homologacao.nfe.sefaz.rs.gov.br/ws/NfeInutilizacao2/NfeInutilizacao2.asmx</NfeInutilizacao2>
      <NfeConsulta2 service='nfeConsultaNF2' versao='2.01'>https://homologacao.nfe.sefaz.rs.gov.br/ws/nfeconsulta/NfeConsulta2.asmx</NfeConsulta2>
      <NfeStatusServico2 service='nfeStatusServicoNF2' versao='2.00'>https://homologacao.nfe.sefaz.rs.gov.br/ws/NfeStatusServico2/NfeStatusServico2.asmx</NfeStatusServico2>
      <CadConsultaCadastro2 service='consultaCadastro2' versao='2.00'>https://sef.sefaz.rs.gov.br/ws/CadConsultaCadastro2/CadConsultaCadastro2.asmx</CadConsultaCadastro2>
	  <RecepcaoEvento service='nfeRecepcaoEvento' versao='1.00'>https://homologacao.nfe.sefaz.rs.gov.br/ws/recepcaoevento/recepcaoevento.asmx</RecepcaoEvento>
    </homologacao>
    <producao>
      <NfeRecepcao2 service='nfeRecepcaoLote2' versao='2.00'>https://nfe.sefaz.rs.gov.br/ws/NfeRecepcao2/NfeRecepcao2.asmx</NfeRecepcao2>
      <NfeRetRecepcao2 service='nfeRetRecepcao2' versao='2.00'>https://nfe.sefaz.rs.gov.br/ws/NfeRetRecepcao2/NfeRetRecepcao2.asmx</NfeRetRecepcao2>
      <NfeCancelamento2 service='nfeCancelamentoNF2' versao='2.00'>https://nfe.sefaz.rs.gov.br/ws/NfeCancelamento2/NfeCancelamento2.asmx</NfeCancelamento2>
      <NfeInutilizacao2 service='nfeInutilizacaoNF2' versao='2.00'>https://nfe.sefaz.rs.gov.br/ws/NfeInutilizacao2/NfeInutilizacao2.asmx</NfeInutilizacao2>
      <NfeConsulta2 service='nfeConsultaNF2' versao='2.01'>https://nfe.sefaz.rs.gov.br/ws/nfeconsulta/NfeConsulta2.asmx</NfeConsulta2>
      <NfeStatusServico2 service='nfeStatusServicoNF2' versao='2.00'>https://nfe.sefaz.rs.gov.br/ws/NfeStatusServico2/NfeStatusServico2.asmx</NfeStatusServico2>
      <CadConsultaCadastro2 service='consultaCadastro2' versao='2.00'>https://sef.sefaz.rs.gov.br/ws/cadconsultacadastro/cadconsultacadastro2.asmx</CadConsultaCadastro2>
	  <RecepcaoEvento service='nfeRecepcaoEvento' versao='1.00'>https://nfe.sefaz.rs.gov.br/ws/recepcaoevento/recepcaoevento.asmx</RecepcaoEvento>
    </producao>
  </UF>
  <UF>
    <sigla>SC</sigla>
    <!--  SEFAZ VIRTUAL RIO GRANDE DO SUL  -->
    <homologacao>
      <NfeRecepcao2 service='nfeRecepcaoLote2' versao='2.00'>https://homologacao.nfe.sefazvirtual.rs.gov.br/ws/Nferecepcao/NFeRecepcao2.asmx</NfeRecepcao2>
      <NfeRetRecepcao2 service='nfeRetRecepcao2' versao='2.00'>https://homologacao.nfe.sefazvirtual.rs.gov.br/ws/NfeRetRecepcao/NfeRetRecepcao2.asmx</NfeRetRecepcao2>
      <NfeCancelamento2 service='nfeCancelamentoNF2' versao='2.00'>https://homologacao.nfe.sefazvirtual.rs.gov.br/ws/NfeCancelamento/NfeCancelamento2.asmx</NfeCancelamento2>
      <NfeInutilizacao2 service='nfeInutilizacaoNF2' versao='2.00'>https://homologacao.nfe.sefazvirtual.rs.gov.br/ws/nfeinutilizacao/nfeinutilizacao2.asmx</NfeInutilizacao2>
      <NfeConsulta2 service='nfeConsultaNF2' versao='2.01'>https://homologacao.nfe.sefazvirtual.rs.gov.br/ws/NfeConsulta/NfeConsulta2.asmx</NfeConsulta2>
      <NfeStatusServico2 service='nfeStatusServicoNF2' versao='2.00'>https://homologacao.nfe.sefazvirtual.rs.gov.br/ws/NfeStatusServico/NfeStatusServico2.asmx</NfeStatusServico2>
      <CadConsultaCadastro2 service='' versao=''></CadConsultaCadastro2>
	  <RecepcaoEvento service='nfeRecepcaoEvento' versao='1.00'>https://homologacao.nfe.sefazvirtual.rs.gov.br/ws/recepcaoevento/recepcaoevento.asmx</RecepcaoEvento>
    </homologacao>
    <producao>
      <NfeRecepcao2 service='nfeRecepcaoLote2' versao='2.00'>https://nfe.sefazvirtual.rs.gov.br/ws/Nferecepcao/NFeRecepcao2.asmx</NfeRecepcao2>
      <NfeRetRecepcao2 service='nfeRetRecepcao2' versao='2.00'>https://nfe.sefazvirtual.rs.gov.br/ws/NfeRetRecepcao/NfeRetRecepcao2.asmx</NfeRetRecepcao2>
      <NfeCancelamento2 service='nfeCancelamentoNF2' versao='2.00'>https://nfe.sefazvirtual.rs.gov.br/ws/NfeCancelamento/NfeCancelamento2.asmx</NfeCancelamento2>
      <NfeInutilizacao2 service='nfeInutilizacaoNF2' versao='2.00'>https://nfe.sefazvirtual.rs.gov.br/ws/nfeinutilizacao/nfeinutilizacao2.asmx</NfeInutilizacao2>
      <NfeConsulta2 service='nfeConsultaNF2' versao='2.01'>https://nfe.sefazvirtual.rs.gov.br/ws/NfeConsulta/NfeConsulta2.asmx</NfeConsulta2>
      <NfeStatusServico2 service='nfeStatusServicoNF2' versao='2.00'>https://nfe.sefazvirtual.rs.gov.br/ws/NfeStatusServico/NfeStatusServico2.asmx</NfeStatusServico2>
      <CadConsultaCadastro2 service='consultaCadastro2' versao='2.00'>https://svp-ws.sefazvirtual.rs.gov.br/ws/CadConsultaCadastro/CadConsultaCadastro2.asmx</CadConsultaCadastro2>
      <RecepcaoEvento service='nfeRecepcaoEvento' versao='1.00'>https://nfe.sefazvirtual.rs.gov.br/ws/recepcaoevento/recepcaoevento.asmx</RecepcaoEvento>
    </producao>
  </UF>
  <UF>
    <sigla>SE</sigla>
    <!--  SEFAZ VIRTUAL RIO GRANDE DO SUL  -->
    <homologacao>
      <NfeRecepcao2 service='nfeRecepcaoLote2' versao='2.00'>https://homologacao.nfe.sefazvirtual.rs.gov.br/ws/Nferecepcao/NFeRecepcao2.asmx</NfeRecepcao2>
      <NfeRetRecepcao2 service='nfeRetRecepcao2' versao='2.00'>https://homologacao.nfe.sefazvirtual.rs.gov.br/ws/NfeRetRecepcao/NfeRetRecepcao2.asmx</NfeRetRecepcao2>
      <NfeCancelamento2 service='nfeCancelamentoNF2' versao='2.00'>https://homologacao.nfe.sefazvirtual.rs.gov.br/ws/NfeCancelamento/NfeCancelamento2.asmx</NfeCancelamento2>
      <NfeInutilizacao2 service='nfeInutilizacaoNF2' versao='2.00'>https://homologacao.nfe.sefazvirtual.rs.gov.br/ws/nfeinutilizacao/nfeinutilizacao2.asmx</NfeInutilizacao2>
      <NfeConsulta2 service='nfeConsultaNF2' versao='2.01'>https://homologacao.nfe.sefazvirtual.rs.gov.br/ws/NfeConsulta/NfeConsulta2.asmx</NfeConsulta2>
      <NfeStatusServico2 service='nfeStatusServicoNF2' versao='2.00'>https://homologacao.nfe.sefazvirtual.rs.gov.br/ws/NfeStatusServico/NfeStatusServico2.asmx</NfeStatusServico2>
      <CadConsultaCadastro2 service='' versao=''></CadConsultaCadastro2>
	  <RecepcaoEvento service='nfeRecepcaoEvento' versao='1.00'>https://homologacao.nfe.sefazvirtual.rs.gov.br/ws/recepcaoevento/recepcaoevento.asmx</RecepcaoEvento>
    </homologacao>
    <producao>
      <NfeRecepcao2 service='nfeRecepcaoLote2' versao='2.00'>https://nfe.sefazvirtual.rs.gov.br/ws/Nferecepcao/NFeRecepcao2.asmx</NfeRecepcao2>
      <NfeRetRecepcao2 service='nfeRetRecepcao2' versao='2.00'>https://nfe.sefazvirtual.rs.gov.br/ws/NfeRetRecepcao/NfeRetRecepcao2.asmx</NfeRetRecepcao2>
      <NfeCancelamento2 service='nfeCancelamentoNF2' versao='2.00'>https://nfe.sefazvirtual.rs.gov.br/ws/NfeCancelamento/NfeCancelamento2.asmx</NfeCancelamento2>
      <NfeInutilizacao2 service='nfeInutilizacaoNF2' versao='2.00'>https://nfe.sefazvirtual.rs.gov.br/ws/nfeinutilizacao/nfeinutilizacao2.asmx</NfeInutilizacao2>
      <NfeConsulta2 service='nfeConsultaNF2' versao='2.01'>https://nfe.sefazvirtual.rs.gov.br/ws/NfeConsulta/NfeConsulta2.asmx</NfeConsulta2>
      <NfeStatusServico2 service='nfeStatusServicoNF2' versao='2.00'>https://nfe.sefazvirtual.rs.gov.br/ws/NfeStatusServico/NfeStatusServico2.asmx</NfeStatusServico2>
      <CadConsultaCadastro2 service='' versao=''></CadConsultaCadastro2>
	  <RecepcaoEvento service='nfeRecepcaoEvento' versao='1.00'>https://nfe.sefazvirtual.rs.gov.br/ws/recepcaoevento/recepcaoevento.asmx</RecepcaoEvento>
    </producao>
  </UF>
  <UF>
    <sigla>SP</sigla>
    <homologacao>
      <NfeRecepcao2 service='nfeRecepcaoLote2' versao='2.00'>https://homologacao.nfe.fazenda.sp.gov.br/nfeweb/services/NfeRecepcao2.asmx</NfeRecepcao2>
      <NfeRetRecepcao2 service='nfeRetRecepcao2' versao='2.00'>https://homologacao.nfe.fazenda.sp.gov.br/nfeWEB/services/NfeRetRecepcao2.asmx</NfeRetRecepcao2>
      <NfeCancelamento2 service='nfeCancelamentoNF2' versao='2.00'>https://homologacao.nfe.fazenda.sp.gov.br/nfeWEB/services/NfeCancelamento2.asmx</NfeCancelamento2>
      <NfeInutilizacao2 service='nfeInutilizacaoNF2' versao='2.00'>https://homologacao.nfe.fazenda.sp.gov.br/nfeWEB/services/NfeInutilizacao2.asmx</NfeInutilizacao2>
      <NfeConsulta2 service='nfeConsultaNF2' versao='2.01'>https://homologacao.nfe.fazenda.sp.gov.br/nfeWEB/services/NfeConsulta2.asmx</NfeConsulta2>
      <NfeStatusServico2 service='nfeStatusServicoNF2' versao='2.00'>https://homologacao.nfe.fazenda.sp.gov.br/nfeWEB/services/NfeStatusServico2.asmx</NfeStatusServico2>
      <CadConsultaCadastro2 service='consultaCadastro2' versao='2.00'>https://homologacao.nfe.fazenda.sp.gov.br/nfeweb/services/CadConsultaCadastro2.asmx</CadConsultaCadastro2>
	  <RecepcaoEvento service='nfeRecepcaoEvento' versao='1.00'>https://homologacao.nfe.fazenda.sp.gov.br/eventosWEB/services/RecepcaoEvento.asmx</RecepcaoEvento>
    </homologacao>
    <producao>
      <NfeRecepcao2 service='nfeRecepcaoLote2' versao='2.00'>https://nfe.fazenda.sp.gov.br/nfeWEB/services/NfeRecepcao2.asmx</NfeRecepcao2>
      <NfeRetRecepcao2 service='nfeRetRecepcao2' versao='2.00'>https://nfe.fazenda.sp.gov.br/nfeWEB/services/NfeRetRecepcao2.asmx</NfeRetRecepcao2>
      <NfeCancelamento2 service='nfeCancelamentoNF2' versao='2.00'>https://nfe.fazenda.sp.gov.br/nfeWEB/services/NfeCancelamento2.asmx</NfeCancelamento2>
      <NfeInutilizacao2 service='nfeInutilizacaoNF2' versao='2.00'>https://nfe.fazenda.sp.gov.br/nfeWEB/services/NfeInutilizacao2.asmx</NfeInutilizacao2>
      <NfeConsulta2 service='nfeConsultaNF2' versao='2.01'>https://nfe.fazenda.sp.gov.br/nfeWEB/services/NfeConsulta2.asmx</NfeConsulta2>
      <NfeStatusServico2 service='nfeStatusServicoNF2' versao='2.00'>https://nfe.fazenda.sp.gov.br/nfeWEB/services/NfeStatusServico2.asmx</NfeStatusServico2>
      <CadConsultaCadastro2 service='consultaCadastro2' versao='2.00'>https://nfe.fazenda.sp.gov.br/nfeweb/services/cadconsultacadastro2.asmx</CadConsultaCadastro2>
	  <RecepcaoEvento service='nfeRecepcaoEvento' versao='1.00'>https://nfe.fazenda.sp.gov.br/eventosWEB/services/RecepcaoEvento.asmx</RecepcaoEvento>
    </producao>
  </UF>
  <UF>
    <sigla>TO</sigla>
    <!--  SEFAZ VIRTUAL RIO GRANDE DO SUL  -->
    <homologacao>
      <NfeRecepcao2 service='nfeRecepcaoLote2' versao='2.00'>https://homologacao.nfe.sefazvirtual.rs.gov.br/ws/Nferecepcao/NFeRecepcao2.asmx</NfeRecepcao2>
      <NfeRetRecepcao2 service='nfeRetRecepcao2' versao='2.00'>https://homologacao.nfe.sefazvirtual.rs.gov.br/ws/NfeRetRecepcao/NfeRetRecepcao2.asmx</NfeRetRecepcao2>
      <NfeCancelamento2 service='nfeCancelamentoNF2' versao='2.00'>https://homologacao.nfe.sefazvirtual.rs.gov.br/ws/NfeCancelamento/NfeCancelamento2.asmx</NfeCancelamento2>
      <NfeInutilizacao2 service='nfeInutilizacaoNF2' versao='2.00'>https://homologacao.nfe.sefazvirtual.rs.gov.br/ws/nfeinutilizacao/nfeinutilizacao2.asmx</NfeInutilizacao2>
      <NfeConsulta2 service='nfeConsultaNF2' versao='2.01'>https://homologacao.nfe.sefazvirtual.rs.gov.br/ws/NfeConsulta/NfeConsulta2.asmx</NfeConsulta2>
      <NfeStatusServico2 service='nfeStatusServicoNF2' versao='2.00'>https://homologacao.nfe.sefazvirtual.rs.gov.br/ws/NfeStatusServico/NfeStatusServico2.asmx</NfeStatusServico2>
      <CadConsultaCadastro2 service='' versao=''></CadConsultaCadastro2>
	  <RecepcaoEvento service='nfeRecepcaoEvento' versao='1.00'>https://homologacao.nfe.sefazvirtual.rs.gov.br/ws/recepcaoevento/recepcaoevento.asmx</RecepcaoEvento>
    </homologacao>
    <producao>
      <NfeRecepcao2 service='nfeRecepcaoLote2' versao='2.00'>https://nfe.sefazvirtual.rs.gov.br/ws/Nferecepcao/NFeRecepcao2.asmx</NfeRecepcao2>
      <NfeRetRecepcao2 service='nfeRetRecepcao2' versao='2.00'>https://nfe.sefazvirtual.rs.gov.br/ws/NfeRetRecepcao/NfeRetRecepcao2.asmx</NfeRetRecepcao2>
      <NfeCancelamento2 service='nfeCancelamentoNF2' versao='2.00'>https://nfe.sefazvirtual.rs.gov.br/ws/NfeCancelamento/NfeCancelamento2.asmx</NfeCancelamento2>
      <NfeInutilizacao2 service='nfeInutilizacaoNF2' versao='2.00'>https://nfe.sefazvirtual.rs.gov.br/ws/nfeinutilizacao/nfeinutilizacao2.asmx</NfeInutilizacao2>
      <NfeConsulta2 service='nfeConsultaNF2' versao='2.01'>https://nfe.sefazvirtual.rs.gov.br/ws/NfeConsulta/NfeConsulta2.asmx</NfeConsulta2>
      <NfeStatusServico2 service='nfeStatusServicoNF2' versao='2.00'>https://nfe.sefazvirtual.rs.gov.br/ws/NfeStatusServico/NfeStatusServico2.asmx</NfeStatusServico2>
      <CadConsultaCadastro2 service='' versao=''></CadConsultaCadastro2>
	  <RecepcaoEvento service='nfeRecepcaoEvento' versao='1.00'>https://nfe.sefazvirtual.rs.gov.br/ws/recepcaoevento/recepcaoevento.asmx</RecepcaoEvento>
    </producao>
  </UF>
  <UF>
    <sigla>SCAN</sigla>
    <!--  SISTEMA DE CONTINGENCIA DO AMBIENTE NACIONAL  -->
    <homologacao>
      <NfeRecepcao2 service='nfeRecepcaoLote2' versao='2.00'>https://hom.nfe.fazenda.gov.br/SCAN/NfeRecepcao2/NfeRecepcao2.asmx</NfeRecepcao2>
      <NfeRetRecepcao2 service='nfeRetRecepcao2' versao='2.00'>https://hom.nfe.fazenda.gov.br/SCAN/NfeRetRecepcao2/NfeRetRecepcao2.asmx</NfeRetRecepcao2>
      <NfeCancelamento2 service='nfeCancelamentoNF2' versao='2.00'>https://hom.nfe.fazenda.gov.br/SCAN/NfeCancelamento2/NfeCancelamento2.asmx</NfeCancelamento2>
      <NfeInutilizacao2 service='nfeInutilizacaoNF2' versao='2.00'>https://hom.nfe.fazenda.gov.br/SCAN/NfeInutilizacao2/NfeInutilizacao2.asmx</NfeInutilizacao2>
      <NfeConsulta2 service='nfeConsultaNF2' versao='2.01'>https://hom.nfe.fazenda.gov.br/SCAN/Nfeconsulta/NfeConsulta2.asmx</NfeConsulta2>
      <NfeStatusServico2 service='nfeStatusServicoNF2' versao='2.00'>https://hom.nfe.fazenda.gov.br/SCAN/NfeStatusServico2/NfeStatusServico2.asmx</NfeStatusServico2>
      <CadConsultaCadastro2 service='' versao=''></CadConsultaCadastro2>
    </homologacao>
    <producao>
      <NfeRecepcao2 service='nfeRecepcaoLote2' versao='2.00'>https://www.scan.fazenda.gov.br/NfeRecepcao2/NfeRecepcao2.asmx</NfeRecepcao2>
      <NfeRetRecepcao2 service='nfeRetRecepcao2' versao='2.00'>https://www.scan.fazenda.gov.br/NfeRetRecepcao2/NfeRetRecepcao2.asmx</NfeRetRecepcao2>
      <NfeCancelamento2 service='nfeCancelamentoNF2' versao='2.00'>https://www.scan.fazenda.gov.br/NfeCancelamento2/NfeCancelamento2.asmx</NfeCancelamento2>
      <NfeInutilizacao2 service='nfeInutilizacaoNF2' versao='2.00'>https://www.scan.fazenda.gov.br/NfeInutilizacao2/NfeInutilizacao2.asmx</NfeInutilizacao2>
      <NfeConsulta2 service='nfeConsultaNF2' versao='2.01'>https://www.scan.fazenda.gov.br/Nfeconsulta/NfeConsulta2.asmx</NfeConsulta2>
      <NfeStatusServico2 service='nfeStatusServicoNF2' versao='2.00'>https://www.scan.fazenda.gov.br/NfeStatusServico2/NfeStatusServico2.asmx</NfeStatusServico2>
      <CadConsultaCadastro2 service='' versao=''></CadConsultaCadastro2>
    </producao>
  </UF>
  <UF>
    <sigla>SVCAN</sigla>
    <!--  SEFAZ VIRTUAL CONTINGENCIA DO AMBIENTE NACIONAL  -->
    <homologacao>
      <NfeRecepcao2 service='nfeRecepcaoLote2' versao='2.00'>https://hom.svc.fazenda.gov.br/NfeRecepcao2/NfeRecepcao2.asmx</NfeRecepcao2>
      <NfeRetRecepcao2 service='nfeRetRecepcao2' versao='2.00'>https://hom.svc.fazenda.gov.br/NfeRetRecepcao2/NfeRetRecepcao2.asmx</NfeRetRecepcao2>
      <NfeCancelamento2 service='nfeCancelamentoNF2' versao='2.00'></NfeCancelamento2>
      <NfeInutilizacao2 service='nfeInutilizacaoNF2' versao='2.00'>https://hom.svc.fazenda.gov.br/NfeInutilizacao2/NfeInutilizacao2.asmx</NfeInutilizacao2>
      <NfeConsulta2 service='nfeConsultaNF2' versao='2.00'>https://hom.svc.fazenda.gov.br/NfeConsulta2/NfeConsulta2.asmx</NfeConsulta2>
      <NfeStatusServico2 service='nfeStatusServicoNF2' versao='2.00'>https://hom.svc.fazenda.gov.br/NfeStatusServico2/NfeStatusServico2.asmx</NfeStatusServico2>
      <RecepcaoEvento service='RecepcaoEvento' versao='1.00'>https://hom.svc.fazenda.gov.br/RecepcaoEvento/RecepcaoEvento.asmx</RecepcaoEvento>
      <NfeStatusServico2 service='nfeStatusServicoNF2' versao='2.00'></NfeStatusServico2>
    </homologacao>
    <producao>
      <NfeRecepcao2 service='nfeRecepcaoLote2' versao='2.00'>https://www.svc.fazenda.gov.br/NfeRecepcao2/NfeRecepcao2.asmx</NfeRecepcao2>
      <NfeRetRecepcao2 service='nfeRetRecepcao2' versao='2.00'>https://www.svc.fazenda.gov.br/NfeRetRecepcao2/NfeRetRecepcao2.asmx</NfeRetRecepcao2>
      <NfeCancelamento2 service='nfeCancelamentoNF2' versao='2.00'></NfeCancelamento2>
      <NfeInutilizacao2 service='nfeInutilizacaoNF2' versao='2.00'>https://www.svc.fazenda.gov.br/NfeInutilizacao2/NfeInutilizacao2.asmx</NfeInutilizacao2>
      <NfeConsulta2 service='nfeConsultaNF2' versao='2.00'>https://www.svc.fazenda.gov.br/NfeConsulta2/NfeConsulta2.asmx</NfeConsulta2>
      <NfeStatusServico2 service='nfeStatusServicoNF2' versao='2.00'>https://www.svc.fazenda.gov.br/NfeStatusServico2/NfeStatusServico2.asmx</NfeStatusServico2>
      <RecepcaoEvento service='RecepcaoEvento' versao='1.00'>https://www.svc.fazenda.gov.br/RecepcaoEvento/RecepcaoEvento.asmx</RecepcaoEvento>
      <NfeStatusServico2 service='nfeStatusServicoNF2' versao='2.00'></NfeStatusServico2>
    </producao>
  </UF>
  <UF>
    <sigla>SVCRS</sigla>
    <!--  SEFAZ VIRTUAL CONTINGENCIA DO RIO GRANDE DO SUL  -->
    <homologacao>
      <NfeRecepcao2 service='nfeRecepcaoLote2' versao='2.00'>https://homologacao.nfe.sefazvirtual.rs.gov.br/ws/Nferecepcao/NFeRecepcao2.asmx</NfeRecepcao2>
      <NfeRetRecepcao2 service='nfeRetRecepcao2' versao='2.00'>https://homologacao.nfe.sefazvirtual.rs.gov.br/ws/NfeRetRecepcao/NfeRetRecepcao2.asmx</NfeRetRecepcao2>
      <NfeCancelamento2 service='nfeCancelamentoNF2' versao='2.00'></NfeCancelamento2>
      <NfeInutilizacao2 service='nfeInutilizacaoNF2' versao='2.00'></NfeInutilizacao2>
      <NfeConsulta2 service='nfeConsultaNF2' versao='2.00'>https://homologacao.nfe.sefazvirtual.rs.gov.br/ws/NfeConsulta/NfeConsulta2.asmx</NfeConsulta2>
      <NfeStatusServico2 service='nfeStatusServicoNF2' versao='2.00'></NfeStatusServico2>
      <RecepcaoEvento service='RecepcaoEvento' versao='1.00'>https://homologacao.nfe.sefaz.rs.gov.br/ws/recepcaoevento/recepcaoevento.asmx</RecepcaoEvento>
      <NfeStatusServico2 service='nfeStatusServicoNF2' versao='2.00'>https://homologacao.nfe.sefazvirtual.rs.gov.br/ws/NfeStatusServico/NfeStatusServico2.asmx</NfeStatusServico2>
    </homologacao>
    <producao>
      <NfeRecepcao2 service='nfeRecepcaoLote2' versao='2.00'>https://nfe.sefazvirtual.rs.gov.br/ws/Nferecepcao/NFeRecepcao2.asmx</NfeRecepcao2>
      <NfeRetRecepcao2 service='nfeRetRecepcao2' versao='2.00'>https://nfe.sefazvirtual.rs.gov.br/ws/NfeRetRecepcao/NfeRetRecepcao2.asmx</NfeRetRecepcao2>
      <NfeCancelamento2 service='nfeCancelamentoNF2' versao='2.00'></NfeCancelamento2>
      <NfeInutilizacao2 service='nfeInutilizacaoNF2' versao='2.00'></NfeInutilizacao2>
      <NfeConsulta2 service='nfeConsultaNF2' versao='2.00'>https://nfe.sefazvirtual.rs.gov.br/ws/NfeConsulta/NfeConsulta2.asmx</NfeConsulta2>
      <NfeStatusServico2 service='nfeStatusServicoNF2' versao='2.00'></NfeStatusServico2>
      <RecepcaoEvento service='RecepcaoEvento' versao='1.00'>https://nfe.sefaz.rs.gov.br/ws/recepcaoevento/recepcaoevento.asmx</RecepcaoEvento>
      <NfeStatusServico2 service='nfeStatusServicoNF2' versao='2.00'>https://nfe.sefazvirtual.rs.gov.br/ws/NfeStatusServico/NfeStatusServico2.asmx</NfeStatusServico2>
    </producao>
  </UF>
  <UF>
    <sigla>DPEC</sigla>
    <!-- SISTEMA DE CONTINGENCIA - Declaração Prévia de Emissão em Contingência -->
    <producao>
      <NfeRecepcao2DPEC>https://www.nfe.fazenda.gov.br/SCERecepcaoRFB/SCERecepcaoRFB2.asmx</NfeRecepcao2DPEC>
      <ConsultaDPEC>https://www.nfe.fazenda.gov.br/SCEConsultaRFB/SCEConsultaRFB2.asmx</ConsultaDPEC>
    </producao>
  </UF>
</WS>