<?xml version="1.0" encoding="utf-8"?>
<WS xmlns:xsi="http://www.w3.org/2001/XMLSchema-instance" >
  <!-- Correção das url para o padrão soap 1.2 -->
  <UF>
    <sigla>AC</sigla>
    <!--  SEFAZ VIRTUAL RIO GRANDE DO SUL  -->
    <homologacao>
      <NfeAutorizacao service='NfeAutorizacao' versao='3.10'>https://nfce-homologacao.svrs.rs.gov.br/ws/NfeAutorizacao/NFeAutorizacao.asmx</NfeAutorizacao>
      <NfeRetAutorizacao service='NfeRetAutorizacao' versao='3.10'>https://nfce-homologacao.svrs.rs.gov.br/ws/NfeRetAutorizacao/NFeRetAutorizacao.asmx</NfeRetAutorizacao>
      <NfeInutilizacao2 service='nfeInutilizacaoNF2' versao='3.10'>https://nfce-homologacao.svrs.rs.gov.br/ws/nfeinutilizacao/nfeinutilizacao2.asmx</NfeInutilizacao2>
      <NfeConsulta2 service='nfeConsultaNF2' versao='3.10'>https://nfce-homologacao.svrs.rs.gov.br/ws/NfeConsulta/NfeConsulta2.asmx</NfeConsulta2>
      <NfeStatusServico2 service='nfeStatusServicoNF2' versao='3.10'>https://nfce-homologacao.svrs.rs.gov.br/ws/NfeStatusServico/NfeStatusServico2.asmx</NfeStatusServico2>
      <RecepcaoEvento service='nfeRecepcaoEvento' versao='1.00'>https://nfce-homologacao.svrs.rs.gov.br/ws/recepcaoevento/recepcaoevento.asmx</RecepcaoEvento>
      <URLAcesso>http://www.sefaznet.ac.gov.br/nfce/qrcode</URLAcesso>
      <URLQRCodeAcesso>http://www.sefaznet.ac.gov.br/nfce/qrcode</URLQRCodeAcesso>
      <IncluirQRCodeXMLNFCe ativo="1"></IncluirQRCodeXMLNFCe>
    </homologacao>
    <producao>
      <NfeAutorizacao service='NfeAutorizacao' versao='3.10'>https://nfce.svrs.rs.gov.br/ws/NfeAutorizacao/NFeAutorizacao.asmx</NfeAutorizacao>
      <NfeRetAutorizacao service='NfeRetAutorizacao' versao='3.10'>https://nfce.svrs.rs.gov.br/ws/NfeRetAutorizacao/NFeRetAutorizacao.asmx</NfeRetAutorizacao>
      <NfeInutilizacao2 service='nfeInutilizacaoNF2' versao='3.10'>https://nfce.svrs.rs.gov.br/ws/nfeinutilizacao/nfeinutilizacao2.asmx</NfeInutilizacao2>
      <NfeConsulta2 service='nfeConsultaNF2' versao='3.10'>https://nfce.svrs.rs.gov.br/ws/NfeConsulta/NfeConsulta2.asmx</NfeConsulta2>
      <NfeStatusServico2 service='nfeStatusServicoNF2' versao='3.10'>https://nfce.svrs.rs.gov.br/ws/NfeStatusServico/NfeStatusServico2.asmx</NfeStatusServico2>
      <RecepcaoEvento service='nfeRecepcaoEvento' versao='1.00'>https://nfce.svrs.rs.gov.br/ws/recepcaoevento/recepcaoevento.asmx</RecepcaoEvento>
      <URLAcesso>http://www.sefaznet.ac.gov.br/nfce/qrcode</URLAcesso>
      <URLQRCodeAcesso>http://www.sefaznet.ac.gov.br/nfce/qrcode</URLQRCodeAcesso>
      <IncluirQRCodeXMLNFCe ativo="1"></IncluirQRCodeXMLNFCe>
    </producao>
  </UF>
  <UF>
    <sigla>AL</sigla>
    <!--  SEFAZ VIRTUAL RIO GRANDE DO SUL  -->
    <homologacao>
      <NfeAutorizacao service='NfeAutorizacao' versao='3.10'>https://nfce-homologacao.svrs.rs.gov.br/ws/NfeAutorizacao/NFeAutorizacao.asmx</NfeAutorizacao>
      <NfeRetAutorizacao service='NfeRetAutorizacao' versao='3.10'>https://nfce-homologacao.svrs.rs.gov.br/ws/NfeRetAutorizacao/NFeRetAutorizacao.asmx</NfeRetAutorizacao>
      <NfeInutilizacao2 service='nfeInutilizacaoNF2' versao='3.10'>https://nfce-homologacao.svrs.rs.gov.br/ws/nfeinutilizacao/nfeinutilizacao2.asmx</NfeInutilizacao2>
      <NfeConsulta2 service='nfeConsultaNF2' versao='3.10'>https://nfce-homologacao.svrs.rs.gov.br/ws/NfeConsulta/NfeConsulta2.asmx</NfeConsulta2>
      <NfeStatusServico2 service='nfeStatusServicoNF2' versao='3.10'>https://nfce-homologacao.svrs.rs.gov.br/ws/NfeStatusServico/NfeStatusServico2.asmx</NfeStatusServico2>
      <RecepcaoEvento service='nfeRecepcaoEvento' versao='1.00'>https://nfce-homologacao.svrs.rs.gov.br/ws/recepcaoevento/recepcaoevento.asmx</RecepcaoEvento>
      <URLAcesso>http://nfce.sefaz.al.gov.br/QRCode/consultarNFCe.jsp</URLAcesso>
      <URLQRCodeAcesso>http://nfce.sefaz.al.gov.br/QRCode/consultarNFCe.jsp</URLQRCodeAcesso>
      <IncluirQRCodeXMLNFCe ativo="1"></IncluirQRCodeXMLNFCe>
    </homologacao>
    <producao>
      <NfeAutorizacao service='NfeAutorizacao' versao='3.10'>https://nfce.svrs.rs.gov.br/ws/NfeAutorizacao/NFeAutorizacao.asmx</NfeAutorizacao>
      <NfeRetAutorizacao service='NfeRetAutorizacao' versao='3.10'>https://nfce.svrs.rs.gov.br/ws/NfeRetAutorizacao/NFeRetAutorizacao.asmx</NfeRetAutorizacao>
      <NfeInutilizacao2 service='nfeInutilizacaoNF2' versao='3.10'>https://nfce.svrs.rs.gov.br/ws/nfeinutilizacao/nfeinutilizacao2.asmx</NfeInutilizacao2>
      <NfeConsulta2 service='nfeConsultaNF2' versao='3.10'>https://nfce.svrs.rs.gov.br/ws/NfeConsulta/NfeConsulta2.asmx</NfeConsulta2>
      <NfeStatusServico2 service='nfeStatusServicoNF2' versao='3.10'>https://nfce.svrs.rs.gov.br/ws/NfeStatusServico/NfeStatusServico2.asmx</NfeStatusServico2>
      <RecepcaoEvento service='nfeRecepcaoEvento' versao='1.00'>https://nfce.svrs.rs.gov.br/ws/recepcaoevento/recepcaoevento.asmx</RecepcaoEvento>
      <URLAcesso>http://nfce.sefaz.al.gov.br/QRCode/consultarNFCe.jsp</URLAcesso>
      <URLQRCodeAcesso>http://nfce.sefaz.al.gov.br/QRCode/consultarNFCe.jsp</URLQRCodeAcesso>
      <IncluirQRCodeXMLNFCe ativo="1"></IncluirQRCodeXMLNFCe>
    </producao>
  </UF>
  <UF>
    <sigla>AM</sigla>
    <homologacao>
      <NfeAutorizacao service='NfeAutorizacao' versao='3.10'>https://homnfce.sefaz.am.gov.br/nfce-services/services/NfeAutorizacao</NfeAutorizacao>
      <NfeRetAutorizacao service='NfeRetAutorizacao' versao='3.10'>https://homnfce.sefaz.am.gov.br/nfce-services/services/NfeRetAutorizacao</NfeRetAutorizacao>
      <NfeInutilizacao2 service='nfeInutilizacaoNF2' versao='3.10'>https://homnfce.sefaz.am.gov.br/nfce-services/services/NfeInutilizacao2</NfeInutilizacao2>
      <NfeConsulta2 service='nfeConsultaNF2' versao='3.10'>https://homnfce.sefaz.am.gov.br/nfce-services/services/NfeConsulta2</NfeConsulta2>
      <NfeStatusServico2 service='nfeStatusServicoNF2' versao='3.10'>https://homnfce.sefaz.am.gov.br/nfce-services/services/NfeStatusServico2</NfeStatusServico2>
      <CadConsultaCadastro2 service='consultaCadastro2' versao='2.00'>https://homnfce.sefaz.am.gov.br/nfce-services/services/NfeConsulta2</CadConsultaCadastro2>
      <RecepcaoEvento service='nfeRecepcaoEvento' versao='1.00'>https://homnfce.sefaz.am.gov.br/nfce-services/services/RecepcaoEvento</RecepcaoEvento>
      <URLAcesso>http://homnfce.sefaz.am.gov.br/nfceweb/consultarNFCe.jsp</URLAcesso>
      <URLQRCodeAcesso>http://homnfce.sefaz.am.gov.br/nfceweb/consultarNFCe.jsp</URLQRCodeAcesso>
      <IncluirQRCodeXMLNFCe ativo="1"></IncluirQRCodeXMLNFCe>
    </homologacao>
    <producao>
      <NfeAutorizacao service='NfeAutorizacao' versao='3.10'>https://nfce.sefaz.am.gov.br/nfce-services/services/NfeAutorizacao</NfeAutorizacao>
      <NfeRetAutorizacao service='NfeRetAutorizacao' versao='3.10'>https://nfce.sefaz.am.gov.br/nfce-services/services/NfeRetAutorizacao</NfeRetAutorizacao>
      <NfeInutilizacao2 service='nfeInutilizacaoNF2' versao='3.10'>https://nfce.sefaz.am.gov.br/nfce-services/services/NfeInutilizacao2</NfeInutilizacao2>
      <NfeConsulta2 service='nfeConsultaNF2' versao='3.10'>https://nfce.sefaz.am.gov.br/nfce-services/services/NfeConsulta2</NfeConsulta2>
      <NfeStatusServico2 service='nfeStatusServicoNF2' versao='3.10'>https://nfce.sefaz.am.gov.br/nfce-services/services/NfeStatusServico2</NfeStatusServico2>
      <CadConsultaCadastro2 service='consultaCadastro2' versao='2.00'>https://nfce.sefaz.am.gov.br/nfce-services/services/NfeConsulta2</CadConsultaCadastro2>
      <RecepcaoEvento service='nfeRecepcaoEvento' versao='1.00'>https://nfce.sefaz.am.gov.br/nfce-services/services/RecepcaoEvento</RecepcaoEvento>
      <URLAcesso>http://sistemas.sefaz.am.gov.br/nfceweb/consultarNFCe.jsp</URLAcesso>
      <URLQRCodeAcesso>http://sistemas.sefaz.am.gov.br/nfceweb/consultarNFCe.jsp</URLQRCodeAcesso>
      <IncluirQRCodeXMLNFCe ativo="1"></IncluirQRCodeXMLNFCe>
    </producao>
  </UF>
  <UF>
    <sigla>AP</sigla>
    <!--  SEFAZ VIRTUAL RIO GRANDE DO SUL  -->
    <homologacao>
      <NfeAutorizacao service='NfeAutorizacao' versao='3.10'>https://nfce-homologacao.svrs.rs.gov.br/ws/NfeAutorizacao/NFeAutorizacao.asmx</NfeAutorizacao>
      <NfeRetAutorizacao service='NfeRetAutorizacao' versao='3.10'>https://nfce-homologacao.svrs.rs.gov.br/ws/NfeRetAutorizacao/NFeRetAutorizacao.asmx</NfeRetAutorizacao>
      <NfeInutilizacao2 service='nfeInutilizacaoNF2' versao='3.10'>https://nfce-homologacao.svrs.rs.gov.br/ws/nfeinutilizacao/nfeinutilizacao2.asmx</NfeInutilizacao2>
      <NfeConsulta2 service='nfeConsultaNF2' versao='3.10'>https://nfce-homologacao.svrs.rs.gov.br/ws/NfeConsulta/NfeConsulta2.asmx</NfeConsulta2>
      <NfeStatusServico2 service='nfeStatusServicoNF2' versao='3.10'>https://nfce-homologacao.svrs.rs.gov.br/ws/NfeStatusServico/NfeStatusServico2.asmx</NfeStatusServico2>
      <RecepcaoEvento service='nfeRecepcaoEvento' versao='1.00'>https://nfce-homologacao.svrs.rs.gov.br/ws/recepcaoevento/recepcaoevento.asmx</RecepcaoEvento>
      <URLAcesso>https://www.sefaz.ap.gov.br/sate/seg/SEGf_AcessarFuncao.jsp?cdFuncao=FIS_1261</URLAcesso>
      <URLQRCodeAcesso>https://www.sefaz.ap.gov.br/sate/seg/SEGf_AcessarFuncao.jsp?cdFuncao=FIS_1261</URLQRCodeAcesso>
      <IncluirQRCodeXMLNFCe ativo="1"></IncluirQRCodeXMLNFCe>
    </homologacao>
    <producao>
      <NfeAutorizacao service='NfeAutorizacao' versao='3.10'>https://nfce.svrs.rs.gov.br/ws/NfeAutorizacao/NFeAutorizacao.asmx</NfeAutorizacao>
      <NfeRetAutorizacao service='NfeRetAutorizacao' versao='3.10'>https://nfce.svrs.rs.gov.br/ws/NfeRetAutorizacao/NFeRetAutorizacao.asmx</NfeRetAutorizacao>
      <NfeInutilizacao2 service='nfeInutilizacaoNF2' versao='3.10'>https://nfce.svrs.rs.gov.br/ws/nfeinutilizacao/nfeinutilizacao2.asmx</NfeInutilizacao2>
      <NfeConsulta2 service='nfeConsultaNF2' versao='3.10'>https://nfce.svrs.rs.gov.br/ws/NfeConsulta/NfeConsulta2.asmx</NfeConsulta2>
      <NfeStatusServico2 service='nfeStatusServicoNF2' versao='3.10'>https://nfce.svrs.rs.gov.br/ws/NfeStatusServico/NfeStatusServico2.asmx</NfeStatusServico2>
      <RecepcaoEvento service='nfeRecepcaoEvento' versao='1.00'>https://nfce.svrs.rs.gov.br/ws/recepcaoevento/recepcaoevento.asmx</RecepcaoEvento>
      <URLAcesso>https://www.sefaz.ap.gov.br/sate/seg/SEGf_AcessarFuncao.jsp?cdFuncao=FIS_1261</URLAcesso>
      <URLQRCodeAcesso>https://www.sefaz.ap.gov.br/sate/seg/SEGf_AcessarFuncao.jsp?cdFuncao=FIS_1261</URLQRCodeAcesso>
      <IncluirQRCodeXMLNFCe ativo="1"></IncluirQRCodeXMLNFCe>
    </producao>
  </UF>
  <UF>
    <sigla>BA</sigla>
    <homologacao>
      <NfeAutorizacao service='NfeAutorizacao' versao='3.10'>https://nfce-homologacao.svrs.rs.gov.br/ws/NfeAutorizacao/NFeAutorizacao.asmx</NfeAutorizacao>
      <NfeRetAutorizacao service='NfeRetAutorizacao' versao='3.10'>https://nfce-homologacao.svrs.rs.gov.br/ws/NfeRetAutorizacao/NFeRetAutorizacao.asmx</NfeRetAutorizacao>
      <NfeInutilizacao2 service='nfeInutilizacaoNF2' versao='3.10'>https://nfce-homologacao.svrs.rs.gov.br/ws/nfeinutilizacao/nfeinutilizacao2.asmx</NfeInutilizacao2>
      <NfeConsulta2 service='nfeConsultaNF2' versao='3.10'>https://nfce-homologacao.svrs.rs.gov.br/ws/NfeConsulta/NfeConsulta2.asmx</NfeConsulta2>
      <NfeStatusServico2 service='nfeStatusServicoNF2' versao='3.10'>https://nfce-homologacao.svrs.rs.gov.br/ws/NfeStatusServico/NfeStatusServico2.asmx</NfeStatusServico2>
      <RecepcaoEvento service='nfeRecepcaoEvento' versao='1.00'>https://nfce-homologacao.svrs.rs.gov.br/ws/recepcaoevento/recepcaoevento.asmx</RecepcaoEvento>
      <URLAcesso>http://hnfe.sefaz.ba.gov.br/servicos/nfce/modulos/geral/NFCEC_consulta_chave_acesso.aspx</URLAcesso>
      <URLQRCodeAcesso>http://hnfe.sefaz.ba.gov.br/servicos/nfce/modulos/geral/NFCEC_consulta_chave_acesso.aspx</URLQRCodeAcesso>
      <IncluirQRCodeXMLNFCe ativo="1"></IncluirQRCodeXMLNFCe>
    </homologacao>
    <producao>
      <NfeAutorizacao service='NFeAutorizacao' versao='3.10'>https://nfce.svrs.rs.gov.br/ws/NfeAutorizacao/NFeAutorizacao.asmx</NfeAutorizacao>
      <NfeRetAutorizacao service='NFeRetAutorizacao' versao='3.10'>https://nfce.svrs.rs.gov.br/ws/NfeRetAutorizacao/NFeRetAutorizacao.asmx</NfeRetAutorizacao>
      <NfeInutilizacao2 service='NfeInutilizacao' versao='3.10'>https://nfce.svrs.rs.gov.br/ws/nfeinutilizacao/nfeinutilizacao2.asmx</NfeInutilizacao2>
      <NfeConsulta2 service='NfeConsultaProtocolo' versao='3.10'>https://nfce.svrs.rs.gov.br/ws/NfeConsulta/NfeConsulta2.asmx</NfeConsulta2>
      <NfeStatusServico2 service='NfeStatusServico' versao='3.10'>https://nfce.svrs.rs.gov.br/ws/NfeStatusServico/NfeStatusServico2.asmx</NfeStatusServico2>
      <CadConsultaCadastro2 service='NfeConsultaCadastro' versao='2.00'></CadConsultaCadastro2>
      <RecepcaoEvento service='RecepcaoEvento' versao='1.00'>https://nfce.svrs.rs.gov.br/ws/recepcaoevento/recepcaoevento.asmx</RecepcaoEvento>
      <URLAcesso>http://nfe.sefaz.ba.gov.br/servicos/nfce/modulos/geral/NFCEC_consulta_chave_acesso.aspx</URLAcesso>
      <URLQRCodeAcesso>http://nfe.sefaz.ba.gov.br/servicos/nfce/modulos/geral/NFCEC_consulta_chave_acesso.aspx</URLQRCodeAcesso>
      <IncluirQRCodeXMLNFCe ativo="1"></IncluirQRCodeXMLNFCe>
    </producao>
  </UF>
  <UF>
    <sigla>CE</sigla>
    <!-- SEFAZ CEARÁ - PROPRIO -->
    <homologacao>
      <NfeAutorizacao service='nfeAutorizacaoLote' versao='3.10'>https://nfeh.sefaz.ce.gov.br/nfe2/services/NfeAutorizacao</NfeAutorizacao>
      <NfeRetAutorizacao service='nfeRetAutorizacaoLote' versao='3.10'>https://nfeh.sefaz.ce.gov.br/nfe2/services/NfeRetAutorizacao</NfeRetAutorizacao>
      <NfeInutilizacao2 service='NfeInutilizacao' versao='3.10'>https://nfeh.sefaz.ce.gov.br/nfe2/services/NfeInutilizacao2</NfeInutilizacao2>
      <NfeConsulta2 service='nfeConsultaNF2' versao='3.10'>https://nfeh.sefaz.ce.gov.br/nfe2/services/NfeConsulta2</NfeConsulta2>
      <NfeStatusServico2 service='NfeStatusServico' versao='3.10'>https://nfeh.sefaz.ce.gov.br/nfe2/services/NfeStatusServico2</NfeStatusServico2>
      <CadConsultaCadastro2 service='NfeConsultaCadastro' versao='2.00'>https://nfeh.sefaz.ce.gov.br/nfe2/services/CadConsultaCadastro2</CadConsultaCadastro2>
      <RecepcaoEvento service='RecepcaoEvento' versao='1.00'>https://nfeh.sefaz.ce.gov.br/nfe2/services/RecepcaoEvento</RecepcaoEvento>
    </homologacao>
    <!-- SEFAZ CEARÁ - PROPRIO -->
    <producao>
      <NfeAutorizacao service='nfeAutorizacaoLote' versao='3.10'>https://nfe.sefaz.ce.gov.br/nfe2/services/NfeAutorizacao</NfeAutorizacao>
      <NfeRetAutorizacao service='nfeRetAutorizacaoLote' versao='3.10'>https://nfe.sefaz.ce.gov.br/nfe2/services/NfeRetAutorizacao</NfeRetAutorizacao>
      <NfeInutilizacao2 service='NfeInutilizacao' versao='3.10'>https://nfe.sefaz.ce.gov.br/nfe2/services/NfeInutilizacao2</NfeInutilizacao2>
      <NfeConsulta2 service='nfeConsultaNF2' versao='3.10'>https://nfe.sefaz.ce.gov.br/nfe2/services/NfeConsulta2</NfeConsulta2>
      <NfeStatusServico2 service='NfeStatusServico' versao='3.10'>https://nfe.sefaz.ce.gov.br/nfe2/services/NfeStatusServico2</NfeStatusServico2>
      <CadConsultaCadastro2 service='NfeConsultaCadastro' versao='2.00'>https://nfe.sefaz.ce.gov.br/nfe2/services/CadConsultaCadastro2</CadConsultaCadastro2>
      <RecepcaoEvento service='RecepcaoEvento' versao='1.00'>https://nfe.sefaz.ce.gov.br/nfe2/services/RecepcaoEvento</RecepcaoEvento>
    </producao>
  </UF>
  <UF>
    <sigla>DF</sigla>
    <homologacao>
      <NfeAutorizacao service='NfeAutorizacao' versao='3.10'>https://nfce-homologacao.svrs.rs.gov.br/ws/NfeAutorizacao/NFeAutorizacao.asmx</NfeAutorizacao>
      <NfeRetAutorizacao service='NfeRetAutorizacao' versao='3.10'>https://nfce-homologacao.svrs.rs.gov.br/ws/NfeRetAutorizacao/NFeRetAutorizacao.asmx</NfeRetAutorizacao>
      <NfeCancelamento2 service='nfeCancelamentoNF2' versao='3.00'>https://homolog.nfe.fazenda.df.gov.br/nfe/ServiceCancelamento2.asmx</NfeCancelamento2>
      <NfeInutilizacao2 service='nfeInutilizacaoNF2' versao='3.10'>https://nfce-homologacao.svrs.rs.gov.br/ws/nfeinutilizacao/nfeinutilizacao2.asmx</NfeInutilizacao2>
      <NfeConsulta2 service='nfeConsultaNF2' versao='3.10'>https://nfce-homologacao.svrs.rs.gov.br/ws/NfeConsulta/NfeConsulta2.asmx</NfeConsulta2>
      <NfeStatusServico2 service='nfeStatusServicoNF2' versao='3.10'>https://nfce-homologacao.svrs.rs.gov.br/ws/NfeStatusServico/NfeStatusServico2.asmx</NfeStatusServico2>
      <CadConsultaCadastro2 service='consultaCadastro2' versao='2.00'>https://homolog.nfe.fazenda.df.gov.br/nfe/ServiceConsultaCadastro2.asmx</CadConsultaCadastro2>
      <RecepcaoEvento service='nfeRecepcaoEvento' versao='1.00'>https://nfce-homologacao.svrs.rs.gov.br/ws/recepcaoevento/recepcaoevento.asmx</RecepcaoEvento>
      <URLAcesso>http://dec.fazenda.df.gov.br/ConsultarNFCe.aspx</URLAcesso>
      <URLQRCodeAcesso>http://dec.fazenda.df.gov.br/ConsultarNFCe.aspx</URLQRCodeAcesso>
      <IncluirQRCodeXMLNFCe ativo="1"></IncluirQRCodeXMLNFCe>
    </homologacao>
    <producao>
      <NfeAutorizacao service='NFeAutorizacao' versao='3.10'>https://nfce.svrs.rs.gov.br/ws/NfeAutorizacao/NFeAutorizacao.asmx</NfeAutorizacao>
      <NfeRetAutorizacao service='NFeRetAutorizacao' versao='3.10'>https://nfce.svrs.rs.gov.br/ws/NfeRetAutorizacao/NFeRetAutorizacao.asmx</NfeRetAutorizacao>
      <NfeCancelamento2 service='nfeCancelamentoNF2' versao='3.00'>https://dec.fazenda.df.gov.br/nfe/ServiceCancelamento2.asmx</NfeCancelamento2>
      <NfeInutilizacao2 service='NfeInutilizacao' versao='3.10'>https://nfce.svrs.rs.gov.br/ws/nfeinutilizacao/nfeinutilizacao2.asmx</NfeInutilizacao2>
      <NfeConsulta2 service='nfeConsultaNF2' versao='3.10'>https://nfce.svrs.rs.gov.br/ws/NfeConsulta/NfeConsulta2.asmx</NfeConsulta2>
      <NfeStatusServico2 service='NfeStatusServico' versao='3.10'>https://nfce.svrs.rs.gov.br/ws/NfeStatusServico/NfeStatusServico2.asmx</NfeStatusServico2>
      <CadConsultaCadastro2 service='NfeConsultaCadastro' versao='2.00'></CadConsultaCadastro2>
      <RecepcaoEvento service='RecepcaoEvento' versao='1.00'>https://nfce.svrs.rs.gov.br/ws/recepcaoevento/recepcaoevento.asmx</RecepcaoEvento>
      <URLAcesso>http://dec.fazenda.df.gov.br/ConsultarNFCe.aspx</URLAcesso>
      <URLQRCodeAcesso>http://dec.fazenda.df.gov.br/ConsultarNFCe.aspx</URLQRCodeAcesso>
      <IncluirQRCodeXMLNFCe ativo="1"></IncluirQRCodeXMLNFCe>
    </producao>
  </UF>
  <UF>
    <sigla>ES</sigla>
    <!--  SEFAZ VIRTUAL AMBIENTE NACIONAL  -->
    <homologacao>
      <NfeAutorizacao service='NfeAutorizacao' versao='3.10'>https://nfce-homologacao.svrs.rs.gov.br/ws/NfeAutorizacao/NFeAutorizacao.asmx</NfeAutorizacao>
      <NfeRetAutorizacao service='NfeRetAutorizacao' versao='3.10'>https://nfce-homologacao.svrs.rs.gov.br/ws/NfeRetAutorizacao/NFeRetAutorizacao.asmx</NfeRetAutorizacao>
      <NfeInutilizacao2 service='nfeInutilizacaoNF2' versao='3.10'>https://nfce-homologacao.svrs.rs.gov.br/ws/nfeinutilizacao/nfeinutilizacao2.asmx</NfeInutilizacao2>
      <NfeConsulta2 service='nfeConsultaNF2' versao='3.10'>https://nfce-homologacao.svrs.rs.gov.br/ws/NfeConsulta/NfeConsulta2.asmx</NfeConsulta2>
      <NfeStatusServico2 service='nfeStatusServicoNF2' versao='3.10'>https://nfce-homologacao.svrs.rs.gov.br/ws/NfeStatusServico/NfeStatusServico2.asmx</NfeStatusServico2>
      <RecepcaoEvento service='nfeRecepcaoEvento' versao='1.00'>https://nfce-homologacao.svrs.rs.gov.br/ws/recepcaoevento/recepcaoevento.asmx</RecepcaoEvento>
      <URLAcesso>http://app.sefaz.es.gov.br/ConsultaNFCe/</URLAcesso>
      <URLQRCodeAcesso>http://homologacao.sefaz.es.gov.br/ConsultaNFCe/qrcode.aspx</URLQRCodeAcesso>
      <IncluirQRCodeXMLNFCe ativo="1"></IncluirQRCodeXMLNFCe>
    </homologacao>
    <producao>
      <NfeAutorizacao service='NfeAutorizacao' versao='3.10'>https://nfce.svrs.rs.gov.br/ws/NfeAutorizacao/NFeAutorizacao.asmx</NfeAutorizacao>
      <NfeRetAutorizacao service='NfeRetAutorizacao' versao='3.10'>https://nfce.svrs.rs.gov.br/ws/NfeRetAutorizacao/NFeRetAutorizacao.asmx</NfeRetAutorizacao>
      <NfeInutilizacao2 service='nfeInutilizacaoNF2' versao='3.10'>https://nfce.svrs.rs.gov.br/ws/nfeinutilizacao/nfeinutilizacao2.asmx</NfeInutilizacao2>
      <NfeConsulta2 service='nfeConsultaNF2' versao='3.10'>https://nfce.svrs.rs.gov.br/ws/NfeConsulta/NfeConsulta2.asmx</NfeConsulta2>
      <NfeStatusServico2 service='nfeStatusServicoNF2' versao='3.10'>https://nfce.svrs.rs.gov.br/ws/NfeStatusServico/NfeStatusServico2.asmx</NfeStatusServico2>
      <RecepcaoEvento service='nfeRecepcaoEvento' versao='1.00'>https://nfce.svrs.rs.gov.br/ws/recepcaoevento/recepcaoevento.asmx</RecepcaoEvento>
      <URLAcesso>http://app.sefaz.es.gov.br/ConsultaNFCe/</URLAcesso>
      <URLQRCodeAcesso>http://app.sefaz.es.gov.br/ConsultaNFCe/qrcode.aspx</URLQRCodeAcesso>
      <IncluirQRCodeXMLNFCe ativo="1"></IncluirQRCodeXMLNFCe>
    </producao>
  </UF>
  <UF>
    <sigla>GO</sigla>
    <homologacao>
      <NfeAutorizacao service='NfeAutorizacao' versao='3.10'>https://homolog.sefaz.go.gov.br/nfe/services/v2/NfeAutorizacao</NfeAutorizacao>
      <NfeRetAutorizacao service='NfeRetAutorizacao' versao='3.10'>https://homolog.sefaz.go.gov.br/nfe/services/v2/NfeRetAutorizacao</NfeRetAutorizacao>
      <NfeRecepcao2 service='nfeRecepcaoLote2' versao='3.10'>https://homolog.sefaz.go.gov.br/nfe/services/v2/NfeRecepcao2</NfeRecepcao2>
      <NfeRetRecepcao2 service='nfeRetRecepcao2' versao='3.10'>https://homolog.sefaz.go.gov.br/nfe/services/v2/NfeRetRecepcao2</NfeRetRecepcao2>
      <NfeCancelamento2 service='nfeCancelamentoNF2' versao='3.10'>https://homolog.sefaz.go.gov.br/nfe/services/NfeCancelamento2</NfeCancelamento2>
      <NfeInutilizacao2 service='nfeInutilizacaoNF2' versao='3.10'>https://homolog.sefaz.go.gov.br/nfe/services/v2/NfeInutilizacao2</NfeInutilizacao2>
      <NfeConsulta2 service='nfeConsultaNF2' versao='3.10'>https://homolog.sefaz.go.gov.br/nfe/services/v2/NfeConsulta2</NfeConsulta2>
      <NfeStatusServico2 service='nfeStatusServicoNF2' versao='3.10'>https://homolog.sefaz.go.gov.br/nfe/services/v2/NfeStatusServico2</NfeStatusServico2>
      <CadConsultaCadastro2 service='cadconsultacadastro2' versao='2.00'>https://homolog.sefaz.go.gov.br/nfe/services/v2/CadConsultaCadastro2</CadConsultaCadastro2>
      <RecepcaoEvento service='nfeRecepcaoEvento' versao='1.00'>https://homolog.sefaz.go.gov.br/nfe/services/v2/RecepcaoEvento</RecepcaoEvento>
      <URLAcesso>http://homolog.sefaz.go.gov.br/nfeweb/sites/nfce/danfeNFCe</URLAcesso>
      <URLQRCodeAcesso>http://homolog.sefaz.go.gov.br/nfeweb/sites/nfce/danfeNFCe</URLQRCodeAcesso>
      <IncluirQRCodeXMLNFCe ativo="1"></IncluirQRCodeXMLNFCe>
    </homologacao>
    <producao>
      <NfeAutorizacao service='NfeAutorizacao' versao='3.10'>https://nfe.sefaz.go.gov.br/nfe/services/v2/NfeAutorizacao</NfeAutorizacao>
      <NfeRetAutorizacao service='NfeRetAutorizacao' versao='3.10'>https://nfe.sefaz.go.gov.br/nfe/services/v2/NfeRetAutorizacao</NfeRetAutorizacao>
      <NfeRecepcao2 service='nfeRecepcaoLote2' versao='3.10'>https://nfe.sefaz.go.gov.br/nfe/services/v2/NfeRecepcao2</NfeRecepcao2>
      <NfeRetRecepcao2 service='nfeRetRecepcao2' versao='3.10'>https://nfe.sefaz.go.gov.br/nfe/services/v2/NfeRetRecepcao2</NfeRetRecepcao2>
      <NfeCancelamento2 service='nfeCancelamentoNF2' versao='3.10'>https://nfe.sefaz.go.gov.br/nfe/services/NfeCancelamento2</NfeCancelamento2>
      <NfeInutilizacao2 service='nfeInutilizacaoNF2' versao='3.10'>https://nfe.sefaz.go.gov.br/nfe/services/v2/NfeInutilizacao2</NfeInutilizacao2>
      <NfeConsulta2 service='nfeConsultaNF2' versao='3.10'>https://nfe.sefaz.go.gov.br/nfe/services/v2/NfeConsulta2</NfeConsulta2>
      <NfeStatusServico2 service='nfeStatusServicoNF2' versao='3.10'>https://nfe.sefaz.go.gov.br/nfe/services/v2/NfeStatusServico2</NfeStatusServico2>
      <CadConsultaCadastro2 service='cadconsultacadastro2' versao='2.00'>https://nfe.sefaz.go.gov.br/nfe/services/v2/CadConsultaCadastro2</CadConsultaCadastro2>
      <RecepcaoEvento service='nfeRecepcaoEvento' versao='1.00'>https://nfe.sefaz.go.gov.br/nfe/services/v2/RecepcaoEvento</RecepcaoEvento>
      <URLAcesso>http://nfe.sefaz.go.gov.br/nfeweb/sites/nfce/danfeNFCe</URLAcesso>
      <URLQRCodeAcesso>http://nfe.sefaz.go.gov.br/nfeweb/sites/nfce/danfeNFCe</URLQRCodeAcesso>
      <IncluirQRCodeXMLNFCe ativo="1"></IncluirQRCodeXMLNFCe>
    </producao>
  </UF>
  <UF>
    <sigla>MA</sigla>
    <!--  SEFAZ VIRTUAL RIO GRANDE DO SUL  -->
    <homologacao>
      <NfeAutorizacao service='NfeAutorizacao' versao='3.10'>https://nfce-homologacao.svrs.rs.gov.br/ws/NfeAutorizacao/NFeAutorizacao.asmx</NfeAutorizacao>
      <NfeRetAutorizacao service='NfeRetAutorizacao' versao='3.10'>https://nfce-homologacao.svrs.rs.gov.br/ws/NfeRetAutorizacao/NFeRetAutorizacao.asmx</NfeRetAutorizacao>
      <NfeInutilizacao2 service='nfeInutilizacaoNF2' versao='3.10'>https://nfce-homologacao.svrs.rs.gov.br/ws/nfeinutilizacao/nfeinutilizacao2.asmx</NfeInutilizacao2>
      <NfeConsulta2 service='nfeConsultaNF2' versao='3.10'>https://nfce-homologacao.svrs.rs.gov.br/ws/NfeConsulta/NfeConsulta2.asmx</NfeConsulta2>
      <NfeStatusServico2 service='nfeStatusServicoNF2' versao='3.10'>https://nfce-homologacao.svrs.rs.gov.br/ws/NfeStatusServico/NfeStatusServico2.asmx</NfeStatusServico2>
      <RecepcaoEvento service='nfeRecepcaoEvento' versao='1.00'>https://nfce-homologacao.svrs.rs.gov.br/ws/recepcaoevento/recepcaoevento.asmx</RecepcaoEvento>
      <URLAcesso>http://www.hom.nfce.sefaz.ma.gov.br/portal/consultarNFCe.jsp</URLAcesso>
      <URLQRCodeAcesso>http://www.hom.nfce.sefaz.ma.gov.br/portal/consultarNFCe.jsp</URLQRCodeAcesso>
      <IncluirQRCodeXMLNFCe ativo="1"></IncluirQRCodeXMLNFCe>
    </homologacao>
    <producao>
      <NfeAutorizacao service='NfeAutorizacao' versao='3.10'>https://nfce.svrs.rs.gov.br/ws/NfeAutorizacao/NFeAutorizacao.asmx</NfeAutorizacao>
      <NfeRetAutorizacao service='NfeRetAutorizacao' versao='3.10'>https://nfce.svrs.rs.gov.br/ws/NfeRetAutorizacao/NFeRetAutorizacao.asmx</NfeRetAutorizacao>
      <NfeInutilizacao2 service='nfeInutilizacaoNF2' versao='3.10'>https://nfce.svrs.rs.gov.br/ws/nfeinutilizacao/nfeinutilizacao2.asmx</NfeInutilizacao2>
      <NfeConsulta2 service='nfeConsultaNF2' versao='3.10'>https://nfce.svrs.rs.gov.br/ws/NfeConsulta/NfeConsulta2.asmx</NfeConsulta2>
      <NfeStatusServico2 service='nfeStatusServicoNF2' versao='3.10'>https://nfce.svrs.rs.gov.br/ws/NfeStatusServico/NfeStatusServico2.asmx</NfeStatusServico2>
      <RecepcaoEvento service='nfeRecepcaoEvento' versao='1.00'>https://nfce.svrs.rs.gov.br/ws/recepcaoevento/recepcaoevento.asmx</RecepcaoEvento>
      <URLAcesso>http://www.nfce.sefaz.ma.gov.br/portal/consultarNFCe.jsp</URLAcesso>
      <URLQRCodeAcesso>http://www.nfce.sefaz.ma.gov.br/portal/consultarNFCe.jsp</URLQRCodeAcesso>
      <IncluirQRCodeXMLNFCe ativo="1"></IncluirQRCodeXMLNFCe>
    </producao>
  </UF>
  <UF>
    <sigla>MG</sigla>
    <homologacao>
      <NfeRecepcao2 service='nfeRecepcaoLote2' versao='3.10'>https://hnfe.fazenda.mg.gov.br/nfe/services/NfeRecepcao2</NfeRecepcao2>
      <NfeRetRecepcao2 service='nfeRetRecepcao2' versao='3.10'>https://hnfe.fazenda.mg.gov.br/nfe/services/NfeRetRecepcao2</NfeRetRecepcao2>
      <NfeCancelamento2 service='nfeCancelamentoNF2' versao='3.10'>https://hnfe.fazenda.mg.gov.br/nfe/services/NfeCancelamento2</NfeCancelamento2>
      <NfeInutilizacao2 service='nfeInutilizacaoNF2' versao='3.10'>https://hnfe.fazenda.mg.gov.br/nfe/services/NfeInutilizacao2</NfeInutilizacao2>
      <NfeConsulta2 service='nfeConsultaNF2' versao='3.10'>https://hnfe.fazenda.mg.gov.br/nfe/services/NfeConsulta2</NfeConsulta2>
      <NfeStatusServico2 service='nfeStatusServicoNF2' versao='3.10'>https://hnfe.fazenda.mg.gov.br/nfe/services/NfeStatusServico2</NfeStatusServico2>
      <CadConsultaCadastro2 service='consultaCadastro2' versao='2.00'>https://hnfe.fazenda.mg.gov.br/nfe2/services/cadconsultacadastro2</CadConsultaCadastro2>
      <RecepcaoEvento service='nfeRecepcaoEvento' versao='1.00'>https://hnfe.fazenda.mg.gov.br/nfe2/services/RecepcaoEvento</RecepcaoEvento>
      <IncluirQRCodeXMLNFCe ativo="0"></IncluirQRCodeXMLNFCe>
    </homologacao>
    <producao>
      <NfeRecepcao2 service='nfeRecepcaoLote2' versao='3.10'>https://nfe.fazenda.mg.gov.br/nfe/services/NfeRecepcao2</NfeRecepcao2>
      <NfeRetRecepcao2 service='nfeRetRecepcao2' versao='3.10'>https://nfe.fazenda.mg.gov.br/nfe/services/NfeRetRecepcao2</NfeRetRecepcao2>
      <NfeCancelamento2 service='nfeCancelamentoNF2' versao='3.10'>https://nfe.fazenda.mg.gov.br/nfe/services/NfeCancelamento2</NfeCancelamento2>
      <NfeInutilizacao2 service='nfeInutilizacaoNF2' versao='3.10'>https://nfe.fazenda.mg.gov.br/nfe/services/NfeInutilizacao2</NfeInutilizacao2>
      <NfeConsulta2 service='nfeConsultaNF2' versao='3.10'>https://nfe.fazenda.mg.gov.br/nfe/services/NfeConsulta2</NfeConsulta2>
      <NfeStatusServico2 service='nfeStatusServicoNF2' versao='3.10'>https://nfe.fazenda.mg.gov.br/nfe/services/NfeStatusServico2</NfeStatusServico2>
      <CadConsultaCadastro2 service='consultaCadastro2' versao='2.00'></CadConsultaCadastro2>
      <RecepcaoEvento service='nfeRecepcaoEvento' versao='1.00'>https://nfe.fazenda.mg.gov.br/nfe2/services/RecepcaoEvento</RecepcaoEvento>
      <IncluirQRCodeXMLNFCe ativo="0"></IncluirQRCodeXMLNFCe>
    </producao>
  </UF>
  <UF>
    <sigla>MS</sigla>
    <homologacao>
      <NfeAutorizacao service='NfeAutorizacao' versao='3.10'>https://homologacao.nfce.fazenda.ms.gov.br/homologacao/services2/NfeAutorizacao</NfeAutorizacao>
      <NfeRetAutorizacao service='NfeRetAutorizacao' versao='3.10'>https://homologacao.nfce.fazenda.ms.gov.br/homologacao/services2/NfeRetAutorizacao</NfeRetAutorizacao>
      <NfeInutilizacao2 service='nfeInutilizacaoNF2' versao='3.10'>https://homologacao.nfce.fazenda.ms.gov.br/homologacao/services2/NfeInutilizacao2</NfeInutilizacao2>
      <NfeConsulta2 service='nfeConsultaNF2' versao='3.10'>https://homologacao.nfce.fazenda.ms.gov.br/homologacao/services2/NfeConsulta2</NfeConsulta2>
      <NfeStatusServico2 service='nfeStatusServicoNF2' versao='3.10'>https://homologacao.nfce.fazenda.ms.gov.br/homologacao/services2/NfeStatusServico2</NfeStatusServico2>
      <RecepcaoEvento service='nfeRecepcaoEvento' versao='1.00'>https://homologacao.nfce.fazenda.ms.gov.br/homologacao/services2/RecepcaoEvento</RecepcaoEvento>
      <URLAcesso>http://www.dfe.ms.gov.br/nfce/qrcode?</URLAcesso>
      <URLQRCodeAcesso>http://www.dfe.ms.gov.br/nfce/qrcode?</URLQRCodeAcesso>
      <IncluirQRCodeXMLNFCe ativo="1"></IncluirQRCodeXMLNFCe>
    </homologacao>
    <producao>
      <NfeAutorizacao service='NfeAutorizacao' versao='3.10'>https://nfce.fazenda.ms.gov.br/producao/services2/NfeAutorizacao</NfeAutorizacao>
      <NfeRetAutorizacao service='NfeRetAutorizacao' versao='3.10'>https://nfce.fazenda.ms.gov.br/producao/services2/NfeRetAutorizacao</NfeRetAutorizacao>
      <NfeInutilizacao2 service='nfeInutilizacaoNF2' versao='3.10'>https://nfce.fazenda.ms.gov.br/producao/services2/NfeInutilizacao2</NfeInutilizacao2>
      <NfeConsulta2 service='nfeConsultaNF2' versao='3.10'>https://nfce.fazenda.ms.gov.br/producao/services2/NfeConsulta2</NfeConsulta2>
      <NfeStatusServico2 service='nfeStatusServicoNF2' versao='3.10'>https://nfce.fazenda.ms.gov.br/producao/services2/NfeStatusServico2</NfeStatusServico2>
      <RecepcaoEvento service='nfeRecepcaoEvento' versao='1.00'>https://nfce.fazenda.ms.gov.br/producao/services2/RecepcaoEvento</RecepcaoEvento>
      <URLAcesso>http://www.dfe.ms.gov.br/nfce/qrcode?</URLAcesso>
      <URLQRCodeAcesso>http://www.dfe.ms.gov.br/nfce/qrcode?</URLQRCodeAcesso>
      <IncluirQRCodeXMLNFCe ativo="1"></IncluirQRCodeXMLNFCe>
    </producao>
  </UF>
  <UF>
    <sigla>MT</sigla>
    <homologacao>
      <NfeAutorizacao service='NfeAutorizacao' versao='3.10'>https://homologacao.sefaz.mt.gov.br/nfcews/services/NfeAutorizacao</NfeAutorizacao>
      <NfeRetAutorizacao service='NfeRetAutorizacao' versao='3.10'>https://homologacao.sefaz.mt.gov.br/nfcews/services/NfeRetAutorizacao</NfeRetAutorizacao>
      <NfeInutilizacao2 service='nfeInutilizacaoNF2' versao='3.10'>https://homologacao.sefaz.mt.gov.br/nfcews/services/NfeInutilizacao2</NfeInutilizacao2>
      <NfeConsulta2 service='nfeConsultaNF2' versao='3.10'>https://homologacao.sefaz.mt.gov.br/nfcews/services/NfeConsulta2</NfeConsulta2>
      <NfeStatusServico2 service='nfeStatusServicoNF2' versao='3.10'>https://homologacao.sefaz.mt.gov.br/nfcews/services/NfeStatusServico2</NfeStatusServico2>
      <CadConsultaCadastro2 service='' versao=''></CadConsultaCadastro2>
      <RecepcaoEvento service='nfeRecepcaoEvento' versao='1.00'>https://homologacao.sefaz.mt.gov.br/nfcews/services/RecepcaoEvento</RecepcaoEvento>
      <URLAcesso>http://homologacao.sefaz.mt.gov.br/nfce/consultanfce</URLAcesso>
      <URLQRCodeAcesso>http://homologacao.sefaz.mt.gov.br/nfce/consultanfce</URLQRCodeAcesso>
      <IncluirQRCodeXMLNFCe ativo="1"></IncluirQRCodeXMLNFCe>
    </homologacao>
    <producao>
      <NfeAutorizacao service='NfeAutorizacao' versao='3.10'>https://nfce.sefaz.mt.gov.br/nfcews/services/NfeAutorizacao</NfeAutorizacao>
      <NfeRetAutorizacao service='NfeRetAutorizacao' versao='3.10'>https://nfce.sefaz.mt.gov.br/nfcews/services/NfeRetAutorizacao</NfeRetAutorizacao>
      <NfeInutilizacao2 service='nfeInutilizacaoNF2' versao='3.10'>https://nfce.sefaz.mt.gov.br/nfcews/services/NfeInutilizacao2</NfeInutilizacao2>
      <NfeConsulta2 service='nfeConsultaNF2' versao='3.10'>https://nfce.sefaz.mt.gov.br/nfcews/services/NfeConsulta2</NfeConsulta2>
      <NfeStatusServico2 service='nfeStatusServicoNF2' versao='3.10'>https://nfce.sefaz.mt.gov.br/nfcews/services/NfeStatusServico2</NfeStatusServico2>
      <CadConsultaCadastro2 service='consultaCadastro2' versao='2.00'>https://nfe.sefaz.mt.gov.br/nfews/CadConsultaCadastro2</CadConsultaCadastro2>
      <RecepcaoEvento service='nfeRecepcaoEvento' versao='1.00'>https://nfce.sefaz.mt.gov.br/nfcews/services/RecepcaoEvento</RecepcaoEvento>
      <URLAcesso>http://www.sefaz.mt.gov.br/nfce/consultanfce</URLAcesso>
      <URLQRCodeAcesso>http://www.sefaz.mt.gov.br/nfce/consultanfce</URLQRCodeAcesso>
      <IncluirQRCodeXMLNFCe ativo="1"></IncluirQRCodeXMLNFCe>
    </producao>
  </UF>
  <UF>
    <sigla>PA</sigla>
    <!--  SEFAZ VIRTUAL AMBIENTE NACIONAL  -->
    <homologacao>
      <!--  Usa o do Amazonas  -->
      <NfeAutorizacao service='NfeAutorizacao' versao='3.10'>https://homnfce.sefaz.am.gov.br/nfce-services-nac/services/NfeAutorizacao</NfeAutorizacao>
      <NfeRetAutorizacao service='NfeRetAutorizacao' versao='3.10'>https://homnfce.sefaz.am.gov.br/nfce-services-nac/services/NfeRetAutorizacao</NfeRetAutorizacao>
      <NfeInutilizacao2 service='nfeInutilizacaoNF2' versao='3.10'>https://homnfce.sefaz.am.gov.br/nfce-services-nac/services/NfeInutilizacao2</NfeInutilizacao2>
      <NfeConsulta2 service='nfeConsultaNF2' versao='3.10'>https://homnfce.sefaz.am.gov.br/nfce-services-nac/services/NfeConsulta2</NfeConsulta2>
      <NfeStatusServico2 service='nfeStatusServicoNF2' versao='3.10'>https://homnfce.sefaz.am.gov.br/nfce-services-nac/services/NfeStatusServico2</NfeStatusServico2>
      <CadConsultaCadastro2 service='consultaCadastro2' versao='2.00'>https://nfce.sefaz.am.gov.br/nfce-services/services/NfeConsulta2</CadConsultaCadastro2>
      <RecepcaoEvento service='nfeRecepcaoEvento' versao='1.00'>https://homnfce.sefaz.am.gov.br/nfce-services-nac/services/NfeRetRecepcao2</RecepcaoEvento>
      <URLAcesso>https://homnfce.sefaz.am.gov.br/nfceweb/consultarNFCe.jsp</URLAcesso>
      <URLQRCodeAcesso>https://homnfce.sefaz.am.gov.br/nfceweb/consultarNFCe.jsp</URLQRCodeAcesso>
      <IncluirQRCodeXMLNFCe ativo="1"></IncluirQRCodeXMLNFCe>
    </homologacao>
    <producao>
      <NfeAutorizacao service='NfeAutorizacao' versao='3.10'>https://nfce.svrs.rs.gov.br/ws/NfeAutorizacao/NFeAutorizacao.asmx</NfeAutorizacao>
      <NfeRetAutorizacao service='NfeRetAutorizacao' versao='3.10'>https://nfce.svrs.rs.gov.br/ws/NfeRetAutorizacao/NFeRetAutorizacao.asmx</NfeRetAutorizacao>
      <NfeInutilizacao2 service='nfeInutilizacaoNF2' versao='3.10'>https://nfce.svrs.rs.gov.br/ws/nfeinutilizacao/nfeinutilizacao2.asmx</NfeInutilizacao2>
      <NfeConsulta2 service='nfeConsultaNF2' versao='3.10'>https://nfce.svrs.rs.gov.br/ws/NfeConsulta/NfeConsulta2.asmx</NfeConsulta2>
      <NfeStatusServico2 service='nfeStatusServicoNF2' versao='3.10'>https://nfce.svrs.rs.gov.br/ws/NfeStatusServico/NfeStatusServico2.asmx</NfeStatusServico2>
      <CadConsultaCadastro2 service='NfeConsultaCadastro' versao='2.00'>https://svp-ws.sefazvirtual.rs.gov.br/ws/CadConsultaCadastro/CadConsultaCadastro2.asmx</CadConsultaCadastro2>
      <RecepcaoEvento service='nfeRecepcaoEvento' versao='1.00'>https://nfce.svrs.rs.gov.br/ws/recepcaoevento/recepcaoevento.asmx</RecepcaoEvento>
      <URLAcesso>https://appnfc.sefa.pa.gov.br/portal/view/consultas/nfce/consultanfce.seam</URLAcesso>
      <URLQRCodeAcesso>https://appnfc.sefa.pa.gov.br/portal/view/consultas/nfce/nfceForm.seam</URLQRCodeAcesso>
      <IncluirQRCodeXMLNFCe ativo="1"></IncluirQRCodeXMLNFCe>
    </producao>
  </UF>
  <UF>
    <sigla>PB</sigla>
    <!--  SEFAZ VIRTUAL RIO GRANDE DO SUL  -->
    <homologacao>
      <NfeAutorizacao service='NfeAutorizacao' versao='3.10'>https://nfce-homologacao.svrs.rs.gov.br/ws/NfeAutorizacao/NFeAutorizacao.asmx</NfeAutorizacao>
      <NfeRetAutorizacao service='NfeRetAutorizacao' versao='3.10'>https://nfce-homologacao.svrs.rs.gov.br/ws/NfeRetAutorizacao/NFeRetAutorizacao.asmx</NfeRetAutorizacao>
      <NfeInutilizacao2 service='nfeInutilizacaoNF2' versao='3.10'>https://nfce-homologacao.svrs.rs.gov.br/ws/nfeinutilizacao/nfeinutilizacao2.asmx</NfeInutilizacao2>
      <NfeConsulta2 service='nfeConsultaNF2' versao='3.10'>https://nfce-homologacao.svrs.rs.gov.br/ws/NfeConsulta/NfeConsulta2.asmx</NfeConsulta2>
      <NfeStatusServico2 service='nfeStatusServicoNF2' versao='3.10'>https://nfce-homologacao.svrs.rs.gov.br/ws/NfeStatusServico/NfeStatusServico2.asmx</NfeStatusServico2>
      <RecepcaoEvento service='nfeRecepcaoEvento' versao='1.00'>https://nfce-homologacao.svrs.rs.gov.br/ws/recepcaoevento/recepcaoevento.asmx</RecepcaoEvento>
      <URLAcesso>http://www.receita.pb.gov.br/nfcehom</URLAcesso>
      <URLQRCodeAcesso>http://www.receita.pb.gov.br/nfcehom</URLQRCodeAcesso>
      <IncluirQRCodeXMLNFCe ativo="1"></IncluirQRCodeXMLNFCe>
    </homologacao>
    <producao>
      <NfeAutorizacao service='NfeAutorizacao' versao='3.10'>https://nfce.svrs.rs.gov.br/ws/NfeAutorizacao/NFeAutorizacao.asmx</NfeAutorizacao>
      <NfeRetAutorizacao service='NfeRetAutorizacao' versao='3.10'>https://nfce.svrs.rs.gov.br/ws/NfeRetAutorizacao/NFeRetAutorizacao.asmx</NfeRetAutorizacao>
      <NfeInutilizacao2 service='nfeInutilizacaoNF2' versao='3.10'>https://nfce.svrs.rs.gov.br/ws/nfeinutilizacao/nfeinutilizacao2.asmx</NfeInutilizacao2>
      <NfeConsulta2 service='nfeConsultaNF2' versao='3.10'>https://nfce.svrs.rs.gov.br/ws/NfeConsulta/NfeConsulta2.asmx</NfeConsulta2>
      <NfeStatusServico2 service='nfeStatusServicoNF2' versao='3.10'>https://nfce.svrs.rs.gov.br/ws/NfeStatusServico/NfeStatusServico2.asmx</NfeStatusServico2>
      <RecepcaoEvento service='nfeRecepcaoEvento' versao='1.00'>https://nfce.svrs.rs.gov.br/ws/recepcaoevento/recepcaoevento.asmx</RecepcaoEvento>
      <URLAcesso>http://www.receita.pb.gov.br/nfce</URLAcesso>
      <URLQRCodeAcesso>http://www.receita.pb.gov.br/nfce</URLQRCodeAcesso>
      <IncluirQRCodeXMLNFCe ativo="1"></IncluirQRCodeXMLNFCe>
    </producao>
  </UF>
  <UF>
    <sigla>PE</sigla>
    <homologacao>
      <NfeAutorizacao service='NfeAutorizacao' versao='3.10'>https://nfce-homologacao.svrs.rs.gov.br/ws/NfeAutorizacao/NFeAutorizacao.asmx</NfeAutorizacao>
      <NfeRetAutorizacao service='NfeRetAutorizacao' versao='3.10'>https://nfce-homologacao.svrs.rs.gov.br/ws/NfeRetAutorizacao/NFeRetAutorizacao.asmx</NfeRetAutorizacao>
      <NfeInutilizacao2 service='nfeInutilizacao' versao='3.10'>https://nfce-homologacao.svrs.rs.gov.br/ws/nfeinutilizacao/nfeinutilizacao2.asmx</NfeInutilizacao2>
      <NfeConsulta2 service='NfeConsultaProtocolo' versao='3.10'>https://nfce-homologacao.svrs.rs.gov.br/ws/NfeConsulta/NfeConsulta2.asmx</NfeConsulta2>
      <NfeStatusServico service='nfeStatusServico' versao='3.10'>https://nfce-homologacao.svrs.rs.gov.br/ws/NfeStatusServico/NfeStatusServico2.asmx</NfeStatusServico>
      <RecepcaoEvento service='RecepcaoEvento' versao='1.00'>https://nfce-homologacao.svrs.rs.gov.br/ws/recepcaoevento/recepcaoevento.asmx</RecepcaoEvento>
      <URLAcesso>http://nfcehomolog.sefaz.pe.gov.br/nfce-web/consultarNFCe</URLAcesso>
      <URLQRCodeAcesso>http://nfcehomolog.sefaz.pe.gov.br/nfce-web/consultarNFCe</URLQRCodeAcesso>
      <IncluirQRCodeXMLNFCe ativo="1"></IncluirQRCodeXMLNFCe>
    </homologacao>
    <producao>
      <NfeAutorizacao service='NfeAutorizacao' versao='3.10'>https://nfce.svrs.rs.gov.br/ws/NfeAutorizacao/NFeAutorizacao.asmx</NfeAutorizacao>
      <NfeRetAutorizacao service='NfeRetAutorizacao' versao='3.10'>https://nfce.svrs.rs.gov.br/ws/NfeRetAutorizacao/NFeRetAutorizacao.asmx</NfeRetAutorizacao>
      <NfeInutilizacao2 service='nfeInutilizacao' versao='3.10'>https://nfce.svrs.rs.gov.br/ws/nfeinutilizacao/nfeinutilizacao2.asmx</NfeInutilizacao2>
      <NfeConsulta2 service='NfeConsultaProtocolo' versao='3.10'>https://nfce.svrs.rs.gov.br/ws/NfeConsulta/NfeConsulta2.asmx</NfeConsulta2>
      <NfeStatusServico service='nfeStatusServico' versao='3.10'>https://nfce.svrs.rs.gov.br/ws/NfeStatusServico/NfeStatusServico2.asmx</NfeStatusServico>
      <RecepcaoEvento service='RecepcaoEvento' versao='1.00'>https://nfce.svrs.rs.gov.br/ws/recepcaoevento/recepcaoevento.asmx</RecepcaoEvento>
      <URLAcesso>http://nfce.sefaz.pe.gov.br/nfce-web/consultarNFCe</URLAcesso>
      <URLQRCodeAcesso>http://nfce.sefaz.pe.gov.br/nfce-web/consultarNFCe</URLQRCodeAcesso>
      <IncluirQRCodeXMLNFCe ativo="1"></IncluirQRCodeXMLNFCe>
    </producao>
  </UF>
  <UF>
    <sigla>PI</sigla>
    <!--  SEFAZ VIRTUAL AMBIENTE NACIONAL  -->
    <homologacao>
      <NfeAutorizacao service='NfeAutorizacao' versao='3.10'>https://nfce-homologacao.svrs.rs.gov.br/ws/NfeAutorizacao/NFeAutorizacao.asmx</NfeAutorizacao>
      <NfeRetAutorizacao service='NfeRetAutorizacao' versao='3.10'>https://nfce-homologacao.svrs.rs.gov.br/ws/NfeRetAutorizacao/NFeRetAutorizacao.asmx</NfeRetAutorizacao>
      <NfeInutilizacao2 service='nfeInutilizacaoNF2' versao='3.10'>https://nfce-homologacao.svrs.rs.gov.br/ws/nfeinutilizacao/nfeinutilizacao2.asmx</NfeInutilizacao2>
      <NfeConsulta2 service='nfeConsultaNF2' versao='3.10'>https://nfce-homologacao.svrs.rs.gov.br/ws/NfeConsulta/NfeConsulta2.asmx</NfeConsulta2>
      <NfeStatusServico2 service='nfeStatusServicoNF2' versao='3.10'>https://nfce-homologacao.svrs.rs.gov.br/ws/NfeStatusServico/NfeStatusServico2.asmx</NfeStatusServico2>
      <RecepcaoEvento service='nfeRecepcaoEvento' versao='1.00'>https://nfce-homologacao.svrs.rs.gov.br/ws/recepcaoevento/recepcaoevento.asmx</RecepcaoEvento>
      <URLAcesso>http://webas.sefaz.pi.gov.br/nfceweb-homologacao/consultarNFCe.jsf</URLAcesso>
      <URLQRCodeAcesso>http://webas.sefaz.pi.gov.br/nfceweb-homologacao/consultarNFCe.jsf</URLQRCodeAcesso>
      <IncluirQRCodeXMLNFCe ativo="1"></IncluirQRCodeXMLNFCe>
    </homologacao>
    <producao>
      <NfeAutorizacao service='NFeAutorizacao' versao='3.10'>https://nfce.svrs.rs.gov.br/ws/NfeAutorizacao/NFeAutorizacao.asmx</NfeAutorizacao>
      <NfeRetAutorizacao service='NFeRetAutorizacao' versao='3.10'>https://nfce.svrs.rs.gov.br/ws/NfeRetAutorizacao/NFeRetAutorizacao.asmx</NfeRetAutorizacao>
      <NfeInutilizacao2 service='NfeInutilizacao' versao='3.10'>https://nfce.svrs.rs.gov.br/ws/nfeinutilizacao/nfeinutilizacao2.asmx</NfeInutilizacao2>
      <NfeConsulta2 service='nfeConsultaNF2' versao='3.10'>https://nfce.svrs.rs.gov.br/ws/NfeConsulta/NfeConsulta2.asmx</NfeConsulta2>
      <NfeStatusServico2 service='NfeStatusServico' versao='3.10'>https://nfce.svrs.rs.gov.br/ws/NfeStatusServico/NfeStatusServico2.asmx</NfeStatusServico2>
      <CadConsultaCadastro2 service='NfeConsultaCadastro' versao='2.00'></CadConsultaCadastro2>
      <RecepcaoEvento service='RecepcaoEvento' versao='1.00'>https://nfce.svrs.rs.gov.br/ws/recepcaoevento/recepcaoevento.asmx</RecepcaoEvento>
      <URLAcesso>http://webas.sefaz.pi.gov.br/nfceweb/consultarNFCe.jsf</URLAcesso>
      <URLQRCodeAcesso>http://webas.sefaz.pi.gov.br/nfceweb/consultarNFCe.jsf</URLQRCodeAcesso>
      <IncluirQRCodeXMLNFCe ativo="1"></IncluirQRCodeXMLNFCe>
    </producao>
  </UF>
  <UF>
    <sigla>PR</sigla>
    <homologacao>
      <NfeAutorizacao service='nfeAutorizacao' versao='3.10'>https://homologacao.nfce.fazenda.pr.gov.br/nfce/NFeAutorizacao3</NfeAutorizacao>
      <NfeRetAutorizacao service='nfeRetAutorizacao' versao='3.10'>https://homologacao.nfce.fazenda.pr.gov.br/nfce/NFeRetAutorizacao3</NfeRetAutorizacao>
      <NfeConsulta2 service='nfeConsultaNF2' versao='3.10'>https://homologacao.nfce.fazenda.pr.gov.br/nfce/NFeConsulta3</NfeConsulta2>
      <NfeInutilizacao2 service='nfeInutilizacaoNF2' versao='3.10'>https://homologacao.nfce.fazenda.pr.gov.br/nfce/NFeInutilizacao3</NfeInutilizacao2>
      <NfeStatusServico2 service='nfeStatusServicoNF2' versao='3.10'>https://homologacao.nfce.fazenda.pr.gov.br/nfce/NFeStatusServico3</NfeStatusServico2>
      <RecepcaoEvento service='nfeRecepcaoEvento' versao='1.00'>https://homologacao.nfce.fazenda.pr.gov.br/nfce/NFeRecepcaoEvento</RecepcaoEvento>
      <CadConsultaCadastro2 service='' versao=''></CadConsultaCadastro2>
      <URLAcesso>http://www.dfeportal.fazenda.pr.gov.br/dfe-portal/rest/servico/consultaNFCe?</URLAcesso>
      <URLQRCodeAcesso>http://www.dfeportal.fazenda.pr.gov.br/dfe-portal/rest/servico/consultaNFCe?</URLQRCodeAcesso>
      <IncluirQRCodeXMLNFCe ativo="1"></IncluirQRCodeXMLNFCe>
    </homologacao>
    <producao>
      <NfeAutorizacao service='nfeAutorizacao' versao='3.10'>https://nfce.fazenda.pr.gov.br/nfce/NFeAutorizacao3</NfeAutorizacao>
      <NfeRetAutorizacao service='nfeRetAutorizacao' versao='3.10'>https://nfce.fazenda.pr.gov.br/nfce/NFeRetAutorizacao3</NfeRetAutorizacao>
      <NfeConsulta2 service='nfeConsultaNF2' versao='3.10'>https://nfce.fazenda.pr.gov.br/nfce/NFeConsulta3</NfeConsulta2>
      <NfeInutilizacao2 service='nfeInutilizacaoNF2' versao='3.10'>https://nfce.fazenda.pr.gov.br/nfce/NFeInutilizacao3</NfeInutilizacao2>
      <NfeStatusServico2 service='nfeStatusServicoNF2' versao='3.10'>https://nfce.fazenda.pr.gov.br/nfce/NFeStatusServico3</NfeStatusServico2>
      <RecepcaoEvento service='nfeRecepcaoEvento' versao='1.00'>https://nfce.fazenda.pr.gov.br/nfce/NFeRecepcaoEvento</RecepcaoEvento>
      <CadConsultaCadastro2 service='' versao=''></CadConsultaCadastro2>
      <URLAcesso>http://www.dfeportal.fazenda.pr.gov.br/dfe-portal/rest/servico/consultaNFCe?</URLAcesso>
      <URLQRCodeAcesso>http://www.dfeportal.fazenda.pr.gov.br/dfe-portal/rest/servico/consultaNFCe?</URLQRCodeAcesso>
      <IncluirQRCodeXMLNFCe ativo="1"></IncluirQRCodeXMLNFCe>
    </producao>
  </UF>
  <UF>
    <sigla>RJ</sigla>
    <!--  SEFAZ VIRTUAL RIO GRANDE DO SUL  -->
    <homologacao>
      <NfeAutorizacao service='NfeAutorizacao' versao='3.10'>https://nfce-homologacao.svrs.rs.gov.br/ws/NfeAutorizacao/NFeAutorizacao.asmx</NfeAutorizacao>
      <NfeRetAutorizacao service='NfeRetAutorizacao' versao='3.10'>https://nfce-homologacao.svrs.rs.gov.br/ws/NfeRetAutorizacao/NFeRetAutorizacao.asmx</NfeRetAutorizacao>
      <NfeInutilizacao2 service='nfeInutilizacaoNF2' versao='3.10'>https://nfce-homologacao.svrs.rs.gov.br/ws/nfeinutilizacao/nfeinutilizacao2.asmx</NfeInutilizacao2>
      <NfeConsulta2 service='nfeConsultaNF2' versao='3.10'>https://nfce-homologacao.svrs.rs.gov.br/ws/NfeConsulta/NfeConsulta2.asmx</NfeConsulta2>
      <NfeStatusServico2 service='nfeStatusServicoNF2' versao='3.10'>https://nfce-homologacao.svrs.rs.gov.br/ws/NfeStatusServico/NfeStatusServico2.asmx</NfeStatusServico2>
      <RecepcaoEvento service='nfeRecepcaoEvento' versao='1.00'>https://nfce-homologacao.svrs.rs.gov.br/ws/recepcaoevento/recepcaoevento.asmx</RecepcaoEvento>
      <URLAcesso>http://www4.fazenda.rj.gov.br/consultaNFCe/QRCode</URLAcesso>
      <URLQRCodeAcesso>http://www4.fazenda.rj.gov.br/consultaNFCe/QRCode</URLQRCodeAcesso>
      <IncluirQRCodeXMLNFCe ativo="1"></IncluirQRCodeXMLNFCe>
    </homologacao>
    <producao>
      <NfeAutorizacao service='NFeAutorizacao' versao='3.10'>https://nfce.svrs.rs.gov.br/ws/NfeAutorizacao/NFeAutorizacao.asmx</NfeAutorizacao>
      <NfeRetAutorizacao service='NFeRetAutorizacao' versao='3.10'>https://nfce.svrs.rs.gov.br/ws/NfeRetAutorizacao/NFeRetAutorizacao.asmx</NfeRetAutorizacao>
      <NfeInutilizacao2 service='NfeInutilizacao' versao='3.10'>https://nfce.svrs.rs.gov.br/ws/nfeinutilizacao/nfeinutilizacao2.asmx</NfeInutilizacao2>
      <NfeConsulta2 service='nfeConsultaNF2' versao='3.10'>https://nfce.svrs.rs.gov.br/ws/NfeConsulta/NfeConsulta2.asmx</NfeConsulta2>
      <NfeStatusServico2 service='NfeStatusServico' versao='3.10'>https://nfce.svrs.rs.gov.br/ws/NfeStatusServico/NfeStatusServico2.asmx</NfeStatusServico2>
      <CadConsultaCadastro2 service='NfeConsultaCadastro' versao='2.00'></CadConsultaCadastro2>
      <RecepcaoEvento service='RecepcaoEvento' versao='1.00'>https://nfce.svrs.rs.gov.br/ws/recepcaoevento/recepcaoevento.asmx</RecepcaoEvento>
      <URLAcesso>http://www.nfce.fazenda.rj.gov.br/consulta</URLAcesso>
      <URLQRCodeAcesso>http://www4.fazenda.rj.gov.br/consultaNFCe/QRCode</URLQRCodeAcesso>
      <IncluirQRCodeXMLNFCe ativo="1"></IncluirQRCodeXMLNFCe>
    </producao>
  </UF>
  <UF>
    <sigla>RN</sigla>
    <!--  SEFAZ VIRTUAL AMBIENTE NACIONAL  -->
    <homologacao>
      <NfeAutorizacao service='NfeAutorizacao' versao='3.10'>https://nfce-homologacao.svrs.rs.gov.br/ws/NfeAutorizacao/NFeAutorizacao.asmx</NfeAutorizacao>
      <NfeRetAutorizacao service='NfeRetAutorizacao' versao='3.10'>https://nfce-homologacao.svrs.rs.gov.br/ws/NfeRetAutorizacao/NFeRetAutorizacao.asmx</NfeRetAutorizacao>
      <NfeInutilizacao2 service='nfeInutilizacaoNF2' versao='3.10'>https://nfce-homologacao.svrs.rs.gov.br/ws/nfeinutilizacao/nfeinutilizacao2.asmx</NfeInutilizacao2>
      <NfeConsulta2 service='nfeConsultaNF2' versao='3.10'>https://nfce-homologacao.svrs.rs.gov.br/ws/NfeConsulta/NfeConsulta2.asmx</NfeConsulta2>
      <NfeStatusServico2 service='nfeStatusServicoNF2' versao='3.10'>https://nfce-homologacao.svrs.rs.gov.br/ws/NfeStatusServico/NfeStatusServico2.asmx</NfeStatusServico2>
      <RecepcaoEvento service='nfeRecepcaoEvento' versao='1.00'>https://nfce-homologacao.svrs.rs.gov.br/ws/recepcaoevento/recepcaoevento.asmx</RecepcaoEvento>
      <URLAcesso>http://hom.nfce.set.rn.gov.br/portalDFE/NFCe/ConsultaNFCe.aspx</URLAcesso>
      <URLQRCodeAcesso>http://hom.nfce.set.rn.gov.br/consultarNFCe.aspx</URLQRCodeAcesso>
      <IncluirQRCodeXMLNFCe ativo="1"></IncluirQRCodeXMLNFCe>
    </homologacao>
    <producao>
      <NfeAutorizacao service='NFeAutorizacao' versao='3.10'>https://nfce.svrs.rs.gov.br/ws/NfeAutorizacao/NFeAutorizacao.asmx</NfeAutorizacao>
      <NfeRetAutorizacao service='NFeRetAutorizacao' versao='3.10'>https://nfce.svrs.rs.gov.br/ws/NfeRetAutorizacao/NFeRetAutorizacao.asmx</NfeRetAutorizacao>
      <NfeInutilizacao2 service='NfeInutilizacao' versao='3.10'>https://nfce.svrs.rs.gov.br/ws/nfeinutilizacao/nfeinutilizacao2.asmx</NfeInutilizacao2>
      <NfeConsulta2 service='nfeConsultaNF2' versao='3.10'>https://nfce.svrs.rs.gov.br/ws/NfeConsulta/NfeConsulta2.asmx</NfeConsulta2>
      <NfeStatusServico2 service='NfeStatusServico' versao='3.10'>https://nfce.svrs.rs.gov.br/ws/NfeStatusServico/NfeStatusServico2.asmx</NfeStatusServico2>
      <CadConsultaCadastro2 service='NfeConsultaCadastro' versao='2.00'></CadConsultaCadastro2>
      <RecepcaoEvento service='RecepcaoEvento' versao='1.00'>https://nfce.svrs.rs.gov.br/ws/recepcaoevento/recepcaoevento.asmx</RecepcaoEvento>
      <URLAcesso>http://nfce.set.rn.gov.br/portalDFE/NFCe/ConsultaNFCe.aspx</URLAcesso>
      <URLQRCodeAcesso>http://nfce.set.rn.gov.br/consultarNFCe.aspx</URLQRCodeAcesso>
      <IncluirQRCodeXMLNFCe ativo="1"></IncluirQRCodeXMLNFCe>
    </producao>
  </UF>
  <UF>
    <sigla>RO</sigla>
    <homologacao>
      <NfeRecepcao2 service='nfeRecepcaoLote2' versao='3.00'>https://homologacao.nfe.sefazvirtual.rs.gov.br/ws/NfeRecepcao2/NfeRecepcao2.asmx</NfeRecepcao2>
      <NfeRetRecepcao2 service='nfeRetRecepcao2' versao='3.00'>https://homologacao.nfe.sefazvirtual.rs.gov.br/ws/NfeRetRecepcao2/NfeRetRecepcao2.asmx</NfeRetRecepcao2>
      <NfeCancelamento2 service='nfeCancelamentoNF2' versao='3.00'>https://homologacao.nfe.sefazvirtual.rs.gov.br/ws/NfeCancelamento2/NfeCancelamento2.asmx</NfeCancelamento2>
      <NfeInutilizacao2 service='nfeInutilizacaoNF2' versao='3.00'>https://homologacao.nfe.sefazvirtual.rs.gov.br/ws/NfeInutilizacao2/NfeInutilizacao2.asmx</NfeInutilizacao2>
      <NfeConsulta2 service='nfeConsultaNF2' versao='3.00'>https://homologacao.nfe.sefazvirtual.rs.gov.br/ws/nfeconsulta/NfeConsulta2.asmx</NfeConsulta2>
      <NfeStatusServico2 service='nfeStatusServicoNF2' versao='3.00'>https://homologacao.nfe.sefazvirtual.rs.gov.br/ws/NfeStatusServico2/NfeStatusServico2.asmx</NfeStatusServico2>
      <CadConsultaCadastro2 service='consultaCadastro2' versao='2.00'>https://ws.nfe.sefin.ro.gov.br/ws/CadConsultaCadastro2</CadConsultaCadastro2>
      <RecepcaoEvento service='nfeRecepcaoEvento' versao='1.00'>https://homologacao.nfe.sefazvirtual.rs.gov.br/ws/recepcaoevento/recepcaoevento.asmx</RecepcaoEvento>
      <IncluirQRCodeXMLNFCe ativo="0"></IncluirQRCodeXMLNFCe>
    </homologacao>
    <producao>
      <NfeAutorizacao service='NFeAutorizacao' versao='3.10'>https://nfce.svrs.rs.gov.br/ws/NfeAutorizacao/NFeAutorizacao.asmx</NfeAutorizacao>
      <NfeRetAutorizacao service='NFeRetAutorizacao' versao='3.10'>https://nfce.svrs.rs.gov.br/ws/NfeRetAutorizacao/NFeRetAutorizacao.asmx</NfeRetAutorizacao>
      <NfeInutilizacao2 service='NfeInutilizacao' versao='3.10'>https://nfce.svrs.rs.gov.br/ws/nfeinutilizacao/nfeinutilizacao2.asmx</NfeInutilizacao2>
      <NfeConsulta2 service='nfeConsultaNF2' versao='3.10'>https://nfce.svrs.rs.gov.br/ws/NfeConsulta/NfeConsulta2.asmx</NfeConsulta2>
      <NfeStatusServico2 service='NfeStatusServico' versao='3.10'>https://nfce.svrs.rs.gov.br/ws/NfeStatusServico/NfeStatusServico2.asmx</NfeStatusServico2>
      <CadConsultaCadastro2 service='NfeConsultaCadastro' versao='2.00'></CadConsultaCadastro2>
      <RecepcaoEvento service='RecepcaoEvento' versao='1.00'>https://nfce.svrs.rs.gov.br/ws/recepcaoevento/recepcaoevento.asmx</RecepcaoEvento>
      <URLAcesso>http://www.nfce.sefin.ro.gov.br/consultanfce/consulta.jsp</URLAcesso>
      <URLQRCodeAcesso>http://www.nfce.sefin.ro.gov.br/consultanfce/consulta.jsp</URLQRCodeAcesso>
      <IncluirQRCodeXMLNFCe ativo="1"></IncluirQRCodeXMLNFCe>
    </producao>
  </UF>
  <UF>
    <sigla>RR</sigla>
    <!--  SEFAZ VIRTUAL RIO GRANDE DO SUL  -->
    <homologacao>
      <NfeAutorizacao service='NfeAutorizacao' versao='3.10'>https://nfce-homologacao.svrs.rs.gov.br/ws/NfeAutorizacao/NFeAutorizacao.asmx</NfeAutorizacao>
      <NfeRetAutorizacao service='NfeRetAutorizacao' versao='3.10'>https://nfce-homologacao.svrs.rs.gov.br/ws/NfeRetAutorizacao/NFeRetAutorizacao.asmx</NfeRetAutorizacao>
      <NfeInutilizacao2 service='nfeInutilizacaoNF2' versao='3.10'>https://nfce-homologacao.svrs.rs.gov.br/ws/nfeinutilizacao/nfeinutilizacao2.asmx</NfeInutilizacao2>
      <NfeConsulta2 service='nfeConsultaNF2' versao='3.10'>https://nfce-homologacao.svrs.rs.gov.br/ws/NfeConsulta/NfeConsulta2.asmx</NfeConsulta2>
      <NfeStatusServico2 service='nfeStatusServicoNF2' versao='3.10'>https://nfce-homologacao.svrs.rs.gov.br/ws/NfeStatusServico/NfeStatusServico2.asmx</NfeStatusServico2>
      <RecepcaoEvento service='nfeRecepcaoEvento' versao='1.00'>https://nfce-homologacao.svrs.rs.gov.br/ws/recepcaoevento/recepcaoevento.asmx</RecepcaoEvento>
      <IncluirQRCodeXMLNFCe ativo="0"></IncluirQRCodeXMLNFCe>
    </homologacao>
    <producao>
      <NfeAutorizacao service='NfeAutorizacao' versao='3.10'>https://nfce.svrs.rs.gov.br/ws/NfeAutorizacao/NFeAutorizacao.asmx</NfeAutorizacao>
      <NfeRetAutorizacao service='NfeRetAutorizacao' versao='3.10'>https://nfce.svrs.rs.gov.br/ws/NfeRetAutorizacao/NFeRetAutorizacao.asmx</NfeRetAutorizacao>
      <NfeInutilizacao2 service='nfeInutilizacaoNF2' versao='3.10'>https://nfce.svrs.rs.gov.br/ws/nfeinutilizacao/nfeinutilizacao2.asmx</NfeInutilizacao2>
      <NfeConsulta2 service='nfeConsultaNF2' versao='3.10'>https://nfce.svrs.rs.gov.br/ws/NfeConsulta/NfeConsulta2.asmx</NfeConsulta2>
      <NfeStatusServico2 service='nfeStatusServicoNF2' versao='3.10'>https://nfce.svrs.rs.gov.br/ws/NfeStatusServico/NfeStatusServico2.asmx</NfeStatusServico2>
      <RecepcaoEvento service='nfeRecepcaoEvento' versao='1.00'>https://nfce.svrs.rs.gov.br/ws/recepcaoevento/recepcaoevento.asmx</RecepcaoEvento>
      <IncluirQRCodeXMLNFCe ativo="0"></IncluirQRCodeXMLNFCe>
    </producao>
  </UF>
  <UF>
    <sigla>RS</sigla>
    <homologacao>
      <NfeAutorizacao service='NfeAutorizacao' versao='3.10'>https://nfce-homologacao.sefazrs.rs.gov.br/ws/NfeAutorizacao/NFeAutorizacao.asmx</NfeAutorizacao>
      <NfeRetAutorizacao service='NfeRetAutorizacao' versao='3.10'>https://nfce-homologacao.sefazrs.rs.gov.br/ws/NfeRetAutorizacao/NFeRetAutorizacao.asmx</NfeRetAutorizacao>
      <NfeInutilizacao2 service='nfeInutilizacaoNF2' versao='3.10'>https://nfce-homologacao.sefazrs.rs.gov.br/ws/nfeinutilizacao/nfeinutilizacao2.asmx</NfeInutilizacao2>
      <NfeConsulta2 service='nfeConsultaNF2' versao='3.10'>https://nfce-homologacao.sefazrs.rs.gov.br/ws/NfeConsulta/NfeConsulta2.asmx</NfeConsulta2>
      <NfeStatusServico2 service='nfeStatusServicoNF2' versao='3.10'>https://nfce-homologacao.sefazrs.rs.gov.br/ws/NfeStatusServico/NfeStatusServico2.asmx</NfeStatusServico2>
      <RecepcaoEvento service='nfeRecepcaoEvento' versao='1.00'>https://nfce-homologacao.sefazrs.rs.gov.br/ws/recepcaoevento/recepcaoevento.asmx</RecepcaoEvento>      <URLAcesso>https://www.sefaz.rs.gov.br/NFCE/NFCE-COM.aspx</URLAcesso>
      <URLQRCodeAcesso>https://www.sefaz.rs.gov.br/NFCE/NFCE-COM.aspx</URLQRCodeAcesso>
      <IncluirQRCodeXMLNFCe ativo="1"></IncluirQRCodeXMLNFCe>
    </homologacao>
    <producao>
      <NfeAutorizacao service='NfeAutorizacao' versao='3.10'>https://nfce.sefazrs.rs.gov.br/ws/NfeAutorizacao/NFeAutorizacao.asmx</NfeAutorizacao>
      <NfeRetAutorizacao service='NfeRetAutorizacao' versao='3.10'>https://nfce.sefazrs.rs.gov.br/ws/NfeRetAutorizacao/NFeRetAutorizacao.asmx</NfeRetAutorizacao>
      <NfeInutilizacao2 service='nfeInutilizacaoNF2' versao='3.10'>https://nfce.sefazrs.rs.gov.br/ws/nfeinutilizacao/nfeinutilizacao2.asmx</NfeInutilizacao2>
      <NfeConsulta2 service='nfeConsultaNF2' versao='3.10'>https://nfce.sefazrs.rs.gov.br/ws/NfeConsulta/NfeConsulta2.asmx</NfeConsulta2>
      <NfeStatusServico2 service='nfeStatusServicoNF2' versao='3.10'>https://nfce.sefazrs.rs.gov.br/ws/NfeStatusServico/NfeStatusServico2.asmx</NfeStatusServico2>
      <RecepcaoEvento service='nfeRecepcaoEvento' versao='1.00'>https://nfce.sefazrs.rs.gov.br/ws/recepcaoevento/recepcaoevento.asmx</RecepcaoEvento>      <URLAcesso>https://www.sefaz.rs.gov.br/NFCE/NFCE-COM.aspx</URLAcesso>
      <URLQRCodeAcesso>https://www.sefaz.rs.gov.br/NFCE/NFCE-COM.aspx</URLQRCodeAcesso>
      <IncluirQRCodeXMLNFCe ativo="1"></IncluirQRCodeXMLNFCe>
    </producao>
  </UF>
  <UF>
    <sigla>SC</sigla>
    <!--  SEFAZ VIRTUAL RIO GRANDE DO SUL  -->
    <homologacao>
      <NfeAutorizacao service='NfeAutorizacao' versao='3.10'>https://nfce-homologacao.svrs.rs.gov.br/ws/NfeAutorizacao/NFeAutorizacao.asmx</NfeAutorizacao>
      <NfeRetAutorizacao service='NfeRetAutorizacao' versao='3.10'>https://nfce-homologacao.svrs.rs.gov.br/ws/NfeRetAutorizacao/NFeRetAutorizacao.asmx</NfeRetAutorizacao>
      <NfeInutilizacao2 service='nfeInutilizacaoNF2' versao='3.10'>https://nfce-homologacao.svrs.rs.gov.br/ws/nfeinutilizacao/nfeinutilizacao2.asmx</NfeInutilizacao2>
      <NfeConsulta2 service='nfeConsultaNF2' versao='3.10'>https://nfce-homologacao.svrs.rs.gov.br/ws/NfeConsulta/NfeConsulta2.asmx</NfeConsulta2>
      <NfeStatusServico2 service='nfeStatusServicoNF2' versao='3.10'>https://nfce-homologacao.svrs.rs.gov.br/ws/NfeStatusServico/NfeStatusServico2.asmx</NfeStatusServico2>
      <RecepcaoEvento service='nfeRecepcaoEvento' versao='1.00'>https://nfce-homologacao.svrs.rs.gov.br/ws/recepcaoevento/recepcaoevento.asmx</RecepcaoEvento>>
      <IncluirQRCodeXMLNFCe ativo="0"></IncluirQRCodeXMLNFCe>
    </homologacao>
    <producao>
      <NfeAutorizacao service='NfeAutorizacao' versao='3.10'>https://nfce.svrs.rs.gov.br/ws/NfeAutorizacao/NFeAutorizacao.asmx</NfeAutorizacao>
      <NfeRetAutorizacao service='NfeRetAutorizacao' versao='3.10'>https://nfce.svrs.rs.gov.br/ws/NfeRetAutorizacao/NFeRetAutorizacao.asmx</NfeRetAutorizacao>
      <NfeInutilizacao2 service='nfeInutilizacaoNF2' versao='3.10'>https://nfce.svrs.rs.gov.br/ws/nfeinutilizacao/nfeinutilizacao2.asmx</NfeInutilizacao2>
      <NfeConsulta2 service='nfeConsultaNF2' versao='3.10'>https://nfce.svrs.rs.gov.br/ws/NfeConsulta/NfeConsulta2.asmx</NfeConsulta2>
      <NfeStatusServico2 service='nfeStatusServicoNF2' versao='3.10'>https://nfce.svrs.rs.gov.br/ws/NfeStatusServico/NfeStatusServico2.asmx</NfeStatusServico2>
      <RecepcaoEvento service='nfeRecepcaoEvento' versao='1.00'>https://nfce.svrs.rs.gov.br/ws/recepcaoevento/recepcaoevento.asmx</RecepcaoEvento>
      <IncluirQRCodeXMLNFCe ativo="0"></IncluirQRCodeXMLNFCe>
    </producao>
  </UF>
  <UF>
    <sigla>SE</sigla>
    <!--  SEFAZ VIRTUAL RIO GRANDE DO SUL  -->
    <homologacao>
      <NfeAutorizacao service='NfeAutorizacao' versao='3.10'>https://nfce-homologacao.svrs.rs.gov.br/ws/NfeAutorizacao/NFeAutorizacao.asmx</NfeAutorizacao>
      <NfeRetAutorizacao service='NfeRetAutorizacao' versao='3.10'>https://nfce-homologacao.svrs.rs.gov.br/ws/NfeRetAutorizacao/NFeRetAutorizacao.asmx</NfeRetAutorizacao>
      <NfeInutilizacao2 service='nfeInutilizacaoNF2' versao='3.10'>https://nfce-homologacao.svrs.rs.gov.br/ws/nfeinutilizacao/nfeinutilizacao2.asmx</NfeInutilizacao2>
      <NfeConsulta2 service='nfeConsultaNF2' versao='3.10'>https://nfce-homologacao.svrs.rs.gov.br/ws/NfeConsulta/NfeConsulta2.asmx</NfeConsulta2>
      <NfeStatusServico2 service='nfeStatusServicoNF2' versao='3.10'>https://nfce-homologacao.svrs.rs.gov.br/ws/NfeStatusServico/NfeStatusServico2.asmx</NfeStatusServico2>
      <RecepcaoEvento service='nfeRecepcaoEvento' versao='1.00'>https://nfce-homologacao.svrs.rs.gov.br/ws/recepcaoevento/recepcaoevento.asmx</RecepcaoEvento>
      <URLAcesso>http://www.hom.nfe.se.gov.br/portal/consultarNFCe.jsp</URLAcesso>
      <URLQRCodeAcesso>http://www.hom.nfe.se.gov.br/portal/consultarNFCe.jsp</URLQRCodeAcesso>
      <IncluirQRCodeXMLNFCe ativo="1"></IncluirQRCodeXMLNFCe>
    </homologacao>
    <producao>
      <NfeAutorizacao service='NfeAutorizacao' versao='3.10'>https://nfce.svrs.rs.gov.br/ws/NfeAutorizacao/NFeAutorizacao.asmx</NfeAutorizacao>
      <NfeRetAutorizacao service='NfeRetAutorizacao' versao='3.10'>https://nfce.svrs.rs.gov.br/ws/NfeRetAutorizacao/NFeRetAutorizacao.asmx</NfeRetAutorizacao>
      <NfeInutilizacao2 service='nfeInutilizacaoNF2' versao='3.10'>https://nfce.svrs.rs.gov.br/ws/nfeinutilizacao/nfeinutilizacao2.asmx</NfeInutilizacao2>
      <NfeConsulta2 service='nfeConsultaNF2' versao='3.10'>https://nfce.svrs.rs.gov.br/ws/NfeConsulta/NfeConsulta2.asmx</NfeConsulta2>
      <NfeStatusServico2 service='nfeStatusServicoNF2' versao='3.10'>https://nfce.svrs.rs.gov.br/ws/NfeStatusServico/NfeStatusServico2.asmx</NfeStatusServico2>
      <RecepcaoEvento service='nfeRecepcaoEvento' versao='1.00'>https://nfce.svrs.rs.gov.br/ws/recepcaoevento/recepcaoevento.asmx</RecepcaoEvento>
      <URLAcesso>http://www.nfce.se.gov.br/portal/consultarNFCe.jsp</URLAcesso>
      <URLQRCodeAcesso>http://www.nfce.se.gov.br/portal/consultarNFCe.jsp</URLQRCodeAcesso>
      <IncluirQRCodeXMLNFCe ativo="1"></IncluirQRCodeXMLNFCe>
    </producao>
  </UF>
  <UF>
    <sigla>SP</sigla>
    <homologacao>
      <NfeAutorizacao service='NfeAutorizacao' versao='3.10'>https://homologacao.nfce.fazenda.sp.gov.br/ws/nfeautorizacao.asmx</NfeAutorizacao>
      <NfeRetAutorizacao service='NfeRetAutorizacao' versao='3.10'>https://homologacao.nfce.fazenda.sp.gov.br/ws/nferetautorizacao.asmx</NfeRetAutorizacao>
      <NfeInutilizacao2 service='nfeInutilizacaoNF2' versao='3.10'>https://homologacao.nfce.fazenda.sp.gov.br/ws/nfeinutilizacao2.asmx</NfeInutilizacao2>
      <NfeConsulta2 service='nfeConsultaNF2' versao='3.10'>https://homologacao.nfce.fazenda.sp.gov.br/ws/nfeconsulta2.asmx</NfeConsulta2>
      <NfeStatusServico2 service='nfeStatusServicoNF2' versao='3.10'>https://homologacao.nfce.fazenda.sp.gov.br/ws/nfestatusservico2.asmx</NfeStatusServico2>
      <CadConsultaCadastro2 service='consultaCadastro2' versao='3.10'>https://homologacao.nfce.fazenda.sp.gov.br/ws/cadconsultacadastro2.asmx</CadConsultaCadastro2>
      <RecepcaoEvento service='nfeRecepcaoEvento' versao='1.00'>https://homologacao.nfce.fazenda.sp.gov.br/ws/recepcaoevento.asmx</RecepcaoEvento>
      <URLAcesso>https://www.homologacao.nfce.fazenda.sp.gov.br/NFCeConsultaPublica/Paginas/ConsultaQRCode.aspx</URLAcesso>
      <URLQRCodeAcesso>https://www.homologacao.nfce.fazenda.sp.gov.br/NFCeConsultaPublica/Paginas/ConsultaQRCode.aspx</URLQRCodeAcesso>
      <IncluirQRCodeXMLNFCe ativo="1"></IncluirQRCodeXMLNFCe>
    </homologacao>
    <producao>
      <NfeAutorizacao service='NfeAutorizacao' versao='3.10'>https://nfce.fazenda.sp.gov.br/ws/nfeautorizacao.asmx</NfeAutorizacao>
      <NfeRetAutorizacao service='NfeRetAutorizacao' versao='3.10'>https://nfce.fazenda.sp.gov.br/ws/nferetautorizacao.asmx</NfeRetAutorizacao>
      <NfeInutilizacao2 service='nfeInutilizacaoNF2' versao='3.10'>https://nfce.fazenda.sp.gov.br/ws/nfeinutilizacao2.asmx</NfeInutilizacao2>
      <NfeConsulta2 service='nfeConsultaNF2' versao='3.10'>https://nfce.fazenda.sp.gov.br/ws/nfeconsulta2.asmx</NfeConsulta2>
      <NfeStatusServico2 service='nfeStatusServicoNF2' versao='3.10'>https://nfce.fazenda.sp.gov.br/ws/nfestatusservico2.asmx</NfeStatusServico2>
      <CadConsultaCadastro2 service='consultaCadastro2' versao='2.00'>https://nfce.fazenda.sp.gov.br/ws/cadconsultacadastro2.asmx</CadConsultaCadastro2>
      <RecepcaoEvento service='nfeRecepcaoEvento' versao='1.00'>https://nfce.fazenda.sp.gov.br/ws/recepcaoevento.asmx</RecepcaoEvento>
      <URLAcesso>https://www.nfe.se.gov.br/portal/consultarNFCe.jsp</URLAcesso>
      <URLQRCodeAcesso>https://www.nfe.se.gov.br/portal/consultarNFCe.jsp</URLQRCodeAcesso>
      <IncluirQRCodeXMLNFCe ativo="0"></IncluirQRCodeXMLNFCe>
    </producao>
  </UF>
  <UF>
    <sigla>TO</sigla>
    <!--  SEFAZ VIRTUAL RIO GRANDE DO SUL  -->
    <homologacao>
      <NfeAutorizacao service='NfeAutorizacao' versao='3.10'>https://nfce-homologacao.svrs.rs.gov.br/ws/NfeAutorizacao/NFeAutorizacao.asmx</NfeAutorizacao>
      <NfeRetAutorizacao service='NfeRetAutorizacao' versao='3.10'>https://nfce-homologacao.svrs.rs.gov.br/ws/NfeRetAutorizacao/NFeRetAutorizacao.asmx</NfeRetAutorizacao>
      <NfeInutilizacao2 service='nfeInutilizacaoNF2' versao='3.10'>https://nfce-homologacao.svrs.rs.gov.br/ws/nfeinutilizacao/nfeinutilizacao2.asmx</NfeInutilizacao2>
      <NfeConsulta2 service='nfeConsultaNF2' versao='3.10'>https://nfce-homologacao.svrs.rs.gov.br/ws/NfeConsulta/NfeConsulta2.asmx</NfeConsulta2>
      <NfeStatusServico2 service='nfeStatusServicoNF2' versao='3.10'>https://nfce-homologacao.svrs.rs.gov.br/ws/NfeStatusServico/NfeStatusServico2.asmx</NfeStatusServico2>
      <RecepcaoEvento service='nfeRecepcaoEvento' versao='1.00'>https://nfce-homologacao.svrs.rs.gov.br/ws/recepcaoevento/recepcaoevento.asmx</RecepcaoEvento>
      <IncluirQRCodeXMLNFCe ativo="0"></IncluirQRCodeXMLNFCe>
    </homologacao>
    <producao>
      <NfeAutorizacao service='NfeAutorizacao' versao='3.10'>https://nfce.svrs.rs.gov.br/ws/NfeAutorizacao/NFeAutorizacao.asmx</NfeAutorizacao>
      <NfeRetAutorizacao service='NfeRetAutorizacao' versao='3.10'>https://nfce.svrs.rs.gov.br/ws/NfeRetAutorizacao/NFeRetAutorizacao.asmx</NfeRetAutorizacao>
      <NfeInutilizacao2 service='nfeInutilizacaoNF2' versao='3.10'>https://nfce.svrs.rs.gov.br/ws/nfeinutilizacao/nfeinutilizacao2.asmx</NfeInutilizacao2>
      <NfeConsulta2 service='nfeConsultaNF2' versao='3.10'>https://nfce.svrs.rs.gov.br/ws/NfeConsulta/NfeConsulta2.asmx</NfeConsulta2>
      <NfeStatusServico2 service='nfeStatusServicoNF2' versao='3.10'>https://nfce.svrs.rs.gov.br/ws/NfeStatusServico/NfeStatusServico2.asmx</NfeStatusServico2>
      <RecepcaoEvento service='nfeRecepcaoEvento' versao='1.00'>https://nfce.svrs.rs.gov.br/ws/recepcaoevento/recepcaoevento.asmx</RecepcaoEvento>
      <IncluirQRCodeXMLNFCe ativo="0"></IncluirQRCodeXMLNFCe>
    </producao>
  </UF>
  <UF>
    <sigla>SCAN</sigla>
    <!--  SISTEMA DE CONTINGENCIA DO AMBIENTE NACIONAL  -->
    <homologacao>
      <NfeRecepcao2 service='nfeRecepcaoLote2' versao='3.00'>https://hom.nfe.fazenda.gov.br/SCAN/NfeRecepcao2/NfeRecepcao2.asmx</NfeRecepcao2>
      <NfeRetRecepcao2 service='nfeRetRecepcao2' versao='3.00'>https://hom.nfe.fazenda.gov.br/SCAN/NfeRetRecepcao2/NfeRetRecepcao2.asmx</NfeRetRecepcao2>
      <NfeCancelamento2 service='nfeCancelamentoNF2' versao='3.00'>https://hom.nfe.fazenda.gov.br/SCAN/NfeCancelamento2/NfeCancelamento2.asmx</NfeCancelamento2>
      <NfeInutilizacao2 service='nfeInutilizacaoNF2' versao='3.00'>https://hom.nfe.fazenda.gov.br/SCAN/NfeInutilizacao2/NfeInutilizacao2.asmx</NfeInutilizacao2>
      <NfeConsulta2 service='nfeConsultaNF2' versao='3.00'>https://hom.nfe.fazenda.gov.br/SCAN/Nfeconsulta/NfeConsulta2.asmx</NfeConsulta2>
      <NfeStatusServico2 service='nfeStatusServicoNF2' versao='3.00'>https://hom.nfe.fazenda.gov.br/SCAN/NfeStatusServico2/NfeStatusServico2.asmx</NfeStatusServico2>
      <CadConsultaCadastro2 service='' versao=''></CadConsultaCadastro2>
      <IncluirQRCodeXMLNFCe ativo="0"></IncluirQRCodeXMLNFCe>
    </homologacao>
    <producao>
      <NfeRecepcao2 service='nfeRecepcaoLote2' versao='3.00'>https://www.scan.fazenda.gov.br/NfeRecepcao2/NfeRecepcao2.asmx</NfeRecepcao2>
      <NfeRetRecepcao2 service='nfeRetRecepcao2' versao='3.00'>https://www.scan.fazenda.gov.br/NfeRetRecepcao2/NfeRetRecepcao2.asmx</NfeRetRecepcao2>
      <NfeCancelamento2 service='nfeCancelamentoNF2' versao='3.00'>https://www.scan.fazenda.gov.br/NfeCancelamento2/NfeCancelamento2.asmx</NfeCancelamento2>
      <NfeInutilizacao2 service='nfeInutilizacaoNF2' versao='3.00'>https://www.scan.fazenda.gov.br/NfeInutilizacao2/NfeInutilizacao2.asmx</NfeInutilizacao2>
      <NfeConsulta2 service='nfeConsultaNF2' versao='3.00'>https://www.scan.fazenda.gov.br/Nfeconsulta/NfeConsulta2.asmx</NfeConsulta2>
      <NfeStatusServico2 service='nfeStatusServicoNF2' versao='3.00'>https://www.scan.fazenda.gov.br/NfeStatusServico2/NfeStatusServico2.asmx</NfeStatusServico2>
      <CadConsultaCadastro2 service='' versao=''></CadConsultaCadastro2>
      <IncluirQRCodeXMLNFCe ativo="0"></IncluirQRCodeXMLNFCe>
    </producao>
  </UF>
  <UF>
    <sigla>DPEC</sigla>
    <!-- SISTEMA DE CONTINGENCIA - Declaracao Previa de Emissao em Contingencia -->
    <producao>
      <NfeRecepcao2DPEC>https://www.nfe.fazenda.gov.br/SCERecepcaoRFB/SCERecepcaoRFB2.asmx</NfeRecepcao2DPEC>
      <ConsultaDPEC>https://www.nfe.fazenda.gov.br/SCEConsultaRFB/SCEConsultaRFB2.asmx</ConsultaDPEC>
    </producao>
  </UF>
</WS>
