<?xml version="1.0" encoding="utf-8"?>
<WS xmlns:xsi="http://www.w3.org/2001/XMLSchema-instance" >
  <!-- Correção das url para o padrão soap 1.2 -->
  <UF>
    <sigla>AC</sigla>
    <!--  SEFAZ VIRTUAL RIO GRANDE DO SUL  -->
    <!--  SVRS  -->
    <homologacao>
      <NfeAutorizacao soap_action="NFeAutorizacao4" metodo="nfeAutorizacaoLote"  service='NfeAutorizacao' versao='4.00'>https://nfe-homologacao.svrs.rs.gov.br/ws/NfeAutorizacao/NFeAutorizacao4.asmx</NfeAutorizacao>
      <NfeRetAutorizacao soap_action="NFeRetAutorizacao4" metodo="nfeRetAutorizacaoLote" service='NfeRetAutorizacao' versao='4.00'>https://nfe-homologacao.svrs.rs.gov.br/ws/NfeRetAutorizacao/NFeRetAutorizacao4.asmx</NfeRetAutorizacao>
      <NfeInutilizacao4 soap_action="NFeInutilizacao4" metodo="nfeInutilizacaoNF" service='nfeInutilizacaoNF4' versao='4.00'>https://nfe-homologacao.svrs.rs.gov.br/ws/nfeinutilizacao/nfeinutilizacao4.asmx</NfeInutilizacao4>
      <NfeConsulta4 soap_action="NFeConsultaProtocolo4" metodo="nfeConsultaNF" service='nfeConsultaNF4' versao='4.00'>https://nfe-homologacao.svrs.rs.gov.br/ws/NfeConsulta/NfeConsulta4.asmx</NfeConsulta4>
      <NfeStatusServico4 soap_action="NFeStatusServico4" metodo="nfeStatusServicoNF" service='NfeStatusServico' versao='4.00'>https://nfe-homologacao.svrs.rs.gov.br/ws/NfeStatusServico/NfeStatusServico4.asmx</NfeStatusServico4>
      <CadConsultaCadastro4 service='NfeConsultaCadastro' versao='2.00'>https://cad.svrs.rs.gov.br/ws/cadconsultacadastro/cadconsultacadastro4.asmx</CadConsultaCadastro4>
      <RecepcaoEvento soap_action="NFeRecepcaoEvento4" metodo="nfeRecepcaoEvento" service='RecepcaoEvento' versao='1.00'>https://nfe-homologacao.svrs.rs.gov.br/ws/recepcaoevento/recepcaoevento4.asmx</RecepcaoEvento>
    </homologacao>
    <!--  SVRS  -->
    <producao>
      <NfeAutorizacao soap_action="NFeAutorizacao4" metodo="nfeAutorizacaoLote"  service='NfeAutorizacao' versao='4.00'>https://nfe.svrs.rs.gov.br/ws/NfeAutorizacao/NFeAutorizacao4.asmx</NfeAutorizacao>
      <NfeRetAutorizacao soap_action="NFeRetAutorizacao4" metodo="nfeRetAutorizacaoLote" service='NfeRetAutorizacao' versao='4.00'>https://nfe.svrs.rs.gov.br/ws/NfeRetAutorizacao/NFeRetAutorizacao4.asmx</NfeRetAutorizacao>
      <NfeInutilizacao4 soap_action="NFeInutilizacao4" metodo="nfeInutilizacaoNF" service='nfeInutilizacaoNF4' versao='4.00'>https://nfe.svrs.rs.gov.br/ws/nfeinutilizacao/nfeinutilizacao4.asmx</NfeInutilizacao4>
      <NfeConsulta4 soap_action="NFeConsultaProtocolo4" metodo="nfeConsultaNF" service='nfeConsultaNF4' versao='4.00'>https://nfe.svrs.rs.gov.br/ws/NfeConsulta/NfeConsulta4.asmx</NfeConsulta4>
      <NfeStatusServico4 service='nfeStatusServicoNF4' versao='4.00'>https://nfe.svrs.rs.gov.br/ws/NfeStatusServico/NfeStatusServico4.asmx</NfeStatusServico4>
      <CadConsultaCadastro4 service='NfeConsultaCadastro' versao='2.00'>https://cad.svrs.rs.gov.br/ws/cadconsultacadastro/cadconsultacadastro4.asmx</CadConsultaCadastro4>
      <RecepcaoEvento soap_action="NFeRecepcaoEvento4" metodo="nfeRecepcaoEvento" service='nfeRecepcaoEvento' versao='1.00'>https://nfe.svrs.rs.gov.br/ws/recepcaoevento/recepcaoevento4.asmx</RecepcaoEvento>
    </producao>
  </UF>
  <UF>
    <sigla>AL</sigla>
    <!--  SEFAZ VIRTUAL RIO GRANDE DO SUL  -->
    <!--  SVRS  -->
    <homologacao>
      <NfeAutorizacao soap_action="NFeAutorizacao4" metodo="nfeAutorizacaoLote"  service='NfeAutorizacao' versao='4.00'>https://nfe-homologacao.svrs.rs.gov.br/ws/NfeAutorizacao/NFeAutorizacao4.asmx</NfeAutorizacao>
      <NfeRetAutorizacao soap_action="NFeRetAutorizacao4" metodo="nfeRetAutorizacaoLote" service='NfeRetAutorizacao' versao='4.00'>https://nfe-homologacao.svrs.rs.gov.br/ws/NfeRetAutorizacao/NFeRetAutorizacao4.asmx</NfeRetAutorizacao>
      <NfeInutilizacao4 soap_action="NFeInutilizacao4" metodo="nfeInutilizacaoNF" service='nfeInutilizacaoNF4' versao='4.00'>https://nfe-homologacao.svrs.rs.gov.br/ws/nfeinutilizacao/nfeinutilizacao4.asmx</NfeInutilizacao4>
      <NfeConsulta4 soap_action="NFeConsultaProtocolo4" metodo="nfeConsultaNF" service='nfeConsultaNF4' versao='4.00'>https://nfe-homologacao.svrs.rs.gov.br/ws/NfeConsulta/NfeConsulta4.asmx</NfeConsulta4>
      <NfeStatusServico4 soap_action="NFeStatusServico4" metodo="nfeStatusServicoNF" service='NfeStatusServico' versao='4.00'>https://nfe-homologacao.svrs.rs.gov.br/ws/NfeStatusServico/NfeStatusServico4.asmx</NfeStatusServico4>
      <CadConsultaCadastro4 service='NfeConsultaCadastro' versao='2.00'>https://cad.svrs.rs.gov.br/ws/cadconsultacadastro/cadconsultacadastro4.asmx</CadConsultaCadastro4>
      <RecepcaoEvento soap_action="NFeRecepcaoEvento4" metodo="nfeRecepcaoEvento" service='RecepcaoEvento' versao='1.00'>https://nfe-homologacao.svrs.rs.gov.br/ws/recepcaoevento/recepcaoevento4.asmx</RecepcaoEvento>
    </homologacao>
    <!--  SVRS  -->
    <producao>
      <NfeAutorizacao soap_action="NFeAutorizacao4" metodo="nfeAutorizacaoLote"  service='NfeAutorizacao' versao='4.00'>https://nfe.svrs.rs.gov.br/ws/NfeAutorizacao/NFeAutorizacao4.asmx</NfeAutorizacao>
      <NfeRetAutorizacao soap_action="NFeRetAutorizacao4" metodo="nfeRetAutorizacaoLote" service='NfeRetAutorizacao' versao='4.00'>https://nfe.svrs.rs.gov.br/ws/NfeRetAutorizacao/NFeRetAutorizacao4.asmx</NfeRetAutorizacao>
      <NfeInutilizacao4 soap_action="NFeInutilizacao4" metodo="nfeInutilizacaoNF" service='nfeInutilizacaoNF4' versao='4.00'>https://nfe.svrs.rs.gov.br/ws/nfeinutilizacao/nfeinutilizacao4.asmx</NfeInutilizacao4>
      <NfeConsulta4 soap_action="NFeConsultaProtocolo4" metodo="nfeConsultaNF" service='nfeConsultaNF4' versao='4.00'>https://nfe.svrs.rs.gov.br/ws/NfeConsulta/NfeConsulta4.asmx</NfeConsulta4>
      <NfeStatusServico4 service='nfeStatusServicoNF4' versao='4.00'>https://nfe.svrs.rs.gov.br/ws/NfeStatusServico/NfeStatusServico4.asmx</NfeStatusServico4>
      <CadConsultaCadastro4 service='NfeConsultaCadastro' versao='2.00'>https://cad.svrs.rs.gov.br/ws/cadconsultacadastro/cadconsultacadastro4.asmx</CadConsultaCadastro4>
      <RecepcaoEvento soap_action="NFeRecepcaoEvento4" metodo="nfeRecepcaoEvento" service='nfeRecepcaoEvento' versao='1.00'>https://nfe.svrs.rs.gov.br/ws/recepcaoevento/recepcaoevento4.asmx</RecepcaoEvento>
    </producao>
  </UF>
  <UF>
    <sigla>AM</sigla>
    <!--  SEFAZ AMAZONAS - PROPRIO  -->
    <homologacao>
      <NfeAutorizacao service='NFeAutorizacao' versao='4.00'>https://homnfe.sefaz.am.gov.br/services4/services/NfeAutorizacao4</NfeAutorizacao>
      <NfeRetAutorizacao service='NFeRetAutorizacao' versao='4.00'>https://homnfe.sefaz.am.gov.br/services4/services/NfeRetAutorizacao4</NfeRetAutorizacao>
      <NfeInutilizacao4 service='NfeInutilizacao' versao='4.00'>https://homnfe.sefaz.am.gov.br/services4/services/NfeInutilizacao4</NfeInutilizacao4>
      <NfeConsulta4 service='NfeConsultaProtocolo' versao='4.00'>   https://homnfe.sefaz.am.gov.br/services4/services/NfeConsulta4</NfeConsulta4>
      <NfeStatusServico4 service='NfeStatusServico' versao='4.00'>https://homnfe.sefaz.am.gov.br/services4/services/NfeStatusServico4</NfeStatusServico4>
      <CadConsultaCadastro4 soap_action="CadConsultaCadastro4" metodo="consultaCadastro" service='NfeConsultaCadastro' versao='2.00'>https://nfe.sefaz.am.gov.br/services2/services/cadconsultacadastro2</CadConsultaCadastro4>
      <RecepcaoEvento service='RecepcaoEvento' versao='1.00'>https://homnfe.sefaz.am.gov.br/services4/services/RecepcaoEvento4</RecepcaoEvento>
    </homologacao>
    <!--  SEFAZ AMAZONAS - PROPRIO  -->
    <producao>
      <NfeAutorizacao soap_action="NFeAutorizacao4" metodo="nfeAutorizacaoLote" service='NFeAutorizacao' versao='4.00'>https://nfe.sefaz.am.gov.br/services2/services/NfeAutorizacao4</NfeAutorizacao>
      <NfeRetAutorizacao soap_action="NFeRetAutorizacao4" metodo="nfeRetAutorizacaoLote" service='NFeRetAutorizacao' versao='4.00'>https://nfe.sefaz.am.gov.br/services2/services/NfeRetAutorizacao4</NfeRetAutorizacao>
      <NfeInutilizacao4 soap_action="NFeInutilizacao4" metodo="nfeInutilizacaoNF" service='NfeInutilizacao' versao='4.00'>https://nfe.sefaz.am.gov.br/services2/services/NfeInutilizacao4</NfeInutilizacao4>
      <NfeConsulta4 soap_action="NFeConsultaProtocolo4" metodo="nfeConsultaNF" service='NfeConsultaProtocolo' versao='4.00'>https://nfe.sefaz.am.gov.br/services2/services/NfeConsulta4</NfeConsulta4>
      <NfeStatusServico4 soap_action="NFeStatusServico4" metodo="nfeStatusServicoNF" service='NfeStatusServico' versao='4.00'>https://nfe.sefaz.am.gov.br/services2/services/NfeStatusServico4</NfeStatusServico4>
      <CadConsultaCadastro4 soap_action="CadConsultaCadastro4" metodo="consultaCadastro" service='NfeConsultaCadastro' versao='2.00'>https://nfe.sefaz.am.gov.br/services2/services/cadconsultacadastro2</CadConsultaCadastro4>
      <RecepcaoEvento soap_action="NFeRecepcaoEvento4" metodo="nfeRecepcaoEvento" service='RecepcaoEvento' versao='1.00'>https://nfe.sefaz.am.gov.br/services2/services/RecepcaoEvento4</RecepcaoEvento>
    </producao>
  </UF>
  <UF>
    <sigla>AP</sigla>
    <!--  SEFAZ VIRTUAL RIO GRANDE DO SUL  -->
    <!--  SVRS  -->
    <homologacao>
      <NfeAutorizacao soap_action="NFeAutorizacao4" metodo="nfeAutorizacaoLote"  service='NfeAutorizacao' versao='4.00'>https://nfe-homologacao.svrs.rs.gov.br/ws/NfeAutorizacao/NFeAutorizacao4.asmx</NfeAutorizacao>
      <NfeRetAutorizacao soap_action="NFeRetAutorizacao4" metodo="nfeRetAutorizacaoLote" service='NfeRetAutorizacao' versao='4.00'>https://nfe-homologacao.svrs.rs.gov.br/ws/NfeRetAutorizacao/NFeRetAutorizacao4.asmx</NfeRetAutorizacao>
      <NfeInutilizacao4 soap_action="NFeInutilizacao4" metodo="nfeInutilizacaoNF" service='nfeInutilizacaoNF4' versao='4.00'>https://nfe-homologacao.svrs.rs.gov.br/ws/nfeinutilizacao/nfeinutilizacao4.asmx</NfeInutilizacao4>
      <NfeConsulta4 soap_action="NFeConsultaProtocolo4" metodo="nfeConsultaNF" service='nfeConsultaNF4' versao='4.00'>https://nfe-homologacao.svrs.rs.gov.br/ws/NfeConsulta/NfeConsulta4.asmx</NfeConsulta4>
      <NfeStatusServico4 soap_action="NFeStatusServico4" metodo="nfeStatusServicoNF" service='NfeStatusServico' versao='4.00'>https://nfe-homologacao.svrs.rs.gov.br/ws/NfeStatusServico/NfeStatusServico4.asmx</NfeStatusServico4>
      <CadConsultaCadastro4 service='NfeConsultaCadastro' versao='2.00'>https://cad.svrs.rs.gov.br/ws/cadconsultacadastro/cadconsultacadastro4.asmx</CadConsultaCadastro4>
      <RecepcaoEvento soap_action="NFeRecepcaoEvento4" metodo="nfeRecepcaoEvento" service='RecepcaoEvento' versao='1.00'>https://nfe-homologacao.svrs.rs.gov.br/ws/recepcaoevento/recepcaoevento4.asmx</RecepcaoEvento>
    </homologacao>
    <!--  SVRS  -->
    <producao>
      <NfeAutorizacao soap_action="NFeAutorizacao4" metodo="nfeAutorizacaoLote"  service='NfeAutorizacao' versao='4.00'>https://nfe.svrs.rs.gov.br/ws/NfeAutorizacao/NFeAutorizacao4.asmx</NfeAutorizacao>
      <NfeRetAutorizacao soap_action="NFeRetAutorizacao4" metodo="nfeRetAutorizacaoLote" service='NfeRetAutorizacao' versao='4.00'>https://nfe.svrs.rs.gov.br/ws/NfeRetAutorizacao/NFeRetAutorizacao4.asmx</NfeRetAutorizacao>
      <NfeInutilizacao4 soap_action="NFeInutilizacao4" metodo="nfeInutilizacaoNF" service='nfeInutilizacaoNF4' versao='4.00'>https://nfe.svrs.rs.gov.br/ws/nfeinutilizacao/nfeinutilizacao4.asmx</NfeInutilizacao4>
      <NfeConsulta4 soap_action="NFeConsultaProtocolo4" metodo="nfeConsultaNF" service='nfeConsultaNF4' versao='4.00'>https://nfe.svrs.rs.gov.br/ws/NfeConsulta/NfeConsulta4.asmx</NfeConsulta4>
      <NfeStatusServico4 service='nfeStatusServicoNF4' versao='4.00'>https://nfe.svrs.rs.gov.br/ws/NfeStatusServico/NfeStatusServico4.asmx</NfeStatusServico4>
      <CadConsultaCadastro4 service='NfeConsultaCadastro' versao='2.00'>https://cad.svrs.rs.gov.br/ws/cadconsultacadastro/cadconsultacadastro4.asmx</CadConsultaCadastro4>
      <RecepcaoEvento soap_action="NFeRecepcaoEvento4" metodo="nfeRecepcaoEvento" service='nfeRecepcaoEvento' versao='1.00'>https://nfe.svrs.rs.gov.br/ws/recepcaoevento/recepcaoevento4.asmx</RecepcaoEvento>
    </producao>
  </UF>
  <UF>
    <sigla>BA</sigla>
    <!--  SEFAZ BAHIA - PROPRIO  -->
    <homologacao>
      <NfeAutorizacao service='NFeAutorizacao' versao='4.00'>https://hnfe.sefaz.ba.gov.br/webservices/NfeAutorizacao4/NfeAutorizacao4.asmx</NfeAutorizacao>
      <NfeRetAutorizacao service='NFeRetAutorizacao' versao='4.00'>https://hnfe.sefaz.ba.gov.br/webservices/NfeRetAutorizacao4/NfeRetAutorizacao4.asmx</NfeRetAutorizacao>
      <NfeInutilizacao4 service='NfeInutilizacao' versao='4.00'>https://hnfe.sefaz.ba.gov.br/webservices/NfeInutilizacao/NfeInutilizacao.asmx</NfeInutilizacao4>
      <NfeConsulta4 service='NfeConsultaProtocolo' versao='4.00'>https://hnfe.sefaz.ba.gov.br/webservices/NfeConsulta4/NfeConsulta.asmx</NfeConsulta4>
      <NfeStatusServico4 service='NfeStatusServico' versao='4.00'>https://hnfe.sefaz.ba.gov.br/webservices/NfeStatusServico4/NfeStatusServico.asmx</NfeStatusServico4>
      <CadConsultaCadastro4 soap_action="CadConsultaCadastro4" metodo="consultaCadastro" service='NfeConsultaCadastro' versao='2.00'>https://nfe.sefaz.ba.gov.br/webservices/CadConsultaCadastro4/CadConsultaCadastro4.asmx</CadConsultaCadastro4>
      <RecepcaoEvento service='RecepcaoEvento' versao='1.00'>https://hnfe.sefaz.ba.gov.br/webservices/sre/recepcaoevento4.asmx</RecepcaoEvento>
    </homologacao>
    <!--  SEFAZ BAHIA - PROPRIO  -->
    <producao>
      <NfeAutorizacao soap_action="NFeAutorizacao4" metodo="nfeAutorizacaoLote" service='NFeAutorizacao' versao='4.00'>https://nfe.sefaz.ba.gov.br/webservices/NfeAutorizacao4/NfeAutorizacao4.asmx</NfeAutorizacao>
      <NfeRetAutorizacao soap_action="NFeRetAutorizacao4" metodo="nfeRetAutorizacaoLote" service='NFeRetAutorizacao' versao='4.00'>https://nfe.sefaz.ba.gov.br/webservices/NfeRetAutorizacao4/NfeRetAutorizacao4.asmx</NfeRetAutorizacao>
      <NfeInutilizacao4 soap_action="NFeInutilizacao4" metodo="nfeInutilizacaoNF" service='NfeInutilizacao' versao='4.00'>https://nfe.sefaz.ba.gov.br/webservices/NFeInutilizacao4/NFeInutilizacao4.asmx</NfeInutilizacao4>
      <NfeConsulta4 soap_action="NFeConsultaProtocolo4" metodo="nfeConsultaNF" service='NfeConsultaProtocolo' versao='4.00'>https://nfe.sefaz.ba.gov.br/webservices/NFeConsultaProtocolo4/NFeConsultaProtocolo4.asmx</NfeConsulta4>
      <NfeStatusServico4 soap_action="NFeStatusServico4" metodo="nfeStatusServicoNF" service='NfeStatusServico' versao='4.00'>https://nfe.sefaz.ba.gov.br/webservices/NfeStatusServico4/NfeStatusServico4.asmx</NfeStatusServico4>
      <CadConsultaCadastro4 soap_action="CadConsultaCadastro4" metodo="consultaCadastro" service='NfeConsultaCadastro' versao='2.00'>https://nfe.sefaz.ba.gov.br/webservices/CadConsultaCadastro4/CadConsultaCadastro4.asmx</CadConsultaCadastro4>
      <RecepcaoEvento soap_action="NFeRecepcaoEvento4" metodo="nfeRecepcaoEvento" service='RecepcaoEvento' versao='1.00'>https://nfe.sefaz.ba.gov.br/webservices/NFeRecepcaoEvento4/NFeRecepcaoEvento4.asmx</RecepcaoEvento>
    </producao>
  </UF>
  <UF>
    <sigla>CE</sigla>
    <!--  SEFAZ VIRTUAL RIO GRANDE DO SUL  -->
    <!--  SVRS  -->
    <homologacao>
      <NfeAutorizacao soap_action="NFeAutorizacao4" metodo="nfeAutorizacaoLote"  service='NfeAutorizacao' versao='4.00'>https://nfe-homologacao.svrs.rs.gov.br/ws/NfeAutorizacao/NFeAutorizacao4.asmx</NfeAutorizacao>
      <NfeRetAutorizacao soap_action="NFeRetAutorizacao4" metodo="nfeRetAutorizacaoLote" service='NfeRetAutorizacao' versao='4.00'>https://nfe-homologacao.svrs.rs.gov.br/ws/NfeRetAutorizacao/NFeRetAutorizacao4.asmx</NfeRetAutorizacao>
      <NfeInutilizacao4 soap_action="NFeInutilizacao4" metodo="nfeInutilizacaoNF" service='nfeInutilizacaoNF4' versao='4.00'>https://nfe-homologacao.svrs.rs.gov.br/ws/nfeinutilizacao/nfeinutilizacao4.asmx</NfeInutilizacao4>
      <NfeConsulta4 soap_action="NFeConsultaProtocolo4" metodo="nfeConsultaNF" service='nfeConsultaNF4' versao='4.00'>https://nfe-homologacao.svrs.rs.gov.br/ws/NfeConsulta/NfeConsulta4.asmx</NfeConsulta4>
      <NfeStatusServico4 soap_action="NFeStatusServico4" metodo="nfeStatusServicoNF" service='NfeStatusServico' versao='4.00'>https://nfe-homologacao.svrs.rs.gov.br/ws/NfeStatusServico/NfeStatusServico4.asmx</NfeStatusServico4>
      <CadConsultaCadastro4 service='NfeConsultaCadastro' versao='2.00'>https://cad.svrs.rs.gov.br/ws/cadconsultacadastro/cadconsultacadastro4.asmx</CadConsultaCadastro4>
      <RecepcaoEvento soap_action="NFeRecepcaoEvento4" metodo="nfeRecepcaoEvento" service='RecepcaoEvento' versao='1.00'>https://nfe-homologacao.svrs.rs.gov.br/ws/recepcaoevento/recepcaoevento4.asmx</RecepcaoEvento>
    </homologacao>
    <!--  SVRS  -->
    <producao>
      <NfeAutorizacao soap_action="NFeAutorizacao4" metodo="nfeAutorizacaoLote"  service='NfeAutorizacao' versao='4.00'>https://nfe.svrs.rs.gov.br/ws/NfeAutorizacao/NFeAutorizacao4.asmx</NfeAutorizacao>
      <NfeRetAutorizacao soap_action="NFeRetAutorizacao4" metodo="nfeRetAutorizacaoLote" service='NfeRetAutorizacao' versao='4.00'>https://nfe.svrs.rs.gov.br/ws/NfeRetAutorizacao/NFeRetAutorizacao4.asmx</NfeRetAutorizacao>
      <NfeInutilizacao4 soap_action="NFeInutilizacao4" metodo="nfeInutilizacaoNF" service='nfeInutilizacaoNF4' versao='4.00'>https://nfe.svrs.rs.gov.br/ws/nfeinutilizacao/nfeinutilizacao4.asmx</NfeInutilizacao4>
      <NfeConsulta4 soap_action="NFeConsultaProtocolo4" metodo="nfeConsultaNF" service='nfeConsultaNF4' versao='4.00'>https://nfe.svrs.rs.gov.br/ws/NfeConsulta/NfeConsulta4.asmx</NfeConsulta4>
      <NfeStatusServico4 service='nfeStatusServicoNF4' versao='4.00'>https://nfe.svrs.rs.gov.br/ws/NfeStatusServico/NfeStatusServico4.asmx</NfeStatusServico4>
      <CadConsultaCadastro4 service='NfeConsultaCadastro' versao='2.00'>https://cad.svrs.rs.gov.br/ws/cadconsultacadastro/cadconsultacadastro4.asmx</CadConsultaCadastro4>
      <RecepcaoEvento soap_action="NFeRecepcaoEvento4" metodo="nfeRecepcaoEvento" service='nfeRecepcaoEvento' versao='1.00'>https://nfe.svrs.rs.gov.br/ws/recepcaoevento/recepcaoevento4.asmx</RecepcaoEvento>
    </producao>
  </UF>
  <UF>
    <sigla>DF</sigla>
    <!-- SEFAZ VIRTUAL RIO GRANDE DO SUL -->
    <!-- SVRS -->
    <homologacao>
      <NfeAutorizacao soap_action="NFeAutorizacao4" metodo="nfeAutorizacaoLote"  service='NfeAutorizacao' versao='4.00'>https://nfe-homologacao.svrs.rs.gov.br/ws/NfeAutorizacao/NFeAutorizacao4.asmx</NfeAutorizacao>
      <NfeRetAutorizacao soap_action="NFeRetAutorizacao4" metodo="nfeRetAutorizacaoLote" service='NfeRetAutorizacao' versao='4.00'>https://nfe-homologacao.svrs.rs.gov.br/ws/NfeRetAutorizacao/NFeRetAutorizacao4.asmx</NfeRetAutorizacao>
      <NfeInutilizacao4 soap_action="NFeInutilizacao4" metodo="nfeInutilizacaoNF" service='nfeInutilizacaoNF4' versao='4.00'>https://nfe-homologacao.svrs.rs.gov.br/ws/nfeinutilizacao/nfeinutilizacao4.asmx</NfeInutilizacao4>
      <NfeConsulta4 soap_action="NFeConsultaProtocolo4" metodo="nfeConsultaNF" service='nfeConsultaNF4' versao='4.00'>https://nfe-homologacao.svrs.rs.gov.br/ws/NfeConsulta/NfeConsulta4.asmx</NfeConsulta4>
      <NfeStatusServico4 soap_action="NFeStatusServico4" metodo="nfeStatusServicoNF" service='NfeStatusServico' versao='4.00'>https://nfe-homologacao.svrs.rs.gov.br/ws/NfeStatusServico/NfeStatusServico4.asmx</NfeStatusServico4>
      <CadConsultaCadastro4 service='NfeConsultaCadastro' versao='2.00'>https://cad.svrs.rs.gov.br/ws/cadconsultacadastro/cadconsultacadastro4.asmx</CadConsultaCadastro4>
      <RecepcaoEvento soap_action="NFeRecepcaoEvento4" metodo="nfeRecepcaoEvento" service='RecepcaoEvento' versao='1.00'>https://nfe-homologacao.svrs.rs.gov.br/ws/recepcaoevento/recepcaoevento4.asmx</RecepcaoEvento>
    </homologacao>
    <!--  SVRS  -->
    <producao>
      <NfeAutorizacao soap_action="NFeAutorizacao4" metodo="nfeAutorizacaoLote"  service='NfeAutorizacao' versao='4.00'>https://nfe.svrs.rs.gov.br/ws/NfeAutorizacao/NFeAutorizacao4.asmx</NfeAutorizacao>
      <NfeRetAutorizacao soap_action="NFeRetAutorizacao4" metodo="nfeRetAutorizacaoLote" service='NfeRetAutorizacao' versao='4.00'>https://nfe.svrs.rs.gov.br/ws/NfeRetAutorizacao/NFeRetAutorizacao4.asmx</NfeRetAutorizacao>
      <NfeInutilizacao4 soap_action="NFeInutilizacao4" metodo="nfeInutilizacaoNF" service='nfeInutilizacaoNF4' versao='4.00'>https://nfe.svrs.rs.gov.br/ws/nfeinutilizacao/nfeinutilizacao4.asmx</NfeInutilizacao4>
      <NfeConsulta4 soap_action="NFeConsultaProtocolo4" metodo="nfeConsultaNF" service='nfeConsultaNF4' versao='4.00'>https://nfe.svrs.rs.gov.br/ws/NfeConsulta/NfeConsulta4.asmx</NfeConsulta4>
      <NfeStatusServico4 service='nfeStatusServicoNF4' versao='4.00'>https://nfe.svrs.rs.gov.br/ws/NfeStatusServico/NfeStatusServico4.asmx</NfeStatusServico4>
      <CadConsultaCadastro4 service='NfeConsultaCadastro' versao='2.00'>https://cad.svrs.rs.gov.br/ws/cadconsultacadastro/cadconsultacadastro4.asmx</CadConsultaCadastro4>
      <RecepcaoEvento soap_action="NFeRecepcaoEvento4" metodo="nfeRecepcaoEvento" service='nfeRecepcaoEvento' versao='1.00'>https://nfe.svrs.rs.gov.br/ws/recepcaoevento/recepcaoevento4.asmx</RecepcaoEvento>
    </producao>
  </UF>
  <UF>
    <sigla>ES</sigla>
    <!--  SEFAZ VIRTUAL RIO GRANDE DO SUL  -->
    <!--  SVRS  -->
    <homologacao>
      <NfeAutorizacao soap_action="NFeAutorizacao4" metodo="nfeAutorizacaoLote"  service='NfeAutorizacao' versao='4.00'>https://nfe-homologacao.svrs.rs.gov.br/ws/NfeAutorizacao/NFeAutorizacao4.asmx</NfeAutorizacao>
      <NfeRetAutorizacao soap_action="NFeRetAutorizacao4" metodo="nfeRetAutorizacaoLote" service='NfeRetAutorizacao' versao='4.00'>https://nfe-homologacao.svrs.rs.gov.br/ws/NfeRetAutorizacao/NFeRetAutorizacao4.asmx</NfeRetAutorizacao>
      <NfeInutilizacao4 soap_action="NFeInutilizacao4" metodo="nfeInutilizacaoNF" service='nfeInutilizacaoNF4' versao='4.00'>https://nfe-homologacao.svrs.rs.gov.br/ws/nfeinutilizacao/nfeinutilizacao4.asmx</NfeInutilizacao4>
      <NfeConsulta4 soap_action="NFeConsultaProtocolo4" metodo="nfeConsultaNF" service='nfeConsultaNF4' versao='4.00'>https://nfe-homologacao.svrs.rs.gov.br/ws/NfeConsulta/NfeConsulta4.asmx</NfeConsulta4>
      <NfeStatusServico4 soap_action="NFeStatusServico4" metodo="nfeStatusServicoNF" service='NfeStatusServico' versao='4.00'>https://nfe-homologacao.svrs.rs.gov.br/ws/NfeStatusServico/NfeStatusServico4.asmx</NfeStatusServico4>
      <CadConsultaCadastro4 service='NfeConsultaCadastro' versao='2.00'>https://cad.svrs.rs.gov.br/ws/cadconsultacadastro/cadconsultacadastro4.asmx</CadConsultaCadastro4>
      <RecepcaoEvento soap_action="NFeRecepcaoEvento4" metodo="nfeRecepcaoEvento" service='RecepcaoEvento' versao='1.00'>https://nfe-homologacao.svrs.rs.gov.br/ws/recepcaoevento/recepcaoevento4.asmx</RecepcaoEvento>
    </homologacao>
    <!--  SVRS  -->
    <producao>
      <NfeAutorizacao soap_action="NFeAutorizacao4" metodo="nfeAutorizacaoLote"  service='NfeAutorizacao' versao='4.00'>https://nfe.svrs.rs.gov.br/ws/NfeAutorizacao/NFeAutorizacao4.asmx</NfeAutorizacao>
      <NfeRetAutorizacao soap_action="NFeRetAutorizacao4" metodo="nfeRetAutorizacaoLote" service='NfeRetAutorizacao' versao='4.00'>https://nfe.svrs.rs.gov.br/ws/NfeRetAutorizacao/NFeRetAutorizacao4.asmx</NfeRetAutorizacao>
      <NfeInutilizacao4 soap_action="NFeInutilizacao4" metodo="nfeInutilizacaoNF" service='nfeInutilizacaoNF4' versao='4.00'>https://nfe.svrs.rs.gov.br/ws/nfeinutilizacao/nfeinutilizacao4.asmx</NfeInutilizacao4>
      <NfeConsulta4 soap_action="NFeConsultaProtocolo4" metodo="nfeConsultaNF" service='nfeConsultaNF4' versao='4.00'>https://nfe.svrs.rs.gov.br/ws/NfeConsulta/NfeConsulta4.asmx</NfeConsulta4>
      <NfeStatusServico4 service='nfeStatusServicoNF4' versao='4.00'>https://nfe.svrs.rs.gov.br/ws/NfeStatusServico/NfeStatusServico4.asmx</NfeStatusServico4>
      <CadConsultaCadastro4 service='NfeConsultaCadastro' versao='2.00'>https://cad.svrs.rs.gov.br/ws/cadconsultacadastro/cadconsultacadastro4.asmx</CadConsultaCadastro4>
      <RecepcaoEvento soap_action="NFeRecepcaoEvento4" metodo="nfeRecepcaoEvento" service='nfeRecepcaoEvento' versao='1.00'>https://nfe.svrs.rs.gov.br/ws/recepcaoevento/recepcaoevento4.asmx</RecepcaoEvento>
    </producao>
  </UF>
  <UF>
    <sigla>GO</sigla>
    <!--  SEFAZ GOIAS - PROPRIO  -->
    <homologacao>
      <NfeAutorizacao soap_action="NFeAutorizacao4" metodo="nfeAutorizacaoLote" service='NFeAutorizacao' versao='4.00'>https://homolog.sefaz.go.gov.br/nfe/services/NFeAutorizacao4</NfeAutorizacao>
      <NfeRetAutorizacao soap_action="NFeRetAutorizacao4" metodo="nfeRetAutorizacaoLote" service='NFeRetAutorizacao' versao='4.00'>https://homolog.sefaz.go.gov.br/nfe/services/NFeRetAutorizacao4</NfeRetAutorizacao>
      <NfeInutilizacao4 soap_action="NFeInutilizacao4" metodo="nfeInutilizacaoNF" service='NfeInutilizacao'  versao='4.00'>https://homolog.sefaz.go.gov.br/nfe/services/NFeInutilizacao4</NfeInutilizacao4>
      <NfeConsulta4 soap_action="NFeConsultaProtocolo4" metodo="nfeConsultaNF" service='NfeConsultaProtocolo' versao='4.00'>https://homolog.sefaz.go.gov.br/nfe/services/NFeConsultaProtocolo4</NfeConsulta4>
      <NfeStatusServico4 soap_action="NFeStatusServico4" metodo="nfeStatusServicoNF" service='NfeStatusServico' versao='4.00'>https://homolog.sefaz.go.gov.br/nfe/services/NFeStatusServico4</NfeStatusServico4>
      <CadConsultaCadastro4 soap_action="CadConsultaCadastro4" metodo="consultaCadastro" service='NfeConsultaCadastro' versao='2.00'>https://nfe.sefaz.go.gov.br/nfe/services/CadConsultaCadastro4</CadConsultaCadastro4>
      <RecepcaoEvento soap_action="NFeRecepcaoEvento4" metodo="nfeRecepcaoEvento" service='RecepcaoEvento' versao='1.00'>https://homolog.sefaz.go.gov.br/nfe/services/NFeRecepcaoEvento4</RecepcaoEvento>
    </homologacao>
    <!--  SEFAZ GOIAS - PROPRIO  -->
    <producao>
      <NfeAutorizacao soap_action="NFeAutorizacao4" metodo="nfeAutorizacaoLote" service='NFeAutorizacao' versao='4.00'>https://nfe.sefaz.go.gov.br/nfe/services/NFeAutorizacao4</NfeAutorizacao>
      <NfeRetAutorizacao soap_action="NFeRetAutorizacao4" metodo="nfeRetAutorizacaoLote" service='NFeRetAutorizacao' versao='4.00'>https://nfe.sefaz.go.gov.br/nfe/services/NFeRetAutorizacao4</NfeRetAutorizacao>
      <NfeInutilizacao4 soap_action="NFeInutilizacao4" metodo="nfeInutilizacaoNF" service='NfeInutilizacao' versao='4.00'>https://nfe.sefaz.go.gov.br/nfe/services/NFeInutilizacao4</NfeInutilizacao4>
      <NfeConsulta4 soap_action="NFeConsultaProtocolo4" metodo="nfeConsultaNF" service='NfeConsultaProtocolo' versao='4.00'>https://nfe.sefaz.go.gov.br/nfe/services/NFeConsultaProtocolo4</NfeConsulta4>
      <NfeStatusServico4 soap_action="NFeStatusServico4" metodo="nfeStatusServicoNF" service='NfeStatusServico' versao='4.00'>https://nfe.sefaz.go.gov.br/nfe/services/NFeStatusServico4</NfeStatusServico4>
      <CadConsultaCadastro4 soap_action="CadConsultaCadastro4" metodo="consultaCadastro" service='NfeConsultaCadastro' versao='2.00'>https://nfe.sefaz.go.gov.br/nfe/services/CadConsultaCadastro4</CadConsultaCadastro4>
      <RecepcaoEvento soap_action="NFeRecepcaoEvento4" metodo="nfeRecepcaoEvento" service='RecepcaoEvento' versao='1.00'>https://nfe.sefaz.go.gov.br/nfe/services/NFeRecepcaoEvento4</RecepcaoEvento>
    </producao>
  </UF>
  <UF>
    <sigla>SVAN</sigla>
    <homologacao>
      <NfeAutorizacao soap_action="NFeAutorizacao4" metodo="nfeAutorizacaoLote" service='NFeAutorizacao' versao='4.00'>https://hom.sefazvirtual.fazenda.gov.br/NfeAutorizacao4/NfeAutorizacao4.asmx</NfeAutorizacao>
      <NfeRetAutorizacao soap_action="NFeRetAutorizacao4" metodo="nfeRetAutorizacaoLote" service='NFeRetAutorizacao' versao='4.00'>https://hom.sefazvirtual.fazenda.gov.br/NfeRetAutorizacao4/NfeRetAutorizacao4.asmx</NfeRetAutorizacao>
      <NfeInutilizacao4 soap_action="NFeInutilizacao4" metodo="nfeInutilizacaoNF" service='NfeInutilizacao' versao='4.00'>https://hom.sefazvirtual.fazenda.gov.br/NfeInutilizacao4/NfeInutilizacao4.asmx</NfeInutilizacao4>
      <NfeConsulta4 soap_action="NFeConsultaProtocolo4" metodo="nfeConsultaNF" service='NfeConsultaProtocolo' versao='4.00'>https://hom.sefazvirtual.fazenda.gov.br/NfeConsulta4/NfeConsulta4.asmx</NfeConsulta4>
      <NfeStatusServico4 soap_action="NFeStatusServico4" metodo="nfeStatusServicoNF" service='NfeStatusServico' versao='4.00'>https://hom.sefazvirtual.fazenda.gov.br/NfeStatusServico4/NfeStatusServico4.asmx</NfeStatusServico4>
      <CadConsultaCadastro4 soap_action="CadConsultaCadastro4" metodo="consultaCadastro" service='' versao=''></CadConsultaCadastro4>
      <RecepcaoEvento soap_action="NFeRecepcaoEvento4" metodo="nfeRecepcaoEvento" service='RecepcaoEvento' versao='4.00'>https://hom.sefazvirtual.fazenda.gov.br/RecepcaoEvento4/RecepcaoEvento4.asmx</RecepcaoEvento>
    </homologacao>
    <producao>
      <NfeAutorizacao soap_action="NFeAutorizacao4" metodo="nfeAutorizacaoLote" service='NFeAutorizacao' versao='4.00'>https://www.sefazvirtual.fazenda.gov.br/NfeAutorizacao4/NfeAutorizacao4.asmx</NfeAutorizacao>
      <NfeRetAutorizacao soap_action="NFeRetAutorizacao4" metodo="nfeRetAutorizacaoLote" service='NFeRetAutorizacao' versao='4.00'>https://www.sefazvirtual.fazenda.gov.br/NfeRetAutorizacao4/NfeRetAutorizacao4.asmX</NfeRetAutorizacao>
      <NfeInutilizacao4 soap_action="NFeInutilizacao4" metodo="nfeInutilizacaoNF" service='NfeInutilizacao' versao='4.00'>https://www.sefazvirtual.fazenda.gov.br/NfeInutilizacao4/NfeInutilizacao4.asmx</NfeInutilizacao4>
      <NfeConsulta4 soap_action="NFeConsultaProtocolo4" metodo="nfeConsultaNF" service='NfeConsultaProtocolo' versao='4.00'>https://www.sefazvirtual.fazenda.gov.br/NfeConsulta4/NfeConsulta4.asmx</NfeConsulta4>
      <NfeStatusServico4 soap_action="NFeStatusServico4" metodo="nfeStatusServicoNF" service='NfeStatusServico' versao='4.00'>https://www.sefazvirtual.fazenda.gov.br/NfeStatusServico4/NfeStatusServico4.asmx</NfeStatusServico4>
      <CadConsultaCadastro4 soap_action="CadConsultaCadastro4" metodo="consultaCadastro" service='' versao=''></CadConsultaCadastro4>
      <RecepcaoEvento soap_action="NFeRecepcaoEvento4" metodo="nfeRecepcaoEvento" service='RecepcaoEvento' versao='4.00'>https://www.sefazvirtual.fazenda.gov.br/RecepcaoEvento4/RecepcaoEvento4.asmx</RecepcaoEvento>
    </producao>
  </UF>
  <UF>
    <sigla>MA</sigla>
    <!--  SVAN  -->
    <homologacao>
      <NfeAutorizacao soap_action="NFeAutorizacao4" metodo="nfeAutorizacaoLote" service='NFeAutorizacao' versao='4.00'>https://hom.sefazvirtual.fazenda.gov.br/NfeAutorizacao4/NfeAutorizacao4.asmx</NfeAutorizacao>
      <NfeRetAutorizacao  soap_action="NFeRetAutorizacao4" metodo="nfeRetAutorizacaoLote" service='NFeRetAutorizacao' versao='4.00'>https://hom.sefazvirtual.fazenda.gov.br/NfeRetAutorizacao4/NfeRetAutorizacao4.asmx</NfeRetAutorizacao>
      <NfeInutilizacao4 soap_action="NFeInutilizacao4" metodo="nfeInutilizacaoNF" service='NfeInutilizacao' versao='4.00'>https://hom.sefazvirtual.fazenda.gov.br/NfeInutilizacao4/NfeInutilizacao4.asmx</NfeInutilizacao4>
      <NfeConsulta4 soap_action="NFeConsultaProtocolo4" metodo="nfeConsultaNF" service='NfeConsultaProtocolo' versao='4.00'>https://hom.sefazvirtual.fazenda.gov.br/NfeConsulta4/NfeConsulta4.asmx</NfeConsulta4>
      <NfeStatusServico4 soap_action="NFeStatusServico4" metodo="nfeStatusServicoNF" service='NfeStatusServico' versao='4.00'>https://hom.sefazvirtual.fazenda.gov.br/NfeStatusServico4/NfeStatusServico4.asmx</NfeStatusServico4>
      <CadConsultaCadastro4 soap_action="CadConsultaCadastro4" metodo="consultaCadastro" service='' versao=''></CadConsultaCadastro4>
      <RecepcaoEvento  soap_action="NFeRecepcaoEvento4" metodo="nfeRecepcaoEvento" service='RecepcaoEvento' versao='4.00'>https://hom.sefazvirtual.fazenda.gov.br/RecepcaoEvento4/RecepcaoEvento4.asmx</RecepcaoEvento>
    </homologacao>
    <!--  SVAN  -->
    <producao>
      <NfeAutorizacao soap_action="NFeAutorizacao4" metodo="nfeAutorizacaoLote" service='NFeAutorizacao' versao='4.00'>https://www.sefazvirtual.fazenda.gov.br/NfeAutorizacao4/NfeAutorizacao4.asmx</NfeAutorizacao>
      <NfeRetAutorizacao soap_action="NFeRetAutorizacao4" metodo="nfeRetAutorizacaoLote" service='NFeRetAutorizacao' versao='4.00'>https://www.sefazvirtual.fazenda.gov.br/NfeRetAutorizacao4/NfeRetAutorizacao4.asmX</NfeRetAutorizacao>
      <NfeInutilizacao4 soap_action="NFeInutilizacao4" metodo="nfeInutilizacaoNF" service='NfeInutilizacao' versao='4.00'>https://www.sefazvirtual.fazenda.gov.br/NfeInutilizacao4/NfeInutilizacao4.asmx</NfeInutilizacao4>
      <NfeConsulta4 soap_action="NFeConsultaProtocolo4" metodo="nfeConsultaNF" service='NfeConsultaProtocolo' versao='4.00'>https://www.sefazvirtual.fazenda.gov.br/NfeConsulta4/NfeConsulta4.asmx</NfeConsulta4>
      <NfeStatusServico4  soap_action="NFeStatusServico4" metodo="nfeStatusServicoNF" service='NfeStatusServico' versao='4.00'>https://www.sefazvirtual.fazenda.gov.br/NfeStatusServico4/NfeStatusServico4.asmx</NfeStatusServico4>
      <CadConsultaCadastro4 soap_action="CadConsultaCadastro4" metodo="consultaCadastro" service='' versao=''></CadConsultaCadastro4>
      <RecepcaoEvento  soap_action="NFeRecepcaoEvento4" metodo="nfeRecepcaoEvento" service='RecepcaoEvento' versao='4.00'>https://www.sefazvirtual.fazenda.gov.br/RecepcaoEvento4/RecepcaoEvento4.asmx</RecepcaoEvento>
    </producao>
  </UF>
  <UF>
    <sigla>MG</sigla>
    <!--  SEFAZ MINAS GERAIS - PROPRIO  -->
    <homologacao>
      <NfeAutorizacao soap_action="NFeAutorizacao4" metodo="NFeAutorizacao4Lote" service='NFeAutorizacao' versao='4.00'>https://hnfe.fazenda.mg.gov.br/nfe2/services/NFeAutorizacao4</NfeAutorizacao>
      <NfeRetAutorizacao soap_action="NFeRetAutorizacao4" metodo="NFeRetAutorizacao4" service='NFeRetAutorizacao' versao='4.00'>https://hnfe.fazenda.mg.gov.br/nfe2/services/NFeRetAutorizacao4</NfeRetAutorizacao>
      <NfeInutilizacao4 soap_action="NFeInutilizacao4" metodo="nfeInutilizacao4" service='NfeInutilizacao' versao='4.00'>https://hnfe.fazenda.mg.gov.br/nfe2/services/NFeInutilizacao4</NfeInutilizacao4>
      <NfeConsulta4 soap_action="NFeConsultaProtocolo4" metodo="nfeConsultaNF" service='NfeConsultaProtocolo' versao='4.00'>https://hnfe.fazenda.mg.gov.br/nfe2/services/NFeConsultaProtocolo4</NfeConsulta4>
      <NfeStatusServico4 soap_action="NFeStatusServico4" metodo="nfeStatusServico4" service='NfeStatusServico' versao='4.00'>https://hnfe.fazenda.mg.gov.br/nfe2/services/NFeStatusServico4</NfeStatusServico4>
      <CadConsultaCadastro4 service='NfeConsultaCadastro' versao='2.00'>https://nfe.fazenda.mg.gov.br/nfe2/services/CadConsultaCadastro4</CadConsultaCadastro4>
      <RecepcaoEvento soap_action="NFeRecepcaoEvento4" metodo="nfeRecepcaoEvento" service='nfeRecepcaoEvento' versao='1.00'>https://hnfe.fazenda.mg.gov.br/nfe2/services/NFeRecepcaoEvento4</RecepcaoEvento>
    </homologacao>
    <!--  SEFAZ MINAS GERAIS - PROPRIO  -->
    <producao>
      <NfeAutorizacao soap_action="NFeAutorizacao4" metodo="NFeAutorizacao4Lote" service='NFeAutorizacao' versao='4.00'>https://nfe.fazenda.mg.gov.br/nfe2/services/NFeAutorizacao4</NfeAutorizacao>
      <NfeRetAutorizacao soap_action="NFeRetAutorizacao4" metodo="NFeRetAutorizacao4" service='NFeRetAutorizacao' versao='4.00'>https://nfe.fazenda.mg.gov.br/nfe2/services/NFeRetAutorizacao4</NfeRetAutorizacao>
      <NfeInutilizacao4 soap_action="NFeInutilizacao4" metodo="nfeInutilizacao4" service='NfeInutilizacao' versao='4.00'>https://nfe.fazenda.mg.gov.br/nfe2/services/NFeInutilizacao4</NfeInutilizacao4>
      <NfeConsulta4 soap_action="NFeConsultaProtocolo4" metodo="nfeConsultaNF" service='NfeConsultaProtocolo' versao='4.00'>https://nfe.fazenda.mg.gov.br/nfe2/services/NFeConsultaProtocolo4</NfeConsulta4>
      <NfeStatusServico4 soap_action="NFeStatusServico4" metodo="nfeStatusServico4" service='NfeStatusServico' versao='4.00'>https://nfe.fazenda.mg.gov.br/nfe2/services/NFeStatusServico4</NfeStatusServico4>
      <CadConsultaCadastro4 service='NfeConsultaCadastro' versao='2.00'>https://nfe.fazenda.mg.gov.br/nfe2/services/CadConsultaCadastro4</CadConsultaCadastro4>
      <RecepcaoEvento soap_action="NFeRecepcaoEvento4" metodo="nfeRecepcaoEvento" service='nfeRecepcaoEvento' versao='1.00'>https://nfe.fazenda.mg.gov.br/nfe2/services/NFeRecepcaoEvento4</RecepcaoEvento>
    </producao>
  </UF>
  <UF>
    <sigla>MS</sigla>
    <!--  SEFAZ MATO GROSSO DO SUL - PROPRIO  -->
    <homologacao>
      <NfeAutorizacao soap_action="NFeAutorizacao4" metodo="nfeAutorizacaoLote" service='NfeAutorizacao' versao='4.00'>https://hom.nfe.sefaz.ms.gov.br/ws/NFeAutorizacao4</NfeAutorizacao>
      <NfeRetAutorizacao soap_action="NFeRetAutorizacao4" metodo="nfeRetAutorizacaoLote" service='NfeRetAutorizacao' versao='4.00'>https://hom.nfe.sefaz.ms.gov.br/ws/NFeRetAutorizacao4</NfeRetAutorizacao>
      <NfeInutilizacao4 soap_action="NFeInutilizacao4" metodo="nfeInutilizacaoNF" service='nfeInutilizacaoNF' versao='4.00'>https://hom.nfe.sefaz.ms.gov.br/ws/NFeInutilizacao4</NfeInutilizacao4>
      <NfeConsulta4 soap_action="NFeConsultaProtocolo4" metodo="nfeConsultaNF" service='nfeConsultaNF' versao='4.00'>https://hom.nfe.sefaz.ms.gov.br/ws/NFeConsultaProtocolo4</NfeConsulta4>
      <NfeStatusServico4 service='NfeStatusServico4' versao='4.00'>https://hom.nfe.sefaz.ms.gov.br/ws/NFeStatusServico4</NfeStatusServico4>
      <CadConsultaCadastro4 service='consultaCadastro' versao='2.00'>https://nfe.sefaz.ms.gov.br/ws/CadConsultaCadastro4</CadConsultaCadastro4>
      <RecepcaoEvento soap_action="NFeRecepcaoEvento4" metodo="nfeRecepcaoEvento" service='RecepcaoEvento' versao='1.00'>https://hom.nfe.sefaz.ms.gov.br/ws/NFeRecepcaoEvento4</RecepcaoEvento>
    </homologacao>
    <!--  SEFAZ MATO GROSSO DO SUL - PROPRIO  -->
    <producao>
      <NfeAutorizacao soap_action="NFeAutorizacao4" metodo="nfeAutorizacaoLote" service='NfeAutorizacao' versao='4.00'>https://nfe.sefaz.ms.gov.br/ws/NFeAutorizacao4</NfeAutorizacao>
      <NfeRetAutorizacao soap_action="NFeRetAutorizacao4" metodo="nfeRetAutorizacaoLote" service='NfeRetAutorizacao' versao='4.00'>https://nfe.sefaz.ms.gov.br/ws/NFeRetAutorizacao4</NfeRetAutorizacao>
      <NfeInutilizacao4 soap_action="NFeInutilizacao4" metodo="nfeInutilizacaoNF" service='nfeInutilizacaoNF' versao='4.00'>https://nfe.sefaz.ms.gov.br/ws/NFeInutilizacao4</NfeInutilizacao4>
      <NfeConsulta4 soap_action="NFeConsultaProtocolo4" metodo="nfeConsultaNF" service='nfeConsultaNF' versao='4.00'>https://nfe.sefaz.ms.gov.br/ws/NFeConsultaProtocolo4</NfeConsulta4>
      <NfeStatusServico4 service='NfeStatusServico4' versao='4.00'>https://nfe.sefaz.ms.gov.br/ws/NFeStatusServico4</NfeStatusServico4>
      <CadConsultaCadastro4 service='consultaCadastro' versao='2.00'>https://nfe.sefaz.ms.gov.br/ws/CadConsultaCadastro4</CadConsultaCadastro4>
      <RecepcaoEvento soap_action="NFeRecepcaoEvento4" metodo="nfeRecepcaoEvento" service='RecepcaoEvento' versao='1.00'>https://nfe.sefaz.ms.gov.br/ws/NFeRecepcaoEvento4</RecepcaoEvento>
    </producao>
  </UF>
  <UF>
    <sigla>MT</sigla>
    <!--  SEFAZ MATO GROSSO - SEFAZ PROPRIO  -->
    <homologacao>
      <NfeAutorizacao service='NFeAutorizacao' versao='4.00'>https://homologacao.sefaz.mt.gov.br/nfews/v2/services/NfeAutorizacao4</NfeAutorizacao>
      <NfeRetAutorizacao service='NFeRetAutorizacao' versao='4.00'>https://homologacao.sefaz.mt.gov.br/nfews/v2/services/NfeRetAutorizacao4</NfeRetAutorizacao>
      <NfeInutilizacao4 service='NfeInutilizacao' versao='4.00'>https://homologacao.sefaz.mt.gov.br/nfews/v2/services/NfeInutilizacao4</NfeInutilizacao4>
      <NfeConsulta4 service='NfeConsultaProtocolo' versao='4.00'>https://homologacao.sefaz.mt.gov.br/nfews/v2/services/NfeConsulta4</NfeConsulta4>
      <NfeStatusServico4 service='NfeStatusServico' versao='4.00'>https://homologacao.sefaz.mt.gov.br/nfews/v2/services/NfeStatusServico4</NfeStatusServico4>
      <CadConsultaCadastro4 soap_action="CadConsultaCadastro4" metodo="consultaCadastro" service='NfeConsultaCadastro' versao='2.00'>https://homologacao.sefaz.mt.gov.br/nfews/v2/services/CadConsultaCadastro4</CadConsultaCadastro4>
      <RecepcaoEvento service='RecepcaoEvento' versao='1.00'>https://homologacao.sefaz.mt.gov.br/nfews/v2/services/RecepcaoEvento4</RecepcaoEvento>
    </homologacao>
    <!--  SEFAZ MATO GROSSO - SEFAZ PROPRIO  -->
    <producao>
      <NfeAutorizacao soap_action="NFeAutorizacao4" metodo="nfeAutorizacaoLote" service='NfeAutorizacao' versao='4.00'>https://nfe.sefaz.mt.gov.br/nfews/v2/services/NfeAutorizacao4</NfeAutorizacao>
      <NfeRetAutorizacao soap_action="NFeRetAutorizacao4" metodo="nfeRetAutorizacaoLote" service='NfeRetAutorizacao' versao='4.00'>https://nfe.sefaz.mt.gov.br/nfews/v2/services/NfeRetAutorizacao4</NfeRetAutorizacao>
      <NfeInutilizacao4 soap_action="NFeInutilizacao4" metodo="nfeInutilizacaoNF" service='nfeInutilizacaoNF' versao='4.00'>https://nfe.sefaz.mt.gov.br/nfews/v2/services/NfeInutilizacao4</NfeInutilizacao4>
      <NfeConsulta4 soap_action="NFeConsultaProtocolo4" metodo="nfeConsultaNF" service='nfeConsultaNF' versao='4.00'>https://nfe.sefaz.mt.gov.br/nfews/v2/services/NfeConsulta4</NfeConsulta4>
      <NfeStatusServico4 soap_action="NFeStatusServico4" metodo="nfeStatusServicoNF" service='NfeStatusServico' versao='4.00'>https://nfe.sefaz.mt.gov.br/nfews/v2/services/NfeStatusServico4</NfeStatusServico4>
      <CadConsultaCadastro4 soap_action="CadConsultaCadastro4" metodo="consultaCadastro" service='NfeConsultaCadastro' versao='2.00'>https://nfe.sefaz.mt.gov.br/nfews/v2/services/CadConsultaCadastro4</CadConsultaCadastro4>
      <RecepcaoEvento soap_action="NFeRecepcaoEvento4" metodo="nfeRecepcaoEvento" service='RecepcaoEvento' versao='1.00'>https://nfe.sefaz.mt.gov.br/nfews/v2/services/RecepcaoEvento4</RecepcaoEvento>
    </producao>
  </UF>
  <UF>
    <sigla>PA</sigla>
    <!--  SEFAZ VIRTUAL RIO GRANDE DO SUL  -->
    <!--  SVRS  -->
    <homologacao>
      <NfeAutorizacao soap_action="NFeAutorizacao4" metodo="nfeAutorizacaoLote" service='NFeAutorizacao' versao='4.00'>https://nfe-homologacao.svrs.rs.gov.br/ws/NfeAutorizacao/NFeAutorizacao4.asmx</NfeAutorizacao>
      <NfeRetAutorizacao  soap_action="NFeRetAutorizacao4" metodo="nfeRetAutorizacaoLote" service='NFeRetAutorizacao' versao='4.00'>https://nfe-homologacao.svrs.rs.gov.br/ws/NfeRetAutorizacao/NFeRetAutorizacao4.asmx</NfeRetAutorizacao>
      <NfeInutilizacao4 soap_action="NFeInutilizacao4" metodo="nfeInutilizacaoNF" service='NfeInutilizacao' versao='4.00'>https://nfe-homologacao.svrs.rs.gov.br/ws/nfeinutilizacao/nfeinutilizacao4.asmx</NfeInutilizacao4>
      <NfeConsulta4 soap_action="NFeConsultaProtocolo4" metodo="nfeConsultaNF" service='NfeConsultaProtocolo' versao='4.00'>https://nfe-homologacao.svrs.rs.gov.br/ws/NfeConsulta/NfeConsulta4.asmx</NfeConsulta4>
      <NfeStatusServico4 soap_action="NFeStatusServico4" metodo="nfeStatusServicoNF" service='NfeStatusServico' versao='4.00'>https://nfe-homologacao.svrs.rs.gov.br/ws/NfeStatusServico/NfeStatusServico4.asmx</NfeStatusServico4>
      <CadConsultaCadastro4 service='NfeConsultaCadastro' versao='2.00'>https://cad.svrs.rs.gov.br/ws/cadconsultacadastro/cadconsultacadastro4.asmx</CadConsultaCadastro4>
      <RecepcaoEvento  soap_action="NFeRecepcaoEvento4" metodo="nfeRecepcaoEvento" service='RecepcaoEvento' versao='1.00'>https://nfe-homologacao.svrs.rs.gov.br/ws/recepcaoevento/recepcaoevento4.asmx</RecepcaoEvento>
    </homologacao>
    <!--  SVRS  -->
    <producao>
      <NfeAutorizacao soap_action="NFeAutorizacao4" metodo="nfeAutorizacaoLote" service='NFeAutorizacao' versao='4.00'>https://nfe.svrs.rs.gov.br/ws/NfeAutorizacao/NfeAutorizacao4.asmx</NfeAutorizacao>
      <NfeRetAutorizacao soap_action="NFeRetAutorizacao4" metodo="nfeRetAutorizacaoLote" service='NFeRetAutorizacao' versao='4.00'>https://nfe.svrs.rs.gov.br/ws/NfeRetAutorizacao/NFeRetAutorizacao4.asmx</NfeRetAutorizacao>
      <NfeInutilizacao4 soap_action="NFeInutilizacao4" metodo="nfeInutilizacaoNF" service='NfeInutilizacao' versao='4.00'>https://nfe.svrs.rs.gov.br/ws/nfeinutilizacao/nfeinutilizacao4.asmx</NfeInutilizacao4>
      <NfeConsulta4 soap_action="NFeConsultaProtocolo4" metodo="nfeConsultaNF" service='NfeConsultaProtocolo' versao='4.00'>https://nfe.svrs.rs.gov.br/ws/NfeConsulta/NfeNfeConsulta4.asmx</NfeConsulta4>
      <NfeStatusServico4  soap_action="NFeStatusServico4" metodo="nfeStatusServicoNF" service='NfeStatusServico' versao='4.00'>https://nfe.svrs.rs.gov.br/ws/NfeStatudServivo/NfeStatusServico4.asmx</NfeStatusServico4>
      <CadConsultaCadastro4 service='NfeConsultaCadastro' versao='2.00'>https://cad.svrs.rs.gov.br/ws/cadconsultacadastro/cadconsultacadastro4.asmx</CadConsultaCadastro4>
      <RecepcaoEvento  soap_action="NFeRecepcaoEvento4" metodo="nfeRecepcaoEvento" service='RecepcaoEvento' versao='1.00'>https://nfe.svrs.rs.gov.br/ws/recepcaoevento/recepcaoevento4.asmx</RecepcaoEvento>
    </producao>
  </UF>
  <UF>
    <sigla>PB</sigla>
    <!--  SEFAZ VIRTUAL RIO GRANDE DO SUL  -->
    <!--  SVRS  -->
    <homologacao>
      <NfeAutorizacao soap_action="NFeAutorizacao4" metodo="nfeAutorizacaoLote"  service='NfeAutorizacao' versao='4.00'>https://nfe-homologacao.svrs.rs.gov.br/ws/NfeAutorizacao/NFeAutorizacao4.asmx</NfeAutorizacao>
      <NfeRetAutorizacao soap_action="NFeRetAutorizacao4" metodo="nfeRetAutorizacaoLote" service='NfeRetAutorizacao' versao='4.00'>https://nfe-homologacao.svrs.rs.gov.br/ws/NfeRetAutorizacao/NFeRetAutorizacao4.asmx</NfeRetAutorizacao>
      <NfeInutilizacao4 soap_action="NFeInutilizacao4" metodo="nfeInutilizacaoNF" service='nfeInutilizacaoNF4' versao='4.00'>https://nfe-homologacao.svrs.rs.gov.br/ws/nfeinutilizacao/nfeinutilizacao4.asmx</NfeInutilizacao4>
      <NfeConsulta4 soap_action="NFeConsultaProtocolo4" metodo="nfeConsultaNF" service='nfeConsultaNF4' versao='4.00'>https://nfe-homologacao.svrs.rs.gov.br/ws/NfeConsulta/NfeConsulta4.asmx</NfeConsulta4>
      <NfeStatusServico4 soap_action="NFeStatusServico4" metodo="nfeStatusServicoNF" service='NfeStatusServico' versao='4.00'>https://nfe-homologacao.svrs.rs.gov.br/ws/NfeStatusServico/NfeStatusServico4.asmx</NfeStatusServico4>
      <CadConsultaCadastro4 service='NfeConsultaCadastro' versao='2.00'>https://cad.svrs.rs.gov.br/ws/cadconsultacadastro/cadconsultacadastro4.asmx</CadConsultaCadastro4>
      <RecepcaoEvento soap_action="NFeRecepcaoEvento4" metodo="nfeRecepcaoEvento" service='RecepcaoEvento' versao='1.00'>https://nfe-homologacao.svrs.rs.gov.br/ws/recepcaoevento/recepcaoevento4.asmx</RecepcaoEvento>
    </homologacao>
    <!--  SVRS  -->
    <producao>
      <NfeAutorizacao soap_action="NFeAutorizacao4" metodo="nfeAutorizacaoLote"  service='NfeAutorizacao' versao='4.00'>https://nfe.svrs.rs.gov.br/ws/NfeAutorizacao/NFeAutorizacao4.asmx</NfeAutorizacao>
      <NfeRetAutorizacao soap_action="NFeRetAutorizacao4" metodo="nfeRetAutorizacaoLote" service='NfeRetAutorizacao' versao='4.00'>https://nfe.svrs.rs.gov.br/ws/NfeRetAutorizacao/NFeRetAutorizacao4.asmx</NfeRetAutorizacao>
      <NfeInutilizacao4 soap_action="NFeInutilizacao4" metodo="nfeInutilizacaoNF" service='nfeInutilizacaoNF4' versao='4.00'>https://nfe.svrs.rs.gov.br/ws/nfeinutilizacao/nfeinutilizacao4.asmx</NfeInutilizacao4>
      <NfeConsulta4 soap_action="NFeConsultaProtocolo4" metodo="nfeConsultaNF" service='nfeConsultaNF4' versao='4.00'>https://nfe.svrs.rs.gov.br/ws/NfeConsulta/NfeConsulta4.asmx</NfeConsulta4>
      <NfeStatusServico4 service='nfeStatusServicoNF4' versao='4.00'>https://nfe.svrs.rs.gov.br/ws/NfeStatusServico/NfeStatusServico4.asmx</NfeStatusServico4>
      <CadConsultaCadastro4 service='NfeConsultaCadastro' versao='2.00'>https://cad.svrs.rs.gov.br/ws/cadconsultacadastro/cadconsultacadastro4.asmx</CadConsultaCadastro4>
      <RecepcaoEvento soap_action="NFeRecepcaoEvento4" metodo="nfeRecepcaoEvento" service='nfeRecepcaoEvento' versao='1.00'>https://nfe.svrs.rs.gov.br/ws/recepcaoevento/recepcaoevento4.asmx</RecepcaoEvento>
    </producao>
  </UF>
  <UF>
    <sigla>PE</sigla>
    <!--  SEFAZ PERNAMBUCO - PROPRIO  -->
    <homologacao>
      <NfeAutorizacao service='NFeAutorizacao' versao='4.00'>https://nfehomolog.sefaz.pe.gov.br/nfe-service/services/NfeAutorizacao4</NfeAutorizacao>
      <NfeRetAutorizacao service='NFeRetAutorizacao' versao='4.00'>https://nfehomolog.sefaz.pe.gov.br/nfe-service/services/NfeRetAutorizacao4</NfeRetAutorizacao>
      <NfeInutilizacao4 service='NfeInutilizacao' versao='4.00'>https://nfehomolog.sefaz.pe.gov.br/nfe-service/services/NfeInutilizacao4</NfeInutilizacao4>
      <NfeConsulta4 service='NfeConsultaProtocolo' versao='4.00'>https://nfehomolog.sefaz.pe.gov.br/nfe-service/services/NfeConsulta4</NfeConsulta4>
      <CadConsultaCadastro4 soap_action="CadConsultaCadastro4" metodo="consultaCadastro" service='NfeConsultaCadastro' versao='2.00'>https://nfe.sefaz.pe.gov.br/nfe-service/services/CadConsultaCadastro4</CadConsultaCadastro4>
      <RecepcaoEvento service='RecepcaoEvento' versao='1.00'>https://nfehomolog.sefaz.pe.gov.br/nfe-service/services/NFeRecepcaoEvento4</RecepcaoEvento>
    </homologacao>
    <!--  SEFAZ PERNAMBUCO - PROPRIO  -->
    <producao>
      <NfeAutorizacao soap_action="NFeAutorizacao4" metodo="nfeAutorizacaoLote" service='NFeAutorizacao' versao='4.00'>https://nfe.sefaz.pe.gov.br/nfe-service/services/NFeAutorizacao4</NfeAutorizacao>
      <NfeRetAutorizacao soap_action="NFeRetAutorizacao4" metodo="nfeRetAutorizacaoLote" service='NFeRetAutorizacao' versao='4.00'>https://nfe.sefaz.pe.gov.br/nfe-service/services/NFeRetAutorizacao4</NfeRetAutorizacao>
      <NfeInutilizacao4 soap_action="NFeInutilizacao4" metodo="nfeInutilizacaoNF" service='NfeInutilizacao' versao='4.00'>https://nfe.sefaz.pe.gov.br/nfe-service/services/NFeInutilizacao4</NfeInutilizacao4>
      <NfeConsulta4 soap_action="NFeConsultaProtocolo4" metodo="nfeConsultaNF" service='NfeConsultaProtocolo' versao='4.00'>https://nfe.sefaz.pe.gov.br/nfe-service/services/NFeConsultaProtocolo4</NfeConsulta4>
      <NfeStatusServico4 soap_action="NFeStatusServico4" metodo="nfeStatusServicoNF" service='NfeStatusServico' versao='4.00'>https://nfe.sefaz.pe.gov.br/nfe-service/services/NFeStatusServico4</NfeStatusServico4>
      <CadConsultaCadastro4 soap_action="CadConsultaCadastro4" metodo="consultaCadastro" service='NfeConsultaCadastro' versao='2.00'>https://nfe.sefaz.pe.gov.br/nfe-service/services/CadConsultaCadastro4</CadConsultaCadastro4>
      <RecepcaoEvento soap_action="NFeRecepcaoEvento4" metodo="nfeRecepcaoEvento" service='RecepcaoEvento' versao='1.00'>https://nfe.sefaz.pe.gov.br/nfe-service/services/NFeRecepcaoEvento4</RecepcaoEvento>
    </producao>
  </UF>
  <UF>
    <sigla>PI</sigla>
    <!--  SEFAZ VIRTUAL RIO GRANDE DO SUL  -->
    <!--  SVRS  -->
    <homologacao>
      <NfeAutorizacao soap_action="NFeAutorizacao4" metodo="nfeAutorizacaoLote"  service='NfeAutorizacao' versao='4.00'>https://nfe-homologacao.svrs.rs.gov.br/ws/NfeAutorizacao/NFeAutorizacao4.asmx</NfeAutorizacao>
      <NfeRetAutorizacao soap_action="NFeRetAutorizacao4" metodo="nfeRetAutorizacaoLote" service='NfeRetAutorizacao' versao='4.00'>https://nfe-homologacao.svrs.rs.gov.br/ws/NfeRetAutorizacao/NFeRetAutorizacao4.asmx</NfeRetAutorizacao>
      <NfeInutilizacao4 soap_action="NFeInutilizacao4" metodo="nfeInutilizacaoNF" service='nfeInutilizacaoNF4' versao='4.00'>https://nfe-homologacao.svrs.rs.gov.br/ws/nfeinutilizacao/nfeinutilizacao4.asmx</NfeInutilizacao4>
      <NfeConsulta4 soap_action="NFeConsultaProtocolo4" metodo="nfeConsultaNF" service='nfeConsultaNF4' versao='4.00'>https://nfe-homologacao.svrs.rs.gov.br/ws/NfeConsulta/NfeConsulta4.asmx</NfeConsulta4>
      <NfeStatusServico4 soap_action="NFeStatusServico4" metodo="nfeStatusServicoNF" service='NfeStatusServico' versao='4.00'>https://nfe-homologacao.svrs.rs.gov.br/ws/NfeStatusServico/NfeStatusServico4.asmx</NfeStatusServico4>
      <CadConsultaCadastro4 service='NfeConsultaCadastro' versao='2.00'>https://cad.svrs.rs.gov.br/ws/cadconsultacadastro/cadconsultacadastro4.asmx</CadConsultaCadastro4>
      <RecepcaoEvento soap_action="NFeRecepcaoEvento4" metodo="nfeRecepcaoEvento" service='RecepcaoEvento' versao='1.00'>https://nfe-homologacao.svrs.rs.gov.br/ws/recepcaoevento/recepcaoevento4.asmx</RecepcaoEvento>
    </homologacao>
    <!--  SVRS  -->
    <producao>
      <NfeAutorizacao soap_action="NFeAutorizacao4" metodo="nfeAutorizacaoLote"  service='NfeAutorizacao' versao='4.00'>https://nfe.svrs.rs.gov.br/ws/NfeAutorizacao/NFeAutorizacao4.asmx</NfeAutorizacao>
      <NfeRetAutorizacao soap_action="NFeRetAutorizacao4" metodo="nfeRetAutorizacaoLote" service='NfeRetAutorizacao' versao='4.00'>https://nfe.svrs.rs.gov.br/ws/NfeRetAutorizacao/NFeRetAutorizacao4.asmx</NfeRetAutorizacao>
      <NfeInutilizacao4 soap_action="NFeInutilizacao4" metodo="nfeInutilizacaoNF" service='nfeInutilizacaoNF4' versao='4.00'>https://nfe.svrs.rs.gov.br/ws/nfeinutilizacao/nfeinutilizacao4.asmx</NfeInutilizacao4>
      <NfeConsulta4 soap_action="NFeConsultaProtocolo4" metodo="nfeConsultaNF" service='nfeConsultaNF4' versao='4.00'>https://nfe.svrs.rs.gov.br/ws/NfeConsulta/NfeConsulta4.asmx</NfeConsulta4>
      <NfeStatusServico4 service='nfeStatusServicoNF4' versao='4.00'>https://nfe.svrs.rs.gov.br/ws/NfeStatusServico/NfeStatusServico4.asmx</NfeStatusServico4>
      <CadConsultaCadastro4 service='NfeConsultaCadastro' versao='2.00'>https://cad.svrs.rs.gov.br/ws/cadconsultacadastro/cadconsultacadastro4.asmx</CadConsultaCadastro4>
      <RecepcaoEvento soap_action="NFeRecepcaoEvento4" metodo="nfeRecepcaoEvento" service='nfeRecepcaoEvento' versao='1.00'>https://nfe.svrs.rs.gov.br/ws/recepcaoevento/recepcaoevento4.asmx</RecepcaoEvento>
    </producao>
  </UF>
  <UF>
    <sigla>PR</sigla>
    <!--  SEFAZ PARANÁ - PROPRIO  -->
    <homologacao>
      <NfeAutorizacao service='NFeAutorizacao' versao='4.00'>https://homologacao.nfe.sefa.pr.gov.br/nfe/NFeAutorizacao4</NfeAutorizacao>
      <NfeRetAutorizacao service='NFeRetAutorizacao' versao='4.00'>https://homologacao.nfe.sefa.pr.gov.br/nfe/NFeRetAutorizacao4</NfeRetAutorizacao>
      <NfeInutilizacao4 service='NfeInutilizacao' versao='4.00'>https://homologacao.nfe.sefa.pr.gov.br/nfe/NFeInutilizacao4</NfeInutilizacao4>
      <NfeConsulta4 service='NfeConsultaProtocolo' versao='4.00'>https://homologacao.nfe.sefa.pr.gov.br/nfe/NFeConsultaProtocolo4</NfeConsulta4>
      <NfeStatusServico4 service='NfeStatusServico' versao='4.00'>https://homologacao.nfe.sefa.pr.gov.br/nfe/NFeStatusServico4</NfeStatusServico4>
      <CadConsultaCadastro4 service='NfeConsultaCadastro' versao='2.00'>https://nfe.sefa.pr.gov.br/nfe/CadConsultaCadastro4</CadConsultaCadastro4>
      <RecepcaoEvento service='RecepcaoEvento' versao='1.00'>https://homologacao.nfe.sefa.pr.gov.br/nfe/NFeRecepcaoEvento4</RecepcaoEvento>
    </homologacao>
    <!--  SEFAZ PARANÁ - PROPRIO  -->
    <producao>
      <NfeAutorizacao service='NFeAutorizacao' versao='4.00'>https://nfe.sefa.pr.gov.br/nfe/NFeAutorizacao4</NfeAutorizacao>
      <NfeRetAutorizacao service='NFeRetAutorizacao' versao='4.00'>https://nfe.sefa.pr.gov.br/nfe/NFeRetAutorizacao4</NfeRetAutorizacao>
      <NfeInutilizacao4 service='NfeInutilizacao' versao='4.00'>https://nfe.sefa.pr.gov.br/nfe/NFeInutilizacao4</NfeInutilizacao4>
      <NfeConsulta4 service='NfeConsultaProtocolo' versao='4.00'>https://nfe.sefa.pr.gov.br/nfe/NFeConsultaProtocolo4</NfeConsulta4>
      <NfeStatusServico4 service='NfeStatusServico' versao='4.00'>https://nfe.sefa.pr.gov.br/nfe/NFeStatusServico4</NfeStatusServico4>
      <CadConsultaCadastro4 service='NfeConsultaCadastro' versao='2.00'>https://nfe.sefa.pr.gov.br/nfe/CadConsultaCadastro4</CadConsultaCadastro4>
      <RecepcaoEvento service='RecepcaoEvento' versao='1.00'>https://nfe.sefa.pr.gov.br/nfe/NFeRecepcaoEvento4</RecepcaoEvento>
    </producao>
  </UF>
  <UF>
    <sigla>RJ</sigla>
    <!--  SEFAZ VIRTUAL RIO GRANDE DO SUL  -->
    <!--  SVRS  -->
    <homologacao>
      <NfeAutorizacao soap_action="NFeAutorizacao4" metodo="nfeAutorizacaoLote"  service='NfeAutorizacao' versao='4.00'>https://nfe-homologacao.svrs.rs.gov.br/ws/NfeAutorizacao/NFeAutorizacao4.asmx</NfeAutorizacao>
      <NfeRetAutorizacao soap_action="NFeRetAutorizacao4" metodo="nfeRetAutorizacaoLote" service='NfeRetAutorizacao' versao='4.00'>https://nfe-homologacao.svrs.rs.gov.br/ws/NfeRetAutorizacao/NFeRetAutorizacao4.asmx</NfeRetAutorizacao>
      <NfeInutilizacao4 soap_action="NFeInutilizacao4" metodo="nfeInutilizacaoNF" service='nfeInutilizacaoNF4' versao='4.00'>https://nfe-homologacao.svrs.rs.gov.br/ws/nfeinutilizacao/nfeinutilizacao4.asmx</NfeInutilizacao4>
      <NfeConsulta4 soap_action="NFeConsultaProtocolo4" metodo="nfeConsultaNF" service='nfeConsultaNF4' versao='4.00'>https://nfe-homologacao.svrs.rs.gov.br/ws/NfeConsulta/NfeConsulta4.asmx</NfeConsulta4>
      <NfeStatusServico4 soap_action="NFeStatusServico4" metodo="nfeStatusServicoNF" service='NfeStatusServico' versao='4.00'>https://nfe-homologacao.svrs.rs.gov.br/ws/NfeStatusServico/NfeStatusServico4.asmx</NfeStatusServico4>
      <CadConsultaCadastro4 service='NfeConsultaCadastro' versao='2.00'>https://cad.svrs.rs.gov.br/ws/cadconsultacadastro/cadconsultacadastro4.asmx</CadConsultaCadastro4>
      <RecepcaoEvento soap_action="NFeRecepcaoEvento4" metodo="nfeRecepcaoEvento" service='RecepcaoEvento' versao='1.00'>https://nfe-homologacao.svrs.rs.gov.br/ws/recepcaoevento/recepcaoevento4.asmx</RecepcaoEvento>
    </homologacao>
    <!--  SVRS  -->
    <producao>
      <NfeAutorizacao soap_action="NFeAutorizacao4" metodo="nfeAutorizacaoLote"  service='NfeAutorizacao' versao='4.00'>https://nfe.svrs.rs.gov.br/ws/NfeAutorizacao/NFeAutorizacao4.asmx</NfeAutorizacao>
      <NfeRetAutorizacao soap_action="NFeRetAutorizacao4" metodo="nfeRetAutorizacaoLote" service='NfeRetAutorizacao' versao='4.00'>https://nfe.svrs.rs.gov.br/ws/NfeRetAutorizacao/NFeRetAutorizacao4.asmx</NfeRetAutorizacao>
      <NfeInutilizacao4 soap_action="NFeInutilizacao4" metodo="nfeInutilizacaoNF" service='nfeInutilizacaoNF4' versao='4.00'>https://nfe.svrs.rs.gov.br/ws/nfeinutilizacao/nfeinutilizacao4.asmx</NfeInutilizacao4>
      <NfeConsulta4 soap_action="NFeConsultaProtocolo4" metodo="nfeConsultaNF" service='nfeConsultaNF4' versao='4.00'>https://nfe.svrs.rs.gov.br/ws/NfeConsulta/NfeConsulta4.asmx</NfeConsulta4>
      <NfeStatusServico4 service='nfeStatusServicoNF4' versao='4.00'>https://nfe.svrs.rs.gov.br/ws/NfeStatusServico/NfeStatusServico4.asmx</NfeStatusServico4>
      <CadConsultaCadastro4 service='NfeConsultaCadastro' versao='2.00'>https://cad.svrs.rs.gov.br/ws/cadconsultacadastro/cadconsultacadastro4.asmx</CadConsultaCadastro4>
      <RecepcaoEvento soap_action="NFeRecepcaoEvento4" metodo="nfeRecepcaoEvento" service='nfeRecepcaoEvento' versao='1.00'>https://nfe.svrs.rs.gov.br/ws/recepcaoevento/recepcaoevento4.asmx</RecepcaoEvento>
    </producao>
  </UF>
  <UF>
    <sigla>RN</sigla>
    <!-- SEFAZ VIRTUAL RIO GRANDE DO SUL -->
    <!--  SVRS  -->
    <homologacao>
      <NfeAutorizacao soap_action="NFeAutorizacao4" metodo="nfeAutorizacaoLote"  service='NfeAutorizacao' versao='4.00'>https://nfe-homologacao.svrs.rs.gov.br/ws/NfeAutorizacao/NFeAutorizacao4.asmx</NfeAutorizacao>
      <NfeRetAutorizacao soap_action="NFeRetAutorizacao4" metodo="nfeRetAutorizacaoLote" service='NfeRetAutorizacao' versao='4.00'>https://nfe-homologacao.svrs.rs.gov.br/ws/NfeRetAutorizacao/NFeRetAutorizacao4.asmx</NfeRetAutorizacao>
      <NfeInutilizacao4 soap_action="NFeInutilizacao4" metodo="nfeInutilizacaoNF" service='nfeInutilizacaoNF4' versao='4.00'>https://nfe-homologacao.svrs.rs.gov.br/ws/nfeinutilizacao/nfeinutilizacao4.asmx</NfeInutilizacao4>
      <NfeConsulta4 soap_action="NFeConsultaProtocolo4" metodo="nfeConsultaNF" service='nfeConsultaNF4' versao='4.00'>https://nfe-homologacao.svrs.rs.gov.br/ws/NfeConsulta/NfeConsulta4.asmx</NfeConsulta4>
      <NfeStatusServico4 soap_action="NFeStatusServico4" metodo="nfeStatusServicoNF" service='NfeStatusServico' versao='4.00'>https://nfe-homologacao.svrs.rs.gov.br/ws/NfeStatusServico/NfeStatusServico4.asmx</NfeStatusServico4>
      <CadConsultaCadastro4 service='NfeConsultaCadastro' versao='2.00'>https://cad.svrs.rs.gov.br/ws/cadconsultacadastro/cadconsultacadastro4.asmx</CadConsultaCadastro4>
      <RecepcaoEvento soap_action="NFeRecepcaoEvento4" metodo="nfeRecepcaoEvento" service='RecepcaoEvento' versao='1.00'>https://nfe-homologacao.svrs.rs.gov.br/ws/recepcaoevento/recepcaoevento4.asmx</RecepcaoEvento>
    </homologacao>
    <!--  SVRS  -->
    <producao>
      <NfeAutorizacao soap_action="NFeAutorizacao4" metodo="nfeAutorizacaoLote"  service='NfeAutorizacao' versao='4.00'>https://nfe.svrs.rs.gov.br/ws/NfeAutorizacao/NFeAutorizacao4.asmx</NfeAutorizacao>
      <NfeRetAutorizacao soap_action="NFeRetAutorizacao4" metodo="nfeRetAutorizacaoLote" service='NfeRetAutorizacao' versao='4.00'>https://nfe.svrs.rs.gov.br/ws/NfeRetAutorizacao/NFeRetAutorizacao4.asmx</NfeRetAutorizacao>
      <NfeInutilizacao4 soap_action="NFeInutilizacao4" metodo="nfeInutilizacaoNF" service='nfeInutilizacaoNF4' versao='4.00'>https://nfe.svrs.rs.gov.br/ws/nfeinutilizacao/nfeinutilizacao4.asmx</NfeInutilizacao4>
      <NfeConsulta4 soap_action="NFeConsultaProtocolo4" metodo="nfeConsultaNF" service='nfeConsultaNF4' versao='4.00'>https://nfe.svrs.rs.gov.br/ws/NfeConsulta/NfeConsulta4.asmx</NfeConsulta4>
      <NfeStatusServico4 service='nfeStatusServicoNF4' versao='4.00'>https://nfe.svrs.rs.gov.br/ws/NfeStatusServico/NfeStatusServico4.asmx</NfeStatusServico4>
      <CadConsultaCadastro4 service='NfeConsultaCadastro' versao='2.00'>https://cad.svrs.rs.gov.br/ws/cadconsultacadastro/cadconsultacadastro4.asmx</CadConsultaCadastro4>
      <RecepcaoEvento soap_action="NFeRecepcaoEvento4" metodo="nfeRecepcaoEvento" service='nfeRecepcaoEvento' versao='1.00'>https://nfe.svrs.rs.gov.br/ws/recepcaoevento/recepcaoevento4.asmx</RecepcaoEvento>
    </producao>
  </UF>
  <UF>
    <sigla>RO</sigla>
    <!--  SEFAZ VIRTUAL RIO GRANDE DO SUL  -->
    <!--  SVRS  -->
    <homologacao>
      <NfeAutorizacao soap_action="NFeAutorizacao4" metodo="nfeAutorizacaoLote"  service='NfeAutorizacao' versao='4.00'>https://nfe-homologacao.svrs.rs.gov.br/ws/NfeAutorizacao/NFeAutorizacao4.asmx</NfeAutorizacao>
      <NfeRetAutorizacao soap_action="NFeRetAutorizacao4" metodo="nfeRetAutorizacaoLote" service='NfeRetAutorizacao' versao='4.00'>https://nfe-homologacao.svrs.rs.gov.br/ws/NfeRetAutorizacao/NFeRetAutorizacao4.asmx</NfeRetAutorizacao>
      <NfeInutilizacao4 soap_action="NFeInutilizacao4" metodo="nfeInutilizacaoNF" service='nfeInutilizacaoNF4' versao='4.00'>https://nfe-homologacao.svrs.rs.gov.br/ws/nfeinutilizacao/nfeinutilizacao4.asmx</NfeInutilizacao4>
      <NfeConsulta4 soap_action="NFeConsultaProtocolo4" metodo="nfeConsultaNF" service='nfeConsultaNF4' versao='4.00'>https://nfe-homologacao.svrs.rs.gov.br/ws/NfeConsulta/NfeConsulta4.asmx</NfeConsulta4>
      <NfeStatusServico4 soap_action="NFeStatusServico4" metodo="nfeStatusServicoNF" service='NfeStatusServico' versao='4.00'>https://nfe-homologacao.svrs.rs.gov.br/ws/NfeStatusServico/NfeStatusServico4.asmx</NfeStatusServico4>
      <CadConsultaCadastro4 service='NfeConsultaCadastro' versao='2.00'>https://cad.svrs.rs.gov.br/ws/cadconsultacadastro/cadconsultacadastro4.asmx</CadConsultaCadastro4>
      <RecepcaoEvento soap_action="NFeRecepcaoEvento4" metodo="nfeRecepcaoEvento" service='RecepcaoEvento' versao='1.00'>https://nfe-homologacao.svrs.rs.gov.br/ws/recepcaoevento/recepcaoevento4.asmx</RecepcaoEvento>
    </homologacao>
    <!--  SVRS  -->
    <producao>
      <NfeAutorizacao soap_action="NFeAutorizacao4" metodo="nfeAutorizacaoLote"  service='NfeAutorizacao' versao='4.00'>https://nfe.svrs.rs.gov.br/ws/NfeAutorizacao/NFeAutorizacao4.asmx</NfeAutorizacao>
      <NfeRetAutorizacao soap_action="NFeRetAutorizacao4" metodo="nfeRetAutorizacaoLote" service='NfeRetAutorizacao' versao='4.00'>https://nfe.svrs.rs.gov.br/ws/NfeRetAutorizacao/NFeRetAutorizacao4.asmx</NfeRetAutorizacao>
      <NfeInutilizacao4 soap_action="NFeInutilizacao4" metodo="nfeInutilizacaoNF" service='nfeInutilizacaoNF4' versao='4.00'>https://nfe.svrs.rs.gov.br/ws/nfeinutilizacao/nfeinutilizacao4.asmx</NfeInutilizacao4>
      <NfeConsulta4 soap_action="NFeConsultaProtocolo4" metodo="nfeConsultaNF" service='nfeConsultaNF4' versao='4.00'>https://nfe.svrs.rs.gov.br/ws/NfeConsulta/NfeConsulta4.asmx</NfeConsulta4>
      <NfeStatusServico4 service='nfeStatusServicoNF4' versao='4.00'>https://nfe.svrs.rs.gov.br/ws/NfeStatusServico/NfeStatusServico4.asmx</NfeStatusServico4>
      <CadConsultaCadastro4 service='NfeConsultaCadastro' versao='2.00'>https://cad.svrs.rs.gov.br/ws/cadconsultacadastro/cadconsultacadastro4.asmx</CadConsultaCadastro4>
      <RecepcaoEvento soap_action="NFeRecepcaoEvento4" metodo="nfeRecepcaoEvento" service='nfeRecepcaoEvento' versao='1.00'>https://nfe.svrs.rs.gov.br/ws/recepcaoevento/recepcaoevento4.asmx</RecepcaoEvento>
    </producao>
  </UF>
  <UF>
    <sigla>RR</sigla>
    <!--  SEFAZ VIRTUAL RIO GRANDE DO SUL  -->
    <!--  SVRS  -->
    <homologacao>
      <NfeAutorizacao soap_action="NFeAutorizacao4" metodo="nfeAutorizacaoLote"  service='NfeAutorizacao' versao='4.00'>https://nfe-homologacao.svrs.rs.gov.br/ws/NfeAutorizacao/NFeAutorizacao4.asmx</NfeAutorizacao>
      <NfeRetAutorizacao soap_action="NFeRetAutorizacao4" metodo="nfeRetAutorizacaoLote" service='NfeRetAutorizacao' versao='4.00'>https://nfe-homologacao.svrs.rs.gov.br/ws/NfeRetAutorizacao/NFeRetAutorizacao4.asmx</NfeRetAutorizacao>
      <NfeInutilizacao4 soap_action="NFeInutilizacao4" metodo="nfeInutilizacaoNF" service='nfeInutilizacaoNF4' versao='4.00'>https://nfe-homologacao.svrs.rs.gov.br/ws/nfeinutilizacao/nfeinutilizacao4.asmx</NfeInutilizacao4>
      <NfeConsulta4 soap_action="NFeConsultaProtocolo4" metodo="nfeConsultaNF" service='nfeConsultaNF4' versao='4.00'>https://nfe-homologacao.svrs.rs.gov.br/ws/NfeConsulta/NfeConsulta4.asmx</NfeConsulta4>
      <NfeStatusServico4 soap_action="NFeStatusServico4" metodo="nfeStatusServicoNF" service='NfeStatusServico' versao='4.00'>https://nfe-homologacao.svrs.rs.gov.br/ws/NfeStatusServico/NfeStatusServico4.asmx</NfeStatusServico4>
      <CadConsultaCadastro4 service='NfeConsultaCadastro' versao='2.00'>https://cad.svrs.rs.gov.br/ws/cadconsultacadastro/cadconsultacadastro4.asmx</CadConsultaCadastro4>
      <RecepcaoEvento soap_action="NFeRecepcaoEvento4" metodo="nfeRecepcaoEvento" service='RecepcaoEvento' versao='1.00'>https://nfe-homologacao.svrs.rs.gov.br/ws/recepcaoevento/recepcaoevento4.asmx</RecepcaoEvento>
    </homologacao>
    <!--  SVRS  -->
    <producao>
      <NfeAutorizacao soap_action="NFeAutorizacao4" metodo="nfeAutorizacaoLote"  service='NfeAutorizacao' versao='4.00'>https://nfe.svrs.rs.gov.br/ws/NfeAutorizacao/NFeAutorizacao4.asmx</NfeAutorizacao>
      <NfeRetAutorizacao soap_action="NFeRetAutorizacao4" metodo="nfeRetAutorizacaoLote" service='NfeRetAutorizacao' versao='4.00'>https://nfe.svrs.rs.gov.br/ws/NfeRetAutorizacao/NFeRetAutorizacao4.asmx</NfeRetAutorizacao>
      <NfeInutilizacao4 soap_action="NFeInutilizacao4" metodo="nfeInutilizacaoNF" service='nfeInutilizacaoNF4' versao='4.00'>https://nfe.svrs.rs.gov.br/ws/nfeinutilizacao/nfeinutilizacao4.asmx</NfeInutilizacao4>
      <NfeConsulta4 soap_action="NFeConsultaProtocolo4" metodo="nfeConsultaNF" service='nfeConsultaNF4' versao='4.00'>https://nfe.svrs.rs.gov.br/ws/NfeConsulta/NfeConsulta4.asmx</NfeConsulta4>
      <NfeStatusServico4 service='nfeStatusServicoNF4' versao='4.00'>https://nfe.svrs.rs.gov.br/ws/NfeStatusServico/NfeStatusServico4.asmx</NfeStatusServico4>
      <CadConsultaCadastro4 service='NfeConsultaCadastro' versao='2.00'>https://cad.svrs.rs.gov.br/ws/cadconsultacadastro/cadconsultacadastro4.asmx</CadConsultaCadastro4>
      <RecepcaoEvento soap_action="NFeRecepcaoEvento4" metodo="nfeRecepcaoEvento" service='nfeRecepcaoEvento' versao='1.00'>https://nfe.svrs.rs.gov.br/ws/recepcaoevento/recepcaoevento4.asmx</RecepcaoEvento>
    </producao>
  </UF>
  <UF>
    <sigla>RS</sigla>
    <!--  SEFAZ PROPRIA  -->
    <homologacao>
      <NfeAutorizacao soap_action="NFeAutorizacao4" metodo="nfeAutorizacaoLote" service='NFeAutorizacao4' versao='4.00'>https://nfe-homologacao.sefazrs.rs.gov.br/ws/NFeAutorizacao/NFeAutorizacao4.asmx</NfeAutorizacao>
      <NfeRetAutorizacao soap_action="NFeRetAutorizacao4" metodo="nfeRetAutorizacaoLote" service='NFeRetAutorizacao' versao='4.00'>https://nfe-homologacao.sefazrs.rs.gov.br/ws/NfeRetAutorizacao/NFeRetAutorizacao4.asmx</NfeRetAutorizacao>
      <NfeInutilizacao4 soap_action="NFeInutilizacao4" metodo="nfeInutilizacaoNF" service='NfeInutilizacao' versao='4.00'>https://nfe-homologacao.sefazrs.rs.gov.br/ws/nfeinutilizacao/nfeinutilizacao4.asmx</NfeInutilizacao4>
      <NfeConsulta4 soap_action="NFeConsultaProtocolo4" metodo="nfeConsultaNF" service='NfeConsultaProtocolo' versao='4.00'>https://nfe-homologacao.sefazrs.rs.gov.br/ws/NfeConsulta/NfeConsulta4.asmx</NfeConsulta4>
      <NfeStatusServico4 service='NfeStatusServico' versao='4.00'>https://nfe-homologacao.sefazrs.rs.gov.br/ws/NfeStatusServico/NfeStatusServico4.asmx</NfeStatusServico4>
      <CadConsultaCadastro4 service='NfeConsultaCadastro' versao='2.00'>https://cad.sefazrs.rs.gov.br/ws/cadconsultacadastro/cadconsultacadastro4.asmx</CadConsultaCadastro4>
      <RecepcaoEvento soap_action="NFeRecepcaoEvento4" metodo="nfeRecepcaoEvento" service='RecepcaoEvento' versao='1.00'>https://nfe-homologacao.sefazrs.rs.gov.br/ws/recepcaoevento/recepcaoevento4.asmx</RecepcaoEvento>
    </homologacao>
    <!--  SEFAZ PROPRIA  -->
    <producao>
      <NfeAutorizacao soap_action="NFeAutorizacao4" metodo="nfeAutorizacaoLote" service='NFeAutorizacao' versao='4.00'>https://nfe.sefazrs.rs.gov.br/ws/NfeAutorizacao/NFeAutorizacao4.asmx</NfeAutorizacao>
      <NfeRetAutorizacao soap_action="NFeRetAutorizacao4" metodo="nfeRetAutorizacaoLote" service='NFeRetAutorizacao' versao='4.00'>https://nfe.sefazrs.rs.gov.br/ws/NfeRetAutorizacao/NFeRetAutorizacao4.asmx</NfeRetAutorizacao>
      <NfeInutilizacao4 soap_action="NFeInutilizacao4" metodo="nfeInutilizacaoNF" service='NfeInutilizacao' versao='4.00'>https://nfe.sefazrs.rs.gov.br/ws/nfeinutilizacao/nfeinutilizacao4.asmx</NfeInutilizacao4>
      <NfeConsulta4 soap_action="NFeConsultaProtocolo4" metodo="nfeConsultaNF" service='NfeConsultaProtocolo' versao='4.00'>https://nfe.sefazrs.rs.gov.br/ws/NfeConsulta/NfeConsulta4.asmx</NfeConsulta4>
      <NfeStatusServico4 service='NfeStatusServico' versao='4.00'>https://nfe.sefazrs.rs.gov.br/ws/NfeStatusServico/NfeStatusServico4.asmx</NfeStatusServico4>
      <CadConsultaCadastro4 service='NfeConsultaCadastro' versao='2.00'>https://cad.sefazrs.rs.gov.br/ws/cadconsultacadastro/cadconsultacadastro4.asmx</CadConsultaCadastro4>
      <RecepcaoEvento soap_action="NFeRecepcaoEvento4" metodo="nfeRecepcaoEvento" service='RecepcaoEvento' versao='1.00'>https://nfe.sefazrs.rs.gov.br/ws/recepcaoevento/recepcaoevento4.asmx</RecepcaoEvento>
    </producao>
  </UF>
  <UF>
    <sigla>SC</sigla>
    <!--  SEFAZ VIRTUAL RIO GRANDE DO SUL  -->
    <!--  SVRS  -->
    <homologacao>
      <NfeAutorizacao soap_action="NFeAutorizacao4" metodo="nfeAutorizacaoLote"  service='NfeAutorizacao' versao='4.00'>https://nfe-homologacao.svrs.rs.gov.br/ws/NfeAutorizacao/NFeAutorizacao4.asmx</NfeAutorizacao>
      <NfeRetAutorizacao soap_action="NFeRetAutorizacao4" metodo="nfeRetAutorizacaoLote" service='NfeRetAutorizacao' versao='4.00'>https://nfe-homologacao.svrs.rs.gov.br/ws/NfeRetAutorizacao/NFeRetAutorizacao4.asmx</NfeRetAutorizacao>
      <NfeInutilizacao4 soap_action="NFeInutilizacao4" metodo="nfeInutilizacaoNF" service='nfeInutilizacaoNF4' versao='4.00'>https://nfe-homologacao.svrs.rs.gov.br/ws/nfeinutilizacao/nfeinutilizacao4.asmx</NfeInutilizacao4>
      <NfeConsulta4 soap_action="NFeConsultaProtocolo4" metodo="nfeConsultaNF" service='nfeConsultaNF4' versao='4.00'>https://nfe-homologacao.svrs.rs.gov.br/ws/NfeConsulta/NfeConsulta4.asmx</NfeConsulta4>
      <NfeStatusServico4 soap_action="NFeStatusServico4" metodo="nfeStatusServicoNF" service='NfeStatusServico' versao='4.00'>https://nfe-homologacao.svrs.rs.gov.br/ws/NfeStatusServico/NfeStatusServico4.asmx</NfeStatusServico4>
      <CadConsultaCadastro4 service='NfeConsultaCadastro' versao='2.00'>https://cad.svrs.rs.gov.br/ws/cadconsultacadastro/cadconsultacadastro4.asmx</CadConsultaCadastro4>
      <RecepcaoEvento soap_action="NFeRecepcaoEvento4" metodo="nfeRecepcaoEvento" service='RecepcaoEvento' versao='1.00'>https://nfe-homologacao.svrs.rs.gov.br/ws/recepcaoevento/recepcaoevento4.asmx</RecepcaoEvento>
    </homologacao>
    <!--  SVRS  -->
    <producao>
      <NfeAutorizacao soap_action="NFeAutorizacao4" metodo="nfeAutorizacaoLote"  service='NfeAutorizacao' versao='4.00'>https://nfe.svrs.rs.gov.br/ws/NfeAutorizacao/NFeAutorizacao4.asmx</NfeAutorizacao>
      <NfeRetAutorizacao soap_action="NFeRetAutorizacao4" metodo="nfeRetAutorizacaoLote" service='NfeRetAutorizacao' versao='4.00'>https://nfe.svrs.rs.gov.br/ws/NfeRetAutorizacao/NFeRetAutorizacao4.asmx</NfeRetAutorizacao>
      <NfeInutilizacao4 soap_action="NFeInutilizacao4" metodo="nfeInutilizacaoNF" service='nfeInutilizacaoNF4' versao='4.00'>https://nfe.svrs.rs.gov.br/ws/nfeinutilizacao/nfeinutilizacao4.asmx</NfeInutilizacao4>
      <NfeConsulta4 soap_action="NFeConsultaProtocolo4" metodo="nfeConsultaNF" service='nfeConsultaNF4' versao='4.00'>https://nfe.svrs.rs.gov.br/ws/NfeConsulta/NfeConsulta4.asmx</NfeConsulta4>
      <NfeStatusServico4 service='nfeStatusServicoNF4' versao='4.00'>https://nfe.svrs.rs.gov.br/ws/NfeStatusServico/NfeStatusServico4.asmx</NfeStatusServico4>
      <CadConsultaCadastro4 service='NfeConsultaCadastro' versao='2.00'>https://cad.svrs.rs.gov.br/ws/cadconsultacadastro/cadconsultacadastro4.asmx</CadConsultaCadastro4>
      <RecepcaoEvento soap_action="NFeRecepcaoEvento4" metodo="nfeRecepcaoEvento" service='nfeRecepcaoEvento' versao='1.00'>https://nfe.svrs.rs.gov.br/ws/recepcaoevento/recepcaoevento4.asmx</RecepcaoEvento>
    </producao>
  </UF>
  <UF>
    <sigla>SE</sigla>
    <!--  SEFAZ VIRTUAL RIO GRANDE DO SUL  -->
    <!--  SVRS  -->
    <homologacao>
      <NfeAutorizacao soap_action="NFeAutorizacao4" metodo="nfeAutorizacaoLote"  service='NfeAutorizacao' versao='4.00'>https://nfe-homologacao.svrs.rs.gov.br/ws/NfeAutorizacao/NFeAutorizacao4.asmx</NfeAutorizacao>
      <NfeRetAutorizacao soap_action="NFeRetAutorizacao4" metodo="nfeRetAutorizacaoLote" service='NfeRetAutorizacao' versao='4.00'>https://nfe-homologacao.svrs.rs.gov.br/ws/NfeRetAutorizacao/NFeRetAutorizacao4.asmx</NfeRetAutorizacao>
      <NfeInutilizacao4 soap_action="NFeInutilizacao4" metodo="nfeInutilizacaoNF" service='nfeInutilizacaoNF4' versao='4.00'>https://nfe-homologacao.svrs.rs.gov.br/ws/nfeinutilizacao/nfeinutilizacao4.asmx</NfeInutilizacao4>
      <NfeConsulta4 soap_action="NFeConsultaProtocolo4" metodo="nfeConsultaNF" service='nfeConsultaNF4' versao='4.00'>https://nfe-homologacao.svrs.rs.gov.br/ws/NfeConsulta/NfeConsulta4.asmx</NfeConsulta4>
      <NfeStatusServico4 soap_action="NFeStatusServico4" metodo="nfeStatusServicoNF" service='NfeStatusServico' versao='4.00'>https://nfe-homologacao.svrs.rs.gov.br/ws/NfeStatusServico/NfeStatusServico4.asmx</NfeStatusServico4>
      <CadConsultaCadastro4 service='NfeConsultaCadastro' versao='2.00'>https://cad.svrs.rs.gov.br/ws/cadconsultacadastro/cadconsultacadastro4.asmx</CadConsultaCadastro4>
      <RecepcaoEvento soap_action="NFeRecepcaoEvento4" metodo="nfeRecepcaoEvento" service='RecepcaoEvento' versao='1.00'>https://nfe-homologacao.svrs.rs.gov.br/ws/recepcaoevento/recepcaoevento4.asmx</RecepcaoEvento>
    </homologacao>
    <!--  SVRS  -->
    <producao>
      <NfeAutorizacao soap_action="NFeAutorizacao4" metodo="nfeAutorizacaoLote"  service='NfeAutorizacao' versao='4.00'>https://nfe.svrs.rs.gov.br/ws/NfeAutorizacao/NFeAutorizacao4.asmx</NfeAutorizacao>
      <NfeRetAutorizacao soap_action="NFeRetAutorizacao4" metodo="nfeRetAutorizacaoLote" service='NfeRetAutorizacao' versao='4.00'>https://nfe.svrs.rs.gov.br/ws/NfeRetAutorizacao/NFeRetAutorizacao4.asmx</NfeRetAutorizacao>
      <NfeInutilizacao4 soap_action="NFeInutilizacao4" metodo="nfeInutilizacaoNF" service='nfeInutilizacaoNF4' versao='4.00'>https://nfe.svrs.rs.gov.br/ws/nfeinutilizacao/nfeinutilizacao4.asmx</NfeInutilizacao4>
      <NfeConsulta4 soap_action="NFeConsultaProtocolo4" metodo="nfeConsultaNF" service='nfeConsultaNF4' versao='4.00'>https://nfe.svrs.rs.gov.br/ws/NfeConsulta/NfeConsulta4.asmx</NfeConsulta4>
      <NfeStatusServico4 service='nfeStatusServicoNF4' versao='4.00'>https://nfe.svrs.rs.gov.br/ws/NfeStatusServico/NfeStatusServico4.asmx</NfeStatusServico4>
      <CadConsultaCadastro4 service='NfeConsultaCadastro' versao='2.00'>https://cad.svrs.rs.gov.br/ws/cadconsultacadastro/cadconsultacadastro4.asmx</CadConsultaCadastro4>
      <RecepcaoEvento soap_action="NFeRecepcaoEvento4" metodo="nfeRecepcaoEvento" service='nfeRecepcaoEvento' versao='1.00'>https://nfe.svrs.rs.gov.br/ws/recepcaoevento/recepcaoevento4.asmx</RecepcaoEvento>
    </producao>
  </UF>
  <UF>
    <sigla>SP</sigla>
    <homologacao>
      <NfeAutorizacao soap_action="NFeAutorizacao4" metodo="nfeAutorizacaoLote" service='NfeAutorizacao' versao='4.00'>https://homologacao.nfe.fazenda.sp.gov.br/ws/nfeautorizacao4.asmx</NfeAutorizacao>
      <NfeRetAutorizacao soap_action="NFeRetAutorizacao4" metodo="nfeRetAutorizacaoLote" service='NfeRetAutorizacao' versao='4.00'>https://homologacao.nfe.fazenda.sp.gov.br/ws/nferetautorizacao4.asmx</NfeRetAutorizacao>
      <NfeInutilizacao4 soap_action="NFeInutilizacao4" metodo="nfeInutilizacaoNF" service='nfeInutilizacaoNF' versao='4.00'>https://homologacao.nfe.fazenda.sp.gov.br/ws/nfeinutilizacao4.asmx</NfeInutilizacao4>
      <NfeConsulta4 soap_action="NFeConsultaProtocolo4" metodo="nfeConsultaNF" service='nfeConsultaNF' versao='4.00'>https://homologacao.nfe.fazenda.sp.gov.br/ws/nfeconsultaprotocolo4.asmx</NfeConsulta4>
      <NfeStatusServico4 soap_action="NFeStatusServico4" metodo="nfeStatusServicoNF" service='NfeStatusServico' versao='4.00'>https://homologacao.nfe.fazenda.sp.gov.br/ws/nfestatusservico4.asmx</NfeStatusServico4>
      <CadConsultaCadastro4 soap_action="CadConsultaCadastro4" metodo="consultaCadastro" service='CadConsultaCadastro4' versao='2.00'>https://nfe.fazenda.sp.gov.br/ws/cadconsultacadastro4.asmx</CadConsultaCadastro4>
      <RecepcaoEvento soap_action="NFeRecepcaoEvento4" metodo="nfeRecepcaoEvento" service='nfeRecepcaoEvento' versao='1.00'>https://homologacao.nfe.fazenda.sp.gov.br/ws/nferecepcaoevento4.asmx</RecepcaoEvento>
    </homologacao>
    <producao>
      <NfeAutorizacao soap_action="NFeAutorizacao4" metodo="nfeAutorizacaoLote" service='NFeAutorizacao4' versao='4.00'>https://nfe.fazenda.sp.gov.br/ws/nfeautorizacao4.asmx</NfeAutorizacao>
      <NfeRetAutorizacao soap_action="NFeRetAutorizacao4" metodo="nfeRetAutorizacaoLote" service='NFeRetAutorizacao4' versao='4.00'>https://nfe.fazenda.sp.gov.br/ws/nferetautorizacao4.asmx</NfeRetAutorizacao>
      <NfeInutilizacao4 soap_action="NFeInutilizacao4" metodo="nfeInutilizacaoNF" service='NFeInutilizacao4' versao='4.00'>https://nfe.fazenda.sp.gov.br/ws/nfeinutilizacao4.asmx</NfeInutilizacao4>
      <NfeConsulta4 soap_action="NFeConsultaProtocolo4" metodo="nfeConsultaNF" service='NFeConsultaProtocolo4' versao='4.00'>https://nfe.fazenda.sp.gov.br/ws/nfeconsultaprotocolo4.asmx</NfeConsulta4>
      <NfeStatusServico4 soap_action="NFeStatusServico4" metodo="nfeStatusServicoNF" service='NFeStatusServico4' versao='4.00'>https://nfe.fazenda.sp.gov.br/ws/nfestatusservico4.asmx</NfeStatusServico4>
      <CadConsultaCadastro4 soap_action="CadConsultaCadastro4" metodo="consultaCadastro" service='CadConsultaCadastro4' versao='2.00'>https://nfe.fazenda.sp.gov.br/ws/cadconsultacadastro4.asmx</CadConsultaCadastro4>
      <RecepcaoEvento soap_action="NFeRecepcaoEvento4" metodo="nfeRecepcaoEvento" service='NFeRecepcaoEvento4' versao='1.00'>https://nfe.fazenda.sp.gov.br/ws/nferecepcaoevento4.asmx</RecepcaoEvento>
    </producao>
  </UF>
  <UF>
    <sigla>TO</sigla>
    <!--  SEFAZ VIRTUAL RIO GRANDE DO SUL  -->
    <!--  SVRS  -->
    <homologacao>
      <NfeAutorizacao soap_action="NFeAutorizacao4" metodo="nfeAutorizacaoLote"  service='NfeAutorizacao' versao='4.00'>https://nfe-homologacao.svrs.rs.gov.br/ws/NfeAutorizacao/NFeAutorizacao4.asmx</NfeAutorizacao>
      <NfeRetAutorizacao soap_action="NFeRetAutorizacao4" metodo="nfeRetAutorizacaoLote" service='NfeRetAutorizacao' versao='4.00'>https://nfe-homologacao.svrs.rs.gov.br/ws/NfeRetAutorizacao/NFeRetAutorizacao4.asmx</NfeRetAutorizacao>
      <NfeInutilizacao4 soap_action="NFeInutilizacao4" metodo="nfeInutilizacaoNF" service='nfeInutilizacaoNF4' versao='4.00'>https://nfe-homologacao.svrs.rs.gov.br/ws/nfeinutilizacao/nfeinutilizacao4.asmx</NfeInutilizacao4>
      <NfeConsulta4 soap_action="NFeConsultaProtocolo4" metodo="nfeConsultaNF" service='nfeConsultaNF4' versao='4.00'>https://nfe-homologacao.svrs.rs.gov.br/ws/NfeConsulta/NfeConsulta4.asmx</NfeConsulta4>
      <NfeStatusServico4 soap_action="NFeStatusServico4" metodo="nfeStatusServicoNF" service='NfeStatusServico' versao='4.00'>https://nfe-homologacao.svrs.rs.gov.br/ws/NfeStatusServico/NfeStatusServico4.asmx</NfeStatusServico4>
      <CadConsultaCadastro4 service='NfeConsultaCadastro' versao='2.00'>https://cad.svrs.rs.gov.br/ws/cadconsultacadastro/cadconsultacadastro4.asmx</CadConsultaCadastro4>
      <RecepcaoEvento soap_action="NFeRecepcaoEvento4" metodo="nfeRecepcaoEvento" service='RecepcaoEvento' versao='1.00'>https://nfe-homologacao.svrs.rs.gov.br/ws/recepcaoevento/recepcaoevento4.asmx</RecepcaoEvento>
    </homologacao>
    <!--  SVRS  -->
    <producao>
      <NfeAutorizacao soap_action="NFeAutorizacao4" metodo="nfeAutorizacaoLote"  service='NfeAutorizacao' versao='4.00'>https://nfe.svrs.rs.gov.br/ws/NfeAutorizacao/NFeAutorizacao4.asmx</NfeAutorizacao>
      <NfeRetAutorizacao soap_action="NFeRetAutorizacao4" metodo="nfeRetAutorizacaoLote" service='NfeRetAutorizacao' versao='4.00'>https://nfe.svrs.rs.gov.br/ws/NfeRetAutorizacao/NFeRetAutorizacao4.asmx</NfeRetAutorizacao>
      <NfeInutilizacao4 soap_action="NFeInutilizacao4" metodo="nfeInutilizacaoNF" service='nfeInutilizacaoNF4' versao='4.00'>https://nfe.svrs.rs.gov.br/ws/nfeinutilizacao/nfeinutilizacao4.asmx</NfeInutilizacao4>
      <NfeConsulta4 soap_action="NFeConsultaProtocolo4" metodo="nfeConsultaNF" service='nfeConsultaNF4' versao='4.00'>https://nfe.svrs.rs.gov.br/ws/NfeConsulta/NfeConsulta4.asmx</NfeConsulta4>
      <NfeStatusServico4 service='nfeStatusServicoNF4' versao='4.00'>https://nfe.svrs.rs.gov.br/ws/NfeStatusServico/NfeStatusServico4.asmx</NfeStatusServico4>
      <CadConsultaCadastro4 service='NfeConsultaCadastro' versao='2.00'>https://cad.svrs.rs.gov.br/ws/cadconsultacadastro/cadconsultacadastro4.asmx</CadConsultaCadastro4>
      <RecepcaoEvento soap_action="NFeRecepcaoEvento4" metodo="nfeRecepcaoEvento" service='nfeRecepcaoEvento' versao='1.00'>https://nfe.svrs.rs.gov.br/ws/recepcaoevento/recepcaoevento4.asmx</RecepcaoEvento>
    </producao>
  </UF>
  <UF>
    <sigla>SCAN</sigla>
    <!--  SISTEMA DE CONTINGENCIA DO AMBIENTE NACIONAL  -->
    <homologacao>
      <NfeRecepcao4 service='nfeRecepcaoLote4' versao='4.00'>https://hom.nfe.fazenda.gov.br/SCAN/NfeRecepcao4/NfeRecepcao4.asmx</NfeRecepcao4>
      <NfeRetRecepcao4 service='nfeRetRecepcao4' versao='4.00'>https://hom.nfe.fazenda.gov.br/SCAN/NfeRetRecepcao4/NfeRetRecepcao4.asmx</NfeRetRecepcao4>
      <NfeCancelamento4 service='nfeCancelamentoNF4' versao='4.00'>https://hom.nfe.fazenda.gov.br/SCAN/NfeCancelamento4/NfeCancelamento4.asmx</NfeCancelamento4>
      <NfeInutilizacao4 service='nfeInutilizacaoNF4' versao='4.00'>https://hom.nfe.fazenda.gov.br/SCAN/NfeInutilizacao4/NfeInutilizacao4.asmx</NfeInutilizacao4>
      <NfeConsulta4 service='nfeConsultaNF4' versao='4.00'>https://hom.nfe.fazenda.gov.br/SCAN/Nfeconsulta4/NfeConsulta4.asmx</NfeConsulta4>
      <NfeStatusServico4 service='nfeStatusServicoNF4' versao='4.00'>https://hom.nfe.fazenda.gov.br/SCAN/NfeStatusServico4/NfeStatusServico4.asmx</NfeStatusServico4>
      <CadConsultaCadastro4 service='' versao=''></CadConsultaCadastro4>
    </homologacao>
    <producao>
      <NfeRecepcao4 service='nfeRecepcaoLote4' versao='4.00'>https://www.scan.fazenda.gov.br/NfeRecepcao4/NfeRecepcao4.asmx</NfeRecepcao4>
      <NfeRetRecepcao4 service='nfeRetRecepcao4' versao='4.00'>https://www.scan.fazenda.gov.br/NfeRetRecepcao4/NfeRetRecepcao4.asmx</NfeRetRecepcao4>
      <NfeCancelamento4 service='nfeCancelamentoNF4' versao='4.00'>https://www.scan.fazenda.gov.br/NfeCancelamento4/NfeCancelamento4.asmx</NfeCancelamento4>
      <NfeInutilizacao4 service='nfeInutilizacaoNF4' versao='4.00'>https://www.scan.fazenda.gov.br/NfeInutilizacao4/NfeInutilizacao4.asmx</NfeInutilizacao4>
      <NfeConsulta4 service='nfeConsultaNF4' versao='4.00'>https://www.scan.fazenda.gov.br/Nfeconsulta4/NfeConsulta4.asmx</NfeConsulta4>
      <NfeStatusServico4 service='nfeStatusServicoNF4' versao='4.00'>https://www.scan.fazenda.gov.br/NfeStatusServico4/NfeStatusServico4.asmx</NfeStatusServico4>
      <CadConsultaCadastro4 service='' versao=''></CadConsultaCadastro4>
    </producao>
  </UF>
  <UF>
    <sigla>SVCAN</sigla>
    <!--  SEFAZ VIRTUAL CONTINGENCIA DO AMBIENTE NACIONAL  -->
    <homologacao>
      <NfeRecepcao4 service='nfeRecepcaoLote4' versao='4.00'>https://hom.sefazvirtual.fazenda.gov.br/NFeRecepcaoEvento4/NFeRecepcaoEvento4.asmx</NfeRecepcao4>
      <NfeRetRecepcao4 service='nfeRetRecepcao4' versao='4.00'>https://hom.sefazvirtual.fazenda.gov.br/NFeRecepcaoEvento4/NFeRecepcaoEvento4.asmx</NfeRetRecepcao4>
      <NfeConsulta4 soap_action='NFeConsultaProtocolo4' metodo='nfeConsultaNF' service='nfeConsultaNF4' versao='4.00'>https://hom.sefazvirtual.fazenda.gov.br/NFeConsultaProtocolo4/NFeConsultaProtocolo4.asmx</NfeConsulta4>
      <NfeStatusServico4 soap_action='NFeStatusServico4' metodo='nfeStatusServicoNF' service='nfeStatusServicoNF4' versao='4.00'>https://hom.sefazvirtual.fazenda.gov.br/NFeStatusServico4/NFeStatusServico4.asmx</NfeStatusServico4>
      <RecepcaoEvento soap_action='NFeRecepcaoEvento4' metodo='nfeRecepcaoEvento' service='RecepcaoEvento' versao='4.00'>https://hom.sefazvirtual.fazenda.gov.br/NFeRecepcaoEvento4/NFeRecepcaoEvento4.asmx</RecepcaoEvento>
      <NfeAutorizacao soap_action='NFeAutorizacao4' metodo='nfeAutorizacaoLote' service='NFeAutorizacao' versao='4.00'>https://hom.sefazvirtual.fazenda.gov.br/NFeAutorizacao4/NFeAutorizacao4.asmx</NfeAutorizacao>
      <NfeRetAutorizacao soap_action='NFeRetAutorizacao4' metodo='nfeRetAutorizacaoLote' service='NfeRetAutorizacao4' versao='4.00'>https://hom.sefazvirtual.fazenda.gov.br/NFeRetAutorizacao4/NFeRetAutorizacao4.asmx</NfeRetAutorizacao>
    </homologacao>
    <producao>
      <NfeRecepcao4 service='NFeRecepcaoEvento4' versao='4.00'>https://www.svc.fazenda.gov.br/NFeRecepcaoEvento4/NFeRecepcaoEvento4.asmx</NfeRecepcao4>
      <NfeRetRecepcao4 service='NFeRecepcaoEvento4' versao='4.00'>https://www.svc.fazenda.gov.br/NFeRecepcaoEvento4/NFeRecepcaoEvento4.asmx</NfeRetRecepcao4>
      <NfeConsulta4 soap_action='NFeConsultaProtocolo4' metodo='nfeConsultaNF' service='NFeConsultaProtocolo4' versao='4.00'>https://www.svc.fazenda.gov.br/NFeConsultaProtocolo4/NFeConsultaProtocolo4.asmx</NfeConsulta4>
      <NfeStatusServico4 soap_action='NFeStatusServico4' metodo='nfeStatusServicoNF' service='nfeStatusServicoNF4' versao='4.00'>https://www.svc.fazenda.gov.br/NFeStatusServico4/NFeStatusServico4.asmx</NfeStatusServico4>
      <RecepcaoEvento soap_action='NFeRecepcaoEvento4' metodo='nfeRecepcaoEvento' service='RecepcaoEvento' versao='4.00'>https://www.svc.fazenda.gov.br/NFeRecepcaoEvento4/NFeRecepcaoEvento4.asmx</RecepcaoEvento>
      <NfeAutorizacao soap_action='NFeAutorizacao4' metodo='nfeAutorizacaoLote' service='NFeAutorizacao4' versao='4.00'>https://www.svc.fazenda.gov.br/NFeAutorizacao4/NFeAutorizacao4.asmx</NfeAutorizacao>
      <NfeRetAutorizacao soap_action='NFeRetAutorizacao4' metodo='nfeRetAutorizacaoLote' service='NFeRetAutorizacao4' versao='4.00'>https://www.svc.fazenda.gov.br/NFeRetAutorizacao4/NFeRetAutorizacao4.asmx</NfeRetAutorizacao>
    </producao>
  </UF>
  <UF>
    <sigla>SVCRS</sigla>
    <!--  SEFAZ VIRTUAL CONTINGENCIA DO RIO GRANDE DO SUL  -->
    <homologacao>
      <NfeRecepcao4 soap_action='NFeRetAutorizacao4' metodo='nfeRetAutorizacaoLote' service='nfeRecepcaoLote4' versao='4.00'>https://nfe-homologacao.svrs.rs.gov.br/ws/Nferecepcao/NFeRecepcao4.asmx</NfeRecepcao4>
      <NfeRetRecepcao4 service='nfeRetRecepcao4' versao='4.00'>https://nfe-homologacao.svrs.rs.gov.br/ws/NfeRetRecepcao/NfeRetRecepcao4.asmx</NfeRetRecepcao4>
      <NfeConsulta4 soap_action='NFeConsultaProtocolo4' metodo='nfeConsultaNF' service='nfeConsultaNF4' versao='4.00'>https://nfe-homologacao.svrs.rs.gov.br/ws/NfeConsulta/NfeConsulta4.asmx</NfeConsulta4>
      <NfeStatusServico4 soap_action='NFeStatusServico4' metodo='nfeStatusServicoNF' service='nfeStatusServicoNF4' versao='4.00'>https://nfe-homologacao.svrs.rs.gov.br/ws/NfeStatusServico/NfeStatusServico4.asmx</NfeStatusServico4>
      <RecepcaoEvento soap_action='NFeRecepcaoEvento4' metodo='nfeRecepcaoEvento' service='RecepcaoEvento' versao='4.00'>https://nfe-homologacao.svrs.rs.gov.br/ws/recepcaoevento/recepcaoevento4.asmx</RecepcaoEvento>
      <NfeAutorizacao soap_action='NFeAutorizacao4' metodo='nfeAutorizacaoLote' service='NfeAutorizacao' versao='4.00'>https://nfe-homologacao.svrs.rs.gov.br/ws/NfeAutorizacao/NFeAutorizacao4.asmx</NfeAutorizacao>
      <NfeRetAutorizacao soap_action='NFeRetAutorizacao4' metodo='nfeRetAutorizacaoLote' service='NfeRetAutorizacao' versao='4.00'>https://nfe-homologacao.svrs.rs.gov.br/ws/NfeRetAutorizacao/NFeRetAutorizacao4.asmx</NfeRetAutorizacao>
    </homologacao>
    <producao>
      <NfeRecepcao4 soap_action='NFeRetAutorizacao4' metodo='nfeRetAutorizacaoLote' service='nfeRecepcaoLote4' versao='4.00'>https://nfe.sefazvirtual.rs.gov.br/ws/Nferecepcao4/NFeRecepcao4.asmx</NfeRecepcao4>
      <NfeRetRecepcao4  service='nfeRetRecepcao4' versao='4.00'>https://nfe.svrs.rs.gov.br/ws/NfeRetRecepcao4/NfeRetRecepcao4.asmx</NfeRetRecepcao4>
      <NfeConsulta4 soap_action='NFeConsultaProtocolo4' metodo='nfeConsultaNF' service='nfeConsultaNF4' versao='4.00'>https://nfe.svrs.rs.gov.br/ws/NfeConsulta/NfeConsulta4.asmx</NfeConsulta4>
      <NfeStatusServico4 soap_action='NFeStatusServico4' metodo='nfeStatusServicoNF' service='nfeStatusServicoNF4' versao='4.00'>https://nfe.svrs.rs.gov.br/ws/NfeStatusServico/NfeStatusServico4.asmx</NfeStatusServico4>
      <RecepcaoEvento soap_action='NFeRecepcaoEvento4' metodo='nfeRecepcaoEvento' service='RecepcaoEvento' versao='4.00'>https://nfe.svrs.rs.gov.br/ws/recepcaoevento/recepcaoevento4.asmx</RecepcaoEvento>
      <NfeAutorizacao soap_action='NFeAutorizacao4' metodo='nfeAutorizacaoLote' service='NfeAutorizacao' versao='4.00'>https://nfe.svrs.rs.gov.br/ws/NfeAutorizacao/NFeAutorizacao4.asmx</NfeAutorizacao>
      <NfeRetAutorizacao soap_action='NFeRetAutorizacao4' metodo='nfeRetAutorizacaoLote' service='NfeRetAutorizacao' versao='4.00'>https://nfe.svrs.rs.gov.br/ws/NfeRetAutorizacao/NFeRetAutorizacao4.asmx</NfeRetAutorizacao>
    </producao>
  </UF>
  <UF>
    <sigla>DPEC</sigla>
    <!-- SISTEMA DE CONTINGENCIA - Declaracao Previa de Emissao em Contingencia -->
    <producao>
      <NfeRecepcao2DPEC>https://www.nfe.fazenda.gov.br/SCERecepcaoRFB/SCERecepcaoRFB2.asmx</NfeRecepcao2DPEC>
      <ConsultaDPEC>https://www.nfe.fazenda.gov.br/SCEConsultaRFB/SCEConsultaRFB2.asmx</ConsultaDPEC>
    </producao>
  </UF>
  <UF>
    <sigla>EPEC</sigla>
    <!-- SISTEMA DE CONTINGENCIA - Declaracao Previa de Emissao em Contingencia -->
    <homologacao>
      <RecepcaoEvento soap_action="NFeRecepcaoEvento4" metodo="nfeRecepcaoEventoNF" service='RecepcaoEvento' versao='1.00'>https://hom1.nfe.fazenda.gov.br/NFeRecepcaoEvento4/NFeRecepcaoEvento4.asmx</RecepcaoEvento>
    </homologacao>
    <producao>
      <RecepcaoEvento service='RecepcaoEvento' versao='4.00'>https://www.nfe.fazenda.gov.br/NFeRecepcaoEvento4/NFeRecepcaoEvento4.asmx</RecepcaoEvento>
    </producao>
  </UF>
    <UF>
        <sigla>AN</sigla>
        <!-- Ambiente Nacional para manifesto-->
        <homologacao>
            <NFeDistribuicaoDFe soap_action='NFeDistribuicaoDFe' metodo='nfeDistDFeInteresse' service='nfeDistDFeInteresse' versao='1.01'>https://hom1.nfe.fazenda.gov.br/NFeDistribuicaoDFe/NFeDistribuicaoDFe.asmx</NFeDistribuicaoDFe>
            <NFeRecepcaoEvento4 soap_action='NFeRecepcaoEvento4' metodo='nfeRecepcaoEventoNF' service='nfeRecepcaoEventoNF' versao='1.00'>https://hom1.nfe.fazenda.gov.br/NFeRecepcaoEvento4/NFeRecepcaoEvento4.asmx</NFeRecepcaoEvento4>
        </homologacao>
        <producao>
            <NFeDistribuicaoDFe soap_action='NFeDistribuicaoDFe' metodo='nfeDistDFeInteresse' service='nfeDistDFeInteresse' versao='1.01'>https://www1.nfe.fazenda.gov.br/NFeDistribuicaoDFe/NFeDistribuicaoDFe.asmx</NFeDistribuicaoDFe>
            <NFeRecepcaoEvento4 soap_action='NFeRecepcaoEvento4' metodo='nfeRecepcaoEventoNF' service='nfeRecepcaoEventoNF' versao='1.00'>https://www.nfe.fazenda.gov.br/NFeRecepcaoEvento4/NFeRecepcaoEvento4.asmx</NFeRecepcaoEvento4>
        </producao>
    </UF>
</WS>