<?xml version="1.0" encoding="utf-8"?>
<WS xmlns:xsi="http://www.w3.org/2001/XMLSchema-instance" >
<!-- Correção das url para o padrão soap 1.2 -->
  <UF>
    <sigla>AC</sigla>
    <!--  SEFAZ VIRTUAL RIO GRANDE DO SUL  -->
    <!--  SVRS  -->
    <homologacao>
      <NfeAutorizacao service='NFeAutorizacao' versao='3.10'>https://nfe-homologacao.svrs.rs.gov.br/ws/NfeAutorizacao/NFeAutorizacao.asmx</NfeAutorizacao>
      <NfeRetAutorizacao service='NFeRetAutorizacao' versao='3.10'>https://nfe-homologacao.svrs.rs.gov.br/ws/NfeRetAutorizacao/NFeRetAutorizacao.asmx</NfeRetAutorizacao>
      <NfeInutilizacao2 service='NfeInutilizacao' versao='3.10'>https://nfe-homologacao.svrs.rs.gov.br/ws/nfeinutilizacao/nfeinutilizacao2.asmx</NfeInutilizacao2>
      <NfeConsulta2 service='NfeConsultaProtocolo' versao='3.10'>https://nfe-homologacao.svrs.rs.gov.br/ws/NfeConsulta/NfeConsulta2.asmx</NfeConsulta2>
      <NfeStatusServico2 service='NfeStatusServico' versao='3.10'>https://nfe-homologacao.svrs.rs.gov.br/ws/NfeStatusServico/NfeStatusServico2.asmx</NfeStatusServico2>
      <CadConsultaCadastro2 service='NfeConsultaCadastro' versao='2.00'>https://cad.svrs.rs.gov.br/ws/cadconsultacadastro/cadconsultacadastro2.asmx</CadConsultaCadastro2>
      <RecepcaoEvento service='nfeRecepcaoEvento' versao='1.00'>https://nfe-homologacao.svrs.rs.gov.br/ws/recepcaoevento/recepcaoevento.asmx</RecepcaoEvento>
    </homologacao>
    <!--  SVRS  -->
    <producao>
      <NfeAutorizacao service='NFeAutorizacao' versao='3.10'>https://nfe.svrs.rs.gov.br/ws/NfeAutorizacao/NFeAutorizacao.asmx</NfeAutorizacao>
      <NfeRetAutorizacao service='NFeRetAutorizacao' versao='3.10'>https://nfe.svrs.rs.gov.br/ws/NfeRetAutorizacao/NFeRetAutorizacao.asmx</NfeRetAutorizacao>
      <NfeInutilizacao2 service='NfeInutilizacao' versao='3.10'>https://nfe.svrs.rs.gov.br/ws/nfeinutilizacao/nfeinutilizacao2.asmx</NfeInutilizacao2>
      <NfeConsulta2 service='NfeConsultaProtocolo' versao='3.10'>https://nfe.svrs.rs.gov.br/ws/NfeConsulta/NfeConsulta2.asmx</NfeConsulta2>
      <NfeStatusServico2 service='NfeStatusServico' versao='3.10'>https://nfe.svrs.rs.gov.br/ws/NfeStatusServico/NfeStatusServico2.asmx</NfeStatusServico2>
      <CadConsultaCadastro2 service='NfeConsultaCadastro' versao='2.00'>https://cad.svrs.rs.gov.br/ws/cadconsultacadastro/cadconsultacadastro2.asmx</CadConsultaCadastro2>
      <RecepcaoEvento service='RecepcaoEvento' versao='1.00'>https://nfe.svrs.rs.gov.br/ws/recepcaoevento/recepcaoevento.asmx</RecepcaoEvento>
    </producao>
  </UF>
  <UF>
    <sigla>AL</sigla>
    <!--  SEFAZ VIRTUAL RIO GRANDE DO SUL  -->
    <!--  SVRS  -->
    <homologacao>
      <NfeAutorizacao service='NFeAutorizacao' versao='3.10'>https://nfe-homologacao.svrs.rs.gov.br/ws/NfeAutorizacao/NFeAutorizacao.asmx</NfeAutorizacao>
      <NfeRetAutorizacao service='NFeRetAutorizacao' versao='3.10'>https://nfe-homologacao.svrs.rs.gov.br/ws/NfeRetAutorizacao/NFeRetAutorizacao.asmx</NfeRetAutorizacao>
      <NfeInutilizacao2 service='NfeInutilizacao' versao='3.10'>https://nfe-homologacao.svrs.rs.gov.br/ws/nfeinutilizacao/nfeinutilizacao2.asmx</NfeInutilizacao2>
      <NfeConsulta2 service='NfeConsultaProtocolo' versao='3.10'>https://nfe-homologacao.svrs.rs.gov.br/ws/NfeConsulta/NfeConsulta2.asmx</NfeConsulta2>
      <NfeStatusServico2 service='NfeStatusServico' versao='3.10'>https://nfe-homologacao.svrs.rs.gov.br/ws/NfeStatusServico/NfeStatusServico2.asmx</NfeStatusServico2>
      <CadConsultaCadastro2 service='NfeConsultaCadastro' versao='2.00'>https://cad.svrs.rs.gov.br/ws/cadconsultacadastro/cadconsultacadastro2.asmx</CadConsultaCadastro2>
      <RecepcaoEvento service='nfeRecepcaoEvento' versao='1.00'>https://nfe-homologacao.svrs.rs.gov.br/ws/recepcaoevento/recepcaoevento.asmx</RecepcaoEvento>
    </homologacao>
    <!--  SVRS  -->
    <producao>
      <NfeAutorizacao service='NFeAutorizacao' versao='3.10'>https://nfe.svrs.rs.gov.br/ws/NfeAutorizacao/NFeAutorizacao.asmx</NfeAutorizacao>
      <NfeRetAutorizacao service='NFeRetAutorizacao' versao='3.10'>https://nfe.svrs.rs.gov.br/ws/NfeRetAutorizacao/NFeRetAutorizacao.asmx</NfeRetAutorizacao>
      <NfeInutilizacao2 service='NfeInutilizacao' versao='3.10'>https://nfe.svrs.rs.gov.br/ws/nfeinutilizacao/nfeinutilizacao2.asmx</NfeInutilizacao2>
      <NfeConsulta2 service='NfeConsultaProtocolo' versao='3.10'>https://nfe.svrs.rs.gov.br/ws/NfeConsulta/NfeConsulta2.asmx</NfeConsulta2>
      <NfeStatusServico2 service='NfeStatusServico' versao='3.10'>https://nfe.svrs.rs.gov.br/ws/NfeStatusServico/NfeStatusServico2.asmx</NfeStatusServico2>
      <CadConsultaCadastro2 service='NfeConsultaCadastro' versao='2.00'>https://cad.svrs.rs.gov.br/ws/cadconsultacadastro/cadconsultacadastro2.asmx</CadConsultaCadastro2>
      <RecepcaoEvento service='RecepcaoEvento' versao='1.00'>https://nfe.svrs.rs.gov.br/ws/recepcaoevento/recepcaoevento.asmx</RecepcaoEvento>
    </producao>
  </UF>
  <UF>
    <sigla>AM</sigla>
    <!--  SEFAZ AMAZONAS - PROPRIO  -->
    <homologacao>
      <NfeAutorizacao service='NFeAutorizacao' versao='3.10'>https://homnfe.sefaz.am.gov.br/services2/services/NfeAutorizacao</NfeAutorizacao>
      <NfeRetAutorizacao service='NFeRetAutorizacao' versao='3.10'>https://homnfe.sefaz.am.gov.br/services2/services/NfeRetAutorizacao</NfeRetAutorizacao>
      <NfeInutilizacao2 service='NfeInutilizacao' versao='3.10'>https://homnfe.sefaz.am.gov.br/services2/services/NfeInutilizacao2</NfeInutilizacao2>
      <NfeConsulta2 service='NfeConsultaProtocolo' versao='3.10'>   https://homnfe.sefaz.am.gov.br/services2/services/NfeConsulta2</NfeConsulta2>
      <NfeStatusServico2 service='NfeStatusServico' versao='3.10'>https://homnfe.sefaz.am.gov.br/services2/services/NfeStatusServico2</NfeStatusServico2>
      <CadConsultaCadastro2 service='NfeConsultaCadastro' versao='2.00'>https://homnfe.sefaz.am.gov.br/services2/services/cadconsultacadastro2</CadConsultaCadastro2>
      <RecepcaoEvento service='RecepcaoEvento' versao='1.00'>https://homnfe.sefaz.am.gov.br/services2/services/RecepcaoEvento</RecepcaoEvento>
    </homologacao>
    <!--  SEFAZ AMAZONAS - PROPRIO  -->
    <producao>
      <NfeAutorizacao service='NFeAutorizacao' versao='3.10'>https://nfe.sefaz.am.gov.br/services2/services/NfeAutorizacao</NfeAutorizacao>
      <NfeRetAutorizacao service='NFeRetAutorizacao' versao='3.10'>https://nfe.sefaz.am.gov.br/services2/services/NfeRetAutorizacao</NfeRetAutorizacao>
      <NfeInutilizacao2 service='NfeInutilizacao' versao='3.10'>https://nfe.sefaz.am.gov.br/services2/services/NfeInutilizacao2</NfeInutilizacao2>
      <NfeConsulta2 service='NfeConsultaProtocolo' versao='3.10'>https://nfe.sefaz.am.gov.br/services2/services/NfeConsulta2</NfeConsulta2>
      <NfeStatusServico2 service='NfeStatusServico' versao='3.10'>https://nfe.sefaz.am.gov.br/services2/services/NfeStatusServico2</NfeStatusServico2>
      <CadConsultaCadastro2 service='NfeConsultaCadastro' versao='2.00'>https://nfe.sefaz.am.gov.br/services2/services/cadconsultacadastro2</CadConsultaCadastro2>
      <RecepcaoEvento service='RecepcaoEvento' versao='1.00'>https://nfe.sefaz.am.gov.br/services2/services/RecepcaoEvento</RecepcaoEvento>
    </producao>
  </UF>
  <UF>
    <sigla>AP</sigla>
    <!--  SEFAZ VIRTUAL RIO GRANDE DO SUL  -->
    <!--  SVRS  -->
    <homologacao>
      <NfeAutorizacao service='NFeAutorizacao' versao='3.10'>https://nfe-homologacao.svrs.rs.gov.br/ws/NfeAutorizacao/NFeAutorizacao.asmx</NfeAutorizacao>
      <NfeRetAutorizacao service='NFeRetAutorizacao' versao='3.10'>https://nfe-homologacao.svrs.rs.gov.br/ws/NfeRetAutorizacao/NFeRetAutorizacao.asmx</NfeRetAutorizacao>
      <NfeInutilizacao2 service='NfeInutilizacao' versao='3.10'>https://nfe-homologacao.svrs.rs.gov.br/ws/nfeinutilizacao/nfeinutilizacao2.asmx</NfeInutilizacao2>
      <NfeConsulta2 service='NfeConsultaProtocolo' versao='3.10'>https://nfe-homologacao.svrs.rs.gov.br/ws/NfeConsulta/NfeConsulta2.asmx</NfeConsulta2>
      <NfeStatusServico2 service='NfeStatusServico' versao='3.10'>https://nfe-homologacao.svrs.rs.gov.br/ws/NfeStatusServico/NfeStatusServico2.asmx</NfeStatusServico2>
      <CadConsultaCadastro2 service='NfeConsultaCadastro' versao='2.00'>https://cad.svrs.rs.gov.br/ws/cadconsultacadastro/cadconsultacadastro2.asmx</CadConsultaCadastro2>
      <RecepcaoEvento service='nfeRecepcaoEvento' versao='1.00'>https://nfe-homologacao.svrs.rs.gov.br/ws/recepcaoevento/recepcaoevento.asmx</RecepcaoEvento>
    </homologacao>
    <!--  SVRS  -->
    <producao>
      <NfeAutorizacao service='NFeAutorizacao' versao='3.10'>https://nfe.svrs.rs.gov.br/ws/NfeAutorizacao/NFeAutorizacao.asmx</NfeAutorizacao>
      <NfeRetAutorizacao service='NFeRetAutorizacao' versao='3.10'>https://nfe.svrs.rs.gov.br/ws/NfeRetAutorizacao/NFeRetAutorizacao.asmx</NfeRetAutorizacao>
      <NfeInutilizacao2 service='NfeInutilizacao' versao='3.10'>https://nfe.svrs.rs.gov.br/ws/nfeinutilizacao/nfeinutilizacao2.asmx</NfeInutilizacao2>
      <NfeConsulta2 service='NfeConsultaProtocolo' versao='3.10'>https://nfe.svrs.rs.gov.br/ws/NfeConsulta/NfeConsulta2.asmx</NfeConsulta2>
      <NfeStatusServico2 service='NfeStatusServico' versao='3.10'>https://nfe.svrs.rs.gov.br/ws/NfeStatusServico/NfeStatusServico2.asmx</NfeStatusServico2>
      <CadConsultaCadastro2 service='NfeConsultaCadastro' versao='2.00'>https://cad.svrs.rs.gov.br/ws/cadconsultacadastro/cadconsultacadastro2.asmx</CadConsultaCadastro2>
      <RecepcaoEvento service='RecepcaoEvento' versao='1.00'>https://nfe.svrs.rs.gov.br/ws/recepcaoevento/recepcaoevento.asmx</RecepcaoEvento>
    </producao>
  </UF>
  <UF>
    <sigla>BA</sigla>
    <!--  SEFAZ BAHIA - PROPRIO  -->
    <homologacao>
      <NfeAutorizacao service='NFeAutorizacao' versao='3.10'>https://hnfe.sefaz.ba.gov.br/webservices/NfeAutorizacao/NfeAutorizacao.asmx</NfeAutorizacao>
      <NfeRetAutorizacao service='NFeRetAutorizacao' versao='3.10'>https://hnfe.sefaz.ba.gov.br/webservices/NfeRetAutorizacao/NfeRetAutorizacao.asmx</NfeRetAutorizacao>
      <NfeInutilizacao2 service='NfeInutilizacao' versao='3.10'>https://hnfe.sefaz.ba.gov.br/webservices/NfeInutilizacao/NfeInutilizacao.asmx</NfeInutilizacao2>
      <NfeConsulta2 service='NfeConsultaProtocolo' versao='3.10'>https://hnfe.sefaz.ba.gov.br/webservices/NfeConsulta/NfeConsulta.asmx</NfeConsulta2>
      <NfeStatusServico2 service='NfeStatusServico' versao='3.10'>https://hnfe.sefaz.ba.gov.br/webservices/NfeStatusServico/NfeStatusServico.asmx</NfeStatusServico2>
      <CadConsultaCadastro2 service='NfeConsultaCadastro' versao='2.00'>https://hnfe.sefaz.ba.gov.br/webservices/nfenw/CadConsultaCadastro2.asmx</CadConsultaCadastro2>
      <RecepcaoEvento service='RecepcaoEvento' versao='1.00'>https://hnfe.sefaz.ba.gov.br/webservices/sre/recepcaoevento.asmx</RecepcaoEvento>
    </homologacao>
    <!--  SEFAZ BAHIA - PROPRIO  -->
    <producao>
      <NfeAutorizacao service='NFeAutorizacao' versao='3.10'>https://nfe.sefaz.ba.gov.br/webservices/NfeAutorizacao/NfeAutorizacao.asmx</NfeAutorizacao>
      <NfeRetAutorizacao service='NFeRetAutorizacao' versao='3.10'>https://nfe.sefaz.ba.gov.br/webservices/NfeRetAutorizacao/NfeRetAutorizacao.asmx</NfeRetAutorizacao>
      <NfeInutilizacao2 service='NfeInutilizacao' versao='3.10'>https://nfe.sefaz.ba.gov.br/webservices/NfeInutilizacao/NfeInutilizacao.asmx</NfeInutilizacao2>
      <NfeConsulta2 service='NfeConsultaProtocolo' versao='3.10'>https://nfe.sefaz.ba.gov.br/webservices/NfeConsulta/NfeConsulta.asmx</NfeConsulta2>
      <NfeStatusServico2 service='NfeStatusServico' versao='3.10'>https://nfe.sefaz.ba.gov.br/webservices/NfeStatusServico/NfeStatusServico.asmx</NfeStatusServico2>
      <CadConsultaCadastro2 service='NfeConsultaCadastro' versao='2.00'>https://nfe.sefaz.ba.gov.br/webservices/nfenw/CadConsultaCadastro2.asmx</CadConsultaCadastro2>
      <RecepcaoEvento service='RecepcaoEvento' versao='1.00'>https://nfe.sefaz.ba.gov.br/webservices/sre/recepcaoevento.asmx</RecepcaoEvento>
    </producao>
  </UF>
  <UF>
    <sigla>CE</sigla>
    <!--  SEFAZ CEARÁ - PROPRIO  -->
    <homologacao>
      <NfeAutorizacao service='nfeAutorizacaoLote' versao='3.10'>https://nfeh.sefaz.ce.gov.br/nfe2/services/NfeAutorizacao</NfeAutorizacao>
      <NfeRetAutorizacao service='nfeRetAutorizacaoLote' versao='3.10'>https://nfeh.sefaz.ce.gov.br/nfe2/services/NfeRetAutorizacao</NfeRetAutorizacao>
      <NfeInutilizacao2 service='NfeInutilizacao' versao='3.10'>https://nfeh.sefaz.ce.gov.br/nfe2/services/NfeInutilizacao2</NfeInutilizacao2>
      <NfeConsulta2 service='NfeConsultaProtocolo' versao='3.10'>https://nfeh.sefaz.ce.gov.br/nfe2/services/NfeConsulta2</NfeConsulta2>
      <NfeStatusServico2 service='NfeStatusServico' versao='3.10'>https://nfeh.sefaz.ce.gov.br/nfe2/services/NfeStatusServico2</NfeStatusServico2>
      <CadConsultaCadastro2 service='NfeConsultaCadastro' versao='2.00'>https://nfeh.sefaz.ce.gov.br/nfe2/services/CadConsultaCadastro2</CadConsultaCadastro2>
      <RecepcaoEvento service='nfeRecepcaoEvento' versao='1.00'>https://nfeh.sefaz.ce.gov.br/nfe2/services/RecepcaoEvento</RecepcaoEvento>
    </homologacao>
    <!--  SEFAZ CEARÁ - PROPRIO  -->
    <producao>
      <NfeAutorizacao service='nfeAutorizacaoLote' versao='3.10'>https://nfe.sefaz.ce.gov.br/nfe2/services/NfeAutorizacao</NfeAutorizacao>
      <NfeRetAutorizacao service='nfeRetAutorizacaoLote' versao='3.10'>https://nfe.sefaz.ce.gov.br/nfe2/services/NfeRetAutorizacao</NfeRetAutorizacao>
      <NfeInutilizacao2 service='NfeInutilizacao' versao='3.10'>https://nfe.sefaz.ce.gov.br/nfe2/services/NfeInutilizacao2</NfeInutilizacao2>
      <NfeConsulta2 service='NfeConsultaProtocolo' versao='3.10'>https://nfe.sefaz.ce.gov.br/nfe2/services/NfeConsulta2</NfeConsulta2>
      <NfeStatusServico2 service='NfeStatusServico' versao='3.10'>https://nfe.sefaz.ce.gov.br/nfe2/services/NfeStatusServico2</NfeStatusServico2>
      <CadConsultaCadastro2 service='NfeConsultaCadastro' versao='2.00'>https://nfe.sefaz.ce.gov.br/nfe2/services/CadConsultaCadastro2</CadConsultaCadastro2>
      <RecepcaoEvento service='nfeRecepcaoEvento' versao='1.00'>https://nfe.sefaz.ce.gov.br/nfe2/services/RecepcaoEvento</RecepcaoEvento>
    </producao>
  </UF>
  <UF>
    <sigla>DF</sigla>
     <!--  SEFAZ VIRTUAL RIO GRANDE DO SUL  -->
     <!--  SVRS  -->
    <homologacao>
      <NfeAutorizacao service='NFeAutorizacao' versao='3.10'>https://nfe-homologacao.svrs.rs.gov.br/ws/NfeAutorizacao/NFeAutorizacao.asmx</NfeAutorizacao>
      <NfeRetAutorizacao service='NFeRetAutorizacao' versao='3.10'>https://nfe-homologacao.svrs.rs.gov.br/ws/NfeRetAutorizacao/NFeRetAutorizacao.asmx</NfeRetAutorizacao>
      <NfeInutilizacao2 service='NfeInutilizacao' versao='3.10'>https://nfe-homologacao.svrs.rs.gov.br/ws/nfeinutilizacao/nfeinutilizacao2.asmx</NfeInutilizacao2>
      <NfeConsulta2 service='NfeConsultaProtocolo' versao='3.10'>https://nfe-homologacao.svrs.rs.gov.br/ws/NfeConsulta/NfeConsulta2.asmx</NfeConsulta2>
      <NfeStatusServico2 service='NfeStatusServico' versao='3.10'>https://nfe-homologacao.svrs.rs.gov.br/ws/NfeStatusServico/NfeStatusServico2.asmx</NfeStatusServico2>
      <CadConsultaCadastro2 service='NfeConsultaCadastro' versao='2.00'>https://cad.svrs.rs.gov.br/ws/cadconsultacadastro/cadconsultacadastro2.asmx</CadConsultaCadastro2>
      <RecepcaoEvento service='nfeRecepcaoEvento' versao='1.00'>https://nfe-homologacao.svrs.rs.gov.br/ws/recepcaoevento/recepcaoevento.asmx</RecepcaoEvento>
    </homologacao>
    <!--  SVRS  -->
    <producao>
      <NfeAutorizacao service='NFeAutorizacao' versao='3.10'>https://nfe.svrs.rs.gov.br/ws/NfeAutorizacao/NFeAutorizacao.asmx</NfeAutorizacao>
      <NfeRetAutorizacao service='NFeRetAutorizacao' versao='3.10'>https://nfe.svrs.rs.gov.br/ws/NfeRetAutorizacao/NFeRetAutorizacao.asmx</NfeRetAutorizacao>
      <NfeInutilizacao2 service='NfeInutilizacao' versao='3.10'>https://nfe.svrs.rs.gov.br/ws/nfeinutilizacao/nfeinutilizacao2.asmx</NfeInutilizacao2>
      <NfeConsulta2 service='NfeConsultaProtocolo' versao='3.10'>https://nfe.svrs.rs.gov.br/ws/NfeConsulta/NfeConsulta2.asmx</NfeConsulta2>
      <NfeStatusServico2 service='NfeStatusServico' versao='3.10'>https://nfe.svrs.rs.gov.br/ws/NfeStatusServico/NfeStatusServico2.asmx</NfeStatusServico2>
      <CadConsultaCadastro2 service='NfeConsultaCadastro' versao='2.00'>https://cad.svrs.rs.gov.br/ws/cadconsultacadastro/cadconsultacadastro2.asmx</CadConsultaCadastro2>
      <RecepcaoEvento service='RecepcaoEvento' versao='1.00'>https://nfe.svrs.rs.gov.br/ws/recepcaoevento/recepcaoevento.asmx</RecepcaoEvento>
    </producao>
  </UF>
  <UF>
    <sigla>ES</sigla>
     <!--  SEFAZ VIRTUAL RS  -->
     <homologacao>
        <NfeAutorizacao service='NFeAutorizacao' versao='3.10'>https://nfe-homologacao.svrs.rs.gov.br/ws/NfeAutorizacao/NFeAutorizacao.asmx</NfeAutorizacao>
        <NfeRetAutorizacao service='NFeRetAutorizacao' versao='3.10'>https://nfe-homologacao.svrs.rs.gov.br/ws/NfeRetAutorizacao/NFeRetAutorizacao.asmx</NfeRetAutorizacao>
        <NfeInutilizacao2 service='nfeInutilizacaoNF2' versao='3.10'>https://nfe-homologacao.svrs.rs.gov.br/ws/nfeinutilizacao/nfeinutilizacao2.asmx</NfeInutilizacao2>
        <NfeConsulta2 service='NfeConsultaProtocolo' versao='3.10'>https://nfe-homologacao.svrs.rs.gov.br/ws/NfeConsulta/NfeConsulta2.asmx</NfeConsulta2>
        <NfeStatusServico2 service='NfeStatusServico' versao='3.10'>https://nfe-homologacao.svrs.rs.gov.br/ws/NfeStatusServico/NfeStatusServico2.asmx</NfeStatusServico2>
        <CadConsultaCadastro2 service='NfeConsultaCadastro' versao='2.00'>https://cad.svrs.rs.gov.br/ws/cadconsultacadastro/cadconsultacadastro2.asmx</CadConsultaCadastro2>
        <RecepcaoEvento service='nfeRecepcaoEvento' versao='1.00'>https://nfe-homologacao.svrs.rs.gov.br/ws/recepcaoevento/recepcaoevento.asmx</RecepcaoEvento>
    </homologacao>
    <producao>
      <NfeAutorizacao service='NfeAutorizacao' versao='3.10'>https://nfe.svrs.rs.gov.br/ws/NfeAutorizacao/NFeAutorizacao.asmx</NfeAutorizacao>
      <NfeRetAutorizacao service='NfeRetAutorizacao' versao='3.10'>https://nfe.svrs.rs.gov.br/ws/NfeRetAutorizacao/NFeRetAutorizacao.asmx</NfeRetAutorizacao>
      <NfeInutilizacao2 service='nfeInutilizacaoNF2' versao='3.10'>https://nfe.svrs.rs.gov.br/ws/nfeinutilizacao/nfeinutilizacao2.asmx</NfeInutilizacao2>
      <NfeConsulta2 service='NfeConsultaProtocolo' versao='3.10'>https://nfe.svrs.rs.gov.br/ws/NfeConsulta/NfeConsulta2.asmx</NfeConsulta2>
      <NfeStatusServico2 service='nfeStatusServicoNF2' versao='3.10'>https://nfe.svrs.rs.gov.br/ws/NfeStatusServico/NfeStatusServico2.asmx</NfeStatusServico2>
      <CadConsultaCadastro2 service='consultaCadastro2' versao='1.00'>https://cad.svrs.rs.gov.br/ws/cadconsultacadastro/cadconsultacadastro2.asmx</CadConsultaCadastro2>
      <RecepcaoEvento service='nfeRecepcaoEvento' versao='1.00'>https://nfe.svrs.rs.gov.br/ws/recepcaoevento/recepcaoevento.asmx</RecepcaoEvento>
    </producao>
  </UF>
  <UF>
    <sigla>GO</sigla>
    <!--  SEFAZ GOIAS - PROPRIO  -->
    <homologacao>
      <NfeAutorizacao service='NFeAutorizacao' versao='3.10'>https://homolog.sefaz.go.gov.br/nfe/services/v2/NfeAutorizacao</NfeAutorizacao>
      <NfeRetAutorizacao service='NFeRetAutorizacao' versao='3.10'>https://homolog.sefaz.go.gov.br/nfe/services/v2/NfeRetAutorizacao</NfeRetAutorizacao>
      <NfeInutilizacao2 service='NfeInutilizacao' versao='3.10'>https://homolog.sefaz.go.gov.br/nfe/services/v2/NfeInutilizacao2</NfeInutilizacao2>
      <NfeConsulta2 service='NfeConsultaProtocolo' versao='3.10'>https://homolog.sefaz.go.gov.br/nfe/services/v2/NfeConsulta2</NfeConsulta2>
      <NfeStatusServico2 service='NfeStatusServico' versao='3.10'>https://homolog.sefaz.go.gov.br/nfe/services/v2/NfeStatusServico2</NfeStatusServico2>
      <CadConsultaCadastro2 service='NfeConsultaCadastro' versao='2.00'>https:/homolog.sefaz.go.gov.br/nfe/services/v2/CadConsultaCadastro2</CadConsultaCadastro2>
      <RecepcaoEvento service='RecepcaoEvento' versao='1.00'>https://homolog.sefaz.go.gov.br/nfe/services/v2/RecepcaoEvento</RecepcaoEvento>
    </homologacao>
    <!--  SEFAZ GOIAS - PROPRIO  -->
    <producao>
      <NfeAutorizacao service='NFeAutorizacao' versao='3.10'>https://nfe.sefaz.go.gov.br/nfe/services/v2/NfeAutorizacao</NfeAutorizacao>
      <NfeRetAutorizacao service='NFeRetAutorizacao' versao='3.10'>https://nfe.sefaz.go.gov.br/nfe/services/v2/NfeRetAutorizacao</NfeRetAutorizacao>
      <NfeInutilizacao2 service='NfeInutilizacao' versao='3.10'>https://nfe.sefaz.go.gov.br/nfe/services/v2/NfeInutilizacao2</NfeInutilizacao2>
      <NfeConsulta2 service='NfeConsultaProtocolo' versao='3.10'>https://nfe.sefaz.go.gov.br/nfe/services/v2/NfeConsulta2</NfeConsulta2>
      <NfeStatusServico2 service='NfeStatusServico' versao='3.10'>https://nfe.sefaz.go.gov.br/nfe/services/v2/NfeStatusServico2</NfeStatusServico2>
      <CadConsultaCadastro2 service='NfeConsultaCadastro' versao='2.00'>https://nfe.sefaz.go.gov.br/nfe/services/v2/CadConsultaCadastro2</CadConsultaCadastro2>
      <RecepcaoEvento service='RecepcaoEvento' versao='1.00'>https://nfe.sefaz.go.gov.br/nfe/services/v2/RecepcaoEvento</RecepcaoEvento>
    </producao>
  </UF>
  <UF>
    <sigla>MA</sigla>
    <!--  SEFAZ MARANHÃO - PROPRIO NfeConsultaCadastro -->
    <!--  SVAN - DEMAIS -->
    <homologacao>
      <NfeAutorizacao service='NFeAutorizacao' versao='3.10'>https://hom.sefazvirtual.fazenda.gov.br/NfeAutorizacao/NfeAutorizacao.asmx</NfeAutorizacao>
      <NfeRetAutorizacao service='NFeRetAutorizacao' versao='3.10'>https://hom.sefazvirtual.fazenda.gov.br/NfeRetAutorizacao/NfeRetAutorizacao.asmx</NfeRetAutorizacao>
      <NfeInutilizacao2 service='NfeInutilizacao' versao='3.10'>https://hom.sefazvirtual.fazenda.gov.br/NfeInutilizacao2/NfeInutilizacao2.asmx</NfeInutilizacao2>
      <NfeConsulta2 service='NfeConsultaProtocolo' versao='3.10'>https://hom.sefazvirtual.fazenda.gov.br/NfeConsulta2/NfeConsulta2.asmx</NfeConsulta2>
      <NfeStatusServico2 service='NfeStatusServico' versao='3.10'>https://hom.sefazvirtual.fazenda.gov.br/NfeStatusServico2/NfeStatusServico2.asmx</NfeStatusServico2>
      <CadConsultaCadastro2 service='NfeConsultaCadastro' versao='2.00'>https://sistemas.sefaz.ma.gov.br/wscadastro/CadConsultaCadastro2</CadConsultaCadastro2>
      <RecepcaoEvento service='RecepcaoEvento' versao='1.00'>https://hom.sefazvirtual.fazenda.gov.br/RecepcaoEvento/RecepcaoEvento.asmx</RecepcaoEvento>
    </homologacao>
    <!--  SEFAZ MARANHÃO - PROPRIO NfeConsultaCadastro -->
    <!--  SVAN - DEMAIS -->
    <producao>
      <NfeAutorizacao service='NFeAutorizacao' versao='3.10'>https://www.sefazvirtual.fazenda.gov.br/NfeAutorizacao/NfeAutorizacao.asmx</NfeAutorizacao>
      <NfeRetAutorizacao service='NFeRetAutorizacao' versao='3.10'>https://www.sefazvirtual.fazenda.gov.br/NfeRetAutorizacao/NfeRetAutorizacao.asmx</NfeRetAutorizacao>
      <NfeInutilizacao2 service='NfeInutilizacao' versao='3.10'>https://www.sefazvirtual.fazenda.gov.br/NfeInutilizacao2/NfeInutilizacao2.asmx</NfeInutilizacao2>
      <NfeConsulta2 service='NfeConsultaProtocolo' versao='3.10'>https://www.sefazvirtual.fazenda.gov.br/NfeConsulta2/NfeConsulta2.asmx</NfeConsulta2>
      <NfeStatusServico2 service='NfeStatusServico' versao='3.10'>https://www.sefazvirtual.fazenda.gov.br/NfeStatusServico2/NfeStatusServico2.asmx</NfeStatusServico2>
      <CadConsultaCadastro2 service='NfeConsultaCadastro' versao='2.00'>https://sistemas.sefaz.ma.gov.br/wscadastro/CadConsultaCadastro2</CadConsultaCadastro2>
      <RecepcaoEvento service='RecepcaoEvento' versao='1.00'>https://www.sefazvirtual.fazenda.gov.br/RecepcaoEvento/RecepcaoEvento.asmx</RecepcaoEvento>
    </producao>
  </UF>
  <UF>
    <sigla>MG</sigla>
    <!--  SEFAZ MINAS GERAIS - PROPRIO  -->
     <homologacao>
      <NfeAutorizacao service='NFeAutorizacao' versao='3.10'>https://hnfe.fazenda.mg.gov.br/nfe2/services/NfeAutorizacao</NfeAutorizacao>
      <NfeRetAutorizacao service='NFeRetAutorizacao' versao='3.10'>https://hnfe.fazenda.mg.gov.br/nfe2/services/NfeRetAutorizacao</NfeRetAutorizacao>
      <NfeInutilizacao2 service='NfeInutilizacao' versao='3.10'>https://hnfe.fazenda.mg.gov.br/nfe2/services/NfeInutilizacao2</NfeInutilizacao2>
      <NfeConsulta2 service='NfeConsultaProtocolo' versao='3.10'>https://hnfe.fazenda.mg.gov.br/nfe2/services/NfeConsulta2</NfeConsulta2>
      <NfeStatusServico2 service='NfeStatusServico' versao='3.10'>https://hnfe.fazenda.mg.gov.br/nfe2/services/NfeStatusServico2</NfeStatusServico2>
      <CadConsultaCadastro2 service='NfeConsultaCadastro' versao='2.00'>https://hnfe.fazenda.mg.gov.br/nfe2/services/cadconsultacadastro2</CadConsultaCadastro2>
      <RecepcaoEvento service='RecepcaoEvento' versao='1.00'>https://hnfe.fazenda.mg.gov.br/nfe2/services/RecepcaoEvento</RecepcaoEvento></homologacao>
    <!--  SEFAZ MINAS GERAIS - PROPRIO  -->
    <producao>
      <NfeAutorizacao service='NFeAutorizacao' versao='3.10'>https://nfe.fazenda.mg.gov.br/nfe2/services/NfeAutorizacao</NfeAutorizacao>
      <NfeRetAutorizacao service='NFeRetAutorizacao' versao='3.10'>https://nfe.fazenda.mg.gov.br/nfe2/services/NfeRetAutorizacao</NfeRetAutorizacao>
      <NfeInutilizacao2 service='NfeInutilizacao' versao='3.10'>https://nfe.fazenda.mg.gov.br/nfe2/services/NfeInutilizacao2</NfeInutilizacao2>
      <NfeConsulta2 service='NfeConsultaProtocolo' versao='3.10'>https://nfe.fazenda.mg.gov.br/nfe2/services/NfeConsulta2</NfeConsulta2>
      <NfeStatusServico2 service='NfeStatusServico' versao='3.10'>https://nfe.fazenda.mg.gov.br/nfe2/services/NfeStatus2</NfeStatusServico2>
      <CadConsultaCadastro2 service='NfeConsultaCadastro' versao='2.00'>https://nfe.fazenda.mg.gov.br/nfe2/services/cadconsultacadastro2</CadConsultaCadastro2>
      <RecepcaoEvento service='RecepcaoEvento' versao='1.00'>https://nfe.fazenda.mg.gov.br/nfe2/services/RecepcaoEvento</RecepcaoEvento>
    </producao>
  </UF>
  <UF>
    <sigla>MS</sigla>
    <!--  SEFAZ MATO GROSSO DO SUL - PROPRIO  -->
    <homologacao>
      <NfeAutorizacao service='NFeAutorizacao' versao='3.10'>https://homologacao.nfe.ms.gov.br/homologacao/services2/NfeAutorizacao</NfeAutorizacao>
      <NfeRetAutorizacao service='NFeRetAutorizacao' versao='3.10'>https://homologacao.nfe.ms.gov.br/homologacao/services2/NfeRetAutorizacao</NfeRetAutorizacao>
      <NfeInutilizacao2 service='NfeInutilizacao' versao='3.10'>https://homologacao.nfe.ms.gov.br/homologacao/services2/NfeInutilizacao2</NfeInutilizacao2>
      <NfeConsulta2 service='NfeConsultaProtocolo' versao='3.10'>https://homologacao.nfe.ms.gov.br/homologacao/services2/NfeConsulta2</NfeConsulta2>
      <NfeStatusServico2 service='NfeStatusServico' versao='3.10'>https://homologacao.nfe.ms.gov.br/homologacao/services2/NfeStatusServico2</NfeStatusServico2>
      <CadConsultaCadastro2 service='NfeConsultaCadastro' versao='2.00'>https://homologacao.nfe.ms.gov.br/homologacao/services2/CadConsultaCadastro2</CadConsultaCadastro2>
      <RecepcaoEvento service='RecepcaoEvento' versao='1.00'>https://homologacao.nfe.ms.gov.br/homologacao/services2/RecepcaoEvento</RecepcaoEvento>
    </homologacao>
    <!--  SEFAZ MATO GROSSO DO SUL - PROPRIO  -->
    <producao>
      <NfeAutorizacao service='NFeAutorizacao' versao='3.10'>https://nfe.fazenda.ms.gov.br/producao/services2/NfeAutorizacao</NfeAutorizacao>
      <NfeRetAutorizacao service='NFeRetAutorizacao' versao='3.10'>https://nfe.fazenda.ms.gov.br/producao/services2/NfeRetAutorizacao</NfeRetAutorizacao>
      <NfeInutilizacao2 service='NfeInutilizacao' versao='3.10'>https://nfe.fazenda.ms.gov.br/producao/services2/NfeInutilizacao2</NfeInutilizacao2>
      <NfeConsulta2 service='NfeConsultaProtocolo' versao='3.10'>https://nfe.fazenda.ms.gov.br/producao/services2/NfeConsulta2</NfeConsulta2>
      <NfeStatusServico2 service='NfeStatusServico' versao='3.10'>https://nfe.fazenda.ms.gov.br/producao/services2/NfeStatusServico2</NfeStatusServico2>
      <CadConsultaCadastro2 service='NfeConsultaCadastro' versao='2.00'>https://nfe.fazenda.ms.gov.br/producao/services2/CadConsultaCadastro2</CadConsultaCadastro2>
      <RecepcaoEvento service='RecepcaoEvento' versao='1.00'>https://nfe.fazenda.ms.gov.br/producao/services2/RecepcaoEvento</RecepcaoEvento>
    </producao>
  </UF>
  <UF>
    <sigla>MT</sigla>
    <!--  SEFAZ MATO GROSSO - SEFAZ PROPRIO  -->
    <homologacao>
      <NfeAutorizacao service='NFeAutorizacao' versao='3.10'>https://homologacao.sefaz.mt.gov.br/nfews/v2/services/NfeAutorizacao</NfeAutorizacao>
      <NfeRetAutorizacao service='NFeRetAutorizacao' versao='3.10'>https://homologacao.sefaz.mt.gov.br/nfews/v2/services/NfeRetAutorizacao</NfeRetAutorizacao>
      <NfeInutilizacao2 service='NfeInutilizacao' versao='3.10'>https://homologacao.sefaz.mt.gov.br/nfews/v2/services/NfeInutilizacao2</NfeInutilizacao2>
      <NfeConsulta2 service='NfeConsultaProtocolo' versao='3.10'>https://homologacao.sefaz.mt.gov.br/nfews/v2/services/NfeConsulta2</NfeConsulta2>
      <NfeStatusServico2 service='NfeStatusServico' versao='2.00'>https://homologacao.sefaz.mt.gov.br/nfews/v2/services/NfeStatusServico2</NfeStatusServico2>
      <CadConsultaCadastro2 service='NfeConsultaCadastro' versao='2.00'>https://homologacao.sefaz.mt.gov.br/nfews/v2/services/CadConsultaCadastro2</CadConsultaCadastro2>
      <RecepcaoEvento service='RecepcaoEvento' versao='1.00'>https://homologacao.sefaz.mt.gov.br/nfews/v2/services/RecepcaoEvento</RecepcaoEvento>
    </homologacao>
    <!--  SEFAZ MATO GROSSO - SEFAZ PROPRIO  -->
     <producao>
      <NfeAutorizacao service='NFeAutorizacao' versao='3.10'>https://nfe.sefaz.mt.gov.br/nfews/v2/services/NfeAutorizacao</NfeAutorizacao>
      <NfeRetAutorizacao service='NFeRetAutorizacao' versao='3.10'>https://nfe.sefaz.mt.gov.br/nfews/v2/services/NfeRetAutorizacao</NfeRetAutorizacao>
      <NfeInutilizacao2 service='NfeInutilizacao' versao='3.10'>https://nfe.sefaz.mt.gov.br/nfews/v2/services/NfeInutilizacao2</NfeInutilizacao2>
      <NfeConsulta2 service='NfeConsultaProtocolo' versao='3.10'>https://nfe.sefaz.mt.gov.br/nfews/v2/services/NfeConsulta2</NfeConsulta2>
      <NfeStatusServico2 service='NfeStatusServico' versao='2.00'>https://nfe.sefaz.mt.gov.br/nfews/v2/services/NfeStatusServico2</NfeStatusServico2>
      <CadConsultaCadastro2 service='NfeConsultaCadastro' versao='2.00'>https://nfe.sefaz.mt.gov.br/nfews/v2/services/CadConsultaCadastro2</CadConsultaCadastro2>
      <RecepcaoEvento service='RecepcaoEvento' versao='1.00'>https://nfe.sefaz.mt.gov.br/nfews/v2/services/RecepcaoEvento</RecepcaoEvento>
    </producao>
  </UF>
  <UF>
    <sigla>PA</sigla>
    <!--  SVAN  -->
    <homologacao>
      <NfeAutorizacao service='NFeAutorizacao' versao='3.10'>https://hom.sefazvirtual.fazenda.gov.br/NfeAutorizacao/NfeAutorizacao.asmx</NfeAutorizacao>
      <NfeRetAutorizacao service='NFeRetAutorizacao' versao='3.10'>https://hom.sefazvirtual.fazenda.gov.br/NfeRetAutorizacao/NfeRetAutorizacao.asmx</NfeRetAutorizacao>
      <NfeInutilizacao2 service='NfeInutilizacao' versao='3.10'>https://hom.sefazvirtual.fazenda.gov.br/NfeInutilizacao2/NfeInutilizacao2.asmx</NfeInutilizacao2>
      <NfeConsulta2 service='NfeConsultaProtocolo' versao='3.10'>https://hom.sefazvirtual.fazenda.gov.br/NfeConsulta2/NfeConsulta2.asmx</NfeConsulta2>
      <NfeStatusServico2 service='NfeStatusServico' versao='3.10'>https://hom.sefazvirtual.fazenda.gov.br/NfeStatusServico2/NfeStatusServico2.asmx</NfeStatusServico2>
      <CadConsultaCadastro2 service='' versao=''></CadConsultaCadastro2>
      <RecepcaoEvento service='RecepcaoEvento' versao='1.00'>https://hom.sefazvirtual.fazenda.gov.br/RecepcaoEvento/RecepcaoEvento.asmx</RecepcaoEvento>
    </homologacao>
     <!--  SVAN  -->
    <producao>
      <NfeAutorizacao service='NFeAutorizacao' versao='3.10'>https://www.sefazvirtual.fazenda.gov.br/NfeAutorizacao/NfeAutorizacao.asmx</NfeAutorizacao>
      <NfeRetAutorizacao service='NFeRetAutorizacao' versao='3.10'>https://www.sefazvirtual.fazenda.gov.br/NfeRetAutorizacao/NfeRetAutorizacao.asmX</NfeRetAutorizacao>
      <NfeInutilizacao2 service='NfeInutilizacao' versao='3.10'>https://www.sefazvirtual.fazenda.gov.br/NfeInutilizacao2/NfeInutilizacao2.asmx</NfeInutilizacao2>
      <NfeConsulta2 service='NfeConsultaProtocolo' versao='3.10'>https://www.sefazvirtual.fazenda.gov.br/NfeConsulta2/NfeConsulta2.asmx</NfeConsulta2>
      <NfeStatusServico2 service='NfeStatusServico' versao='3.10'>https://www.sefazvirtual.fazenda.gov.br/NfeStatusServico2/NfeStatusServico2.asmx</NfeStatusServico2>
      <CadConsultaCadastro2 service='' versao=''></CadConsultaCadastro2>
      <RecepcaoEvento service='RecepcaoEvento' versao='1.00'>https://www.sefazvirtual.fazenda.gov.br/RecepcaoEvento/RecepcaoEvento.asmx</RecepcaoEvento>
    </producao>
  </UF>
  <UF>
    <sigla>PB</sigla>
    <!--  SEFAZ VIRTUAL RIO GRANDE DO SUL  -->
    <!--  SVRS  -->
    <homologacao>
      <NfeAutorizacao service='NFeAutorizacao' versao='3.10'>https://nfe-homologacao.svrs.rs.gov.br/ws/NfeAutorizacao/NFeAutorizacao.asmx</NfeAutorizacao>
      <NfeRetAutorizacao service='NFeRetAutorizacao' versao='3.10'>https://nfe-homologacao.svrs.rs.gov.br/ws/NfeRetAutorizacao/NFeRetAutorizacao.asmx</NfeRetAutorizacao>
      <NfeInutilizacao2 service='NfeInutilizacao' versao='3.10'>https://nfe-homologacao.svrs.rs.gov.br/ws/nfeinutilizacao/nfeinutilizacao2.asmx</NfeInutilizacao2>
      <NfeConsulta2 service='NfeConsultaProtocolo' versao='3.10'>https://nfe-homologacao.svrs.rs.gov.br/ws/NfeConsulta/NfeConsulta2.asmx</NfeConsulta2>
      <NfeStatusServico2 service='NfeStatusServico' versao='3.10'>https://nfe-homologacao.svrs.rs.gov.br/ws/NfeStatusServico/NfeStatusServico2.asmx</NfeStatusServico2>
      <CadConsultaCadastro2 service='NfeConsultaCadastro' versao='2.00'>https://cad.svrs.rs.gov.br/ws/cadconsultacadastro/cadconsultacadastro2.asmx</CadConsultaCadastro2>
      <RecepcaoEvento service='nfeRecepcaoEvento' versao='1.00'>https://nfe-homologacao.svrs.rs.gov.br/ws/recepcaoevento/recepcaoevento.asmx</RecepcaoEvento>
    </homologacao>
    <!--  SVRS  -->
    <producao>
      <NfeAutorizacao service='NFeAutorizacao' versao='3.10'>https://nfe.svrs.rs.gov.br/ws/NfeAutorizacao/NFeAutorizacao.asmx</NfeAutorizacao>
      <NfeRetAutorizacao service='NFeRetAutorizacao' versao='3.10'>https://nfe.svrs.rs.gov.br/ws/NfeRetAutorizacao/NFeRetAutorizacao.asmx</NfeRetAutorizacao>
      <NfeInutilizacao2 service='NfeInutilizacao' versao='3.10'>https://nfe.svrs.rs.gov.br/ws/nfeinutilizacao/nfeinutilizacao2.asmx</NfeInutilizacao2>
      <NfeConsulta2 service='NfeConsultaProtocolo' versao='3.10'>https://nfe.svrs.rs.gov.br/ws/NfeConsulta/NfeConsulta2.asmx</NfeConsulta2>
      <NfeStatusServico2 service='NfeStatusServico' versao='3.10'>https://nfe.svrs.rs.gov.br/ws/NfeStatusServico/NfeStatusServico2.asmx</NfeStatusServico2>
      <CadConsultaCadastro2 service='NfeConsultaCadastro' versao='2.00'>https://cad.svrs.rs.gov.br/ws/cadconsultacadastro/cadconsultacadastro2.asmx</CadConsultaCadastro2>
      <RecepcaoEvento service='RecepcaoEvento' versao='1.00'>https://nfe.svrs.rs.gov.br/ws/recepcaoevento/recepcaoevento.asmx</RecepcaoEvento>
    </producao>
  </UF>
  <UF>
    <sigla>PE</sigla>
    <!--  SEFAZ PERNAMBUCO - PROPRIO  -->
    <homologacao>
      <NfeAutorizacao service='NFeAutorizacao' versao='3.10'>https://nfehomolog.sefaz.pe.gov.br/nfe-service/services/NfeAutorizacao</NfeAutorizacao>
      <NfeRetAutorizacao service='NFeRetAutorizacao' versao='3.10'>https://nfehomolog.sefaz.pe.gov.br/nfe-service/services/NfeRetAutorizacao</NfeRetAutorizacao>
      <NfeInutilizacao2 service='NfeInutilizacao' versao='3.10'>https://nfehomolog.sefaz.pe.gov.br/nfe-service/services/NfeInutilizacao2</NfeInutilizacao2>
      <NfeConsulta2 service='NfeConsultaProtocolo' versao='3.10'>https://nfehomolog.sefaz.pe.gov.br/nfe-service/services/NfeConsulta2</NfeConsulta2>
      <NfeStatusServico2 service='NfeStatusServico' versao='3.10'>https://nfehomolog.sefaz.pe.gov.br/nfe-service/services/NfeStatusServico2</NfeStatusServico2>
      <RecepcaoEvento service='RecepcaoEvento' versao='1.00'>https://nfehomolog.sefaz.pe.gov.br/nfe-service/services/RecepcaoEvento</RecepcaoEvento>
    </homologacao>
    <!--  SEFAZ PERNAMBUCO - PROPRIO  -->
    <producao>
      <NfeAutorizacao service='NFeAutorizacao' versao='3.10'>https://nfe.sefaz.pe.gov.br/nfe-service/services/NfeAutorizacao</NfeAutorizacao>
      <NfeRetAutorizacao service='NFeRetAutorizacao' versao='3.10'>https://nfe.sefaz.pe.gov.br/nfe-service/services/NfeRetAutorizacao</NfeRetAutorizacao>
      <NfeInutilizacao2 service='NfeInutilizacao' versao='3.10'>https://nfe.sefaz.pe.gov.br/nfe-service/services/NfeInutilizacao2</NfeInutilizacao2>
      <NfeConsulta2 service='NfeConsultaProtocolo' versao='3.10'>https://nfe.sefaz.pe.gov.br/nfe-service/services/NfeConsulta2</NfeConsulta2>
      <NfeStatusServico2 service='NfeStatusServico' versao='3.10'>https://nfe.sefaz.pe.gov.br/nfe-service/services/NfeStatusServico2</NfeStatusServico2>
      <CadConsultaCadastro2 service='NfeConsultaCadastro' versao='2.00'>https://nfe.sefaz.pe.gov.br/nfe-service/services/CadConsultaCadastro2</CadConsultaCadastro2>
      <RecepcaoEvento service='RecepcaoEvento' versao='1.00'>https://nfe.sefaz.pe.gov.br/nfe-service/services/RecepcaoEvento</RecepcaoEvento>
    </producao>
  </UF>
  <UF>
    <sigla>PI</sigla>
    <!--  SEFAZ VIRTUAL RIO GRANDE DO SUL  -->
    <!--  SVRS  -->
    <homologacao>
      <NfeAutorizacao service='NFeAutorizacao' versao='3.10'>https://nfe-homologacao.svrs.rs.gov.br/ws/NfeAutorizacao/NFeAutorizacao.asmx</NfeAutorizacao>
      <NfeRetAutorizacao service='NFeRetAutorizacao' versao='3.10'>https://nfe-homologacao.svrs.rs.gov.br/ws/NfeRetAutorizacao/NFeRetAutorizacao.asmx</NfeRetAutorizacao>
      <NfeInutilizacao2 service='NfeInutilizacao' versao='3.10'>https://nfe-homologacao.svrs.rs.gov.br/ws/nfeinutilizacao/nfeinutilizacao2.asmx</NfeInutilizacao2>
      <NfeConsulta2 service='NfeConsultaProtocolo' versao='3.10'>https://nfe-homologacao.svrs.rs.gov.br/ws/NfeConsulta/NfeConsulta2.asmx</NfeConsulta2>
      <NfeStatusServico2 service='NfeStatusServico' versao='3.10'>https://nfe-homologacao.svrs.rs.gov.br/ws/NfeStatusServico/NfeStatusServico2.asmx</NfeStatusServico2>
      <CadConsultaCadastro2 service='NfeConsultaCadastro' versao='2.00'>https://cad.svrs.rs.gov.br/ws/cadconsultacadastro/cadconsultacadastro2.asmx</CadConsultaCadastro2>
      <RecepcaoEvento service='nfeRecepcaoEvento' versao='1.00'>https://nfe-homologacao.svrs.rs.gov.br/ws/recepcaoevento/recepcaoevento.asmx</RecepcaoEvento>
    </homologacao>
    <!--  SVRS  -->
    <producao>
      <NfeAutorizacao service='NFeAutorizacao' versao='3.10'>https://nfe.svrs.rs.gov.br/ws/NfeAutorizacao/NFeAutorizacao.asmx</NfeAutorizacao>
      <NfeRetAutorizacao service='NFeRetAutorizacao' versao='3.10'>https://nfe.svrs.rs.gov.br/ws/NfeRetAutorizacao/NFeRetAutorizacao.asmx</NfeRetAutorizacao>
      <NfeInutilizacao2 service='NfeInutilizacao' versao='3.10'>https://nfe.svrs.rs.gov.br/ws/nfeinutilizacao/nfeinutilizacao2.asmx</NfeInutilizacao2>
      <NfeConsulta2 service='NfeConsultaProtocolo' versao='3.10'>https://nfe.svrs.rs.gov.br/ws/NfeConsulta/NfeConsulta2.asmx</NfeConsulta2>
      <NfeStatusServico2 service='NfeStatusServico' versao='3.10'>https://nfe.svrs.rs.gov.br/ws/NfeStatusServico/NfeStatusServico2.asmx</NfeStatusServico2>
      <CadConsultaCadastro2 service='NfeConsultaCadastro' versao='2.00'>https://cad.svrs.rs.gov.br/ws/cadconsultacadastro/cadconsultacadastro2.asmx</CadConsultaCadastro2>
      <RecepcaoEvento service='RecepcaoEvento' versao='1.00'>https://nfe.svrs.rs.gov.br/ws/recepcaoevento/recepcaoevento.asmx</RecepcaoEvento>
    </producao>
  </UF>
  <UF>
    <sigla>PR</sigla>
    <!--  SEFAZ PARANÁ - PROPRIO  -->
    <homologacao>
      <NfeAutorizacao service='NFeAutorizacao' versao='3.10'>https://homologacao.nfe.fazenda.pr.gov.br/nfe/NFeAutorizacao3</NfeAutorizacao>
      <NfeRetAutorizacao service='NFeRetAutorizacao' versao='3.10'>https://homologacao.nfe.fazenda.pr.gov.br/nfe/NFeRetAutorizacao3</NfeRetAutorizacao>
      <NfeInutilizacao2 service='NfeInutilizacao' versao='3.10'>https://homologacao.nfe.fazenda.pr.gov.br/nfe/NFeInutilizacao3</NfeInutilizacao2>
      <NfeConsulta2 service='NfeConsultaProtocolo' versao='3.10'>https://homologacao.nfe.fazenda.pr.gov.br/nfe/NFeConsulta3</NfeConsulta2>
      <NfeStatusServico2 service='NfeStatusServico' versao='3.10'>https://homologacao.nfe.fazenda.pr.gov.br/nfe/NFeStatusServico3</NfeStatusServico2>
      <CadConsultaCadastro2 service='NfeConsultaCadastro' versao='2.00'>https://homologacao.nfe.fazenda.pr.gov.br/nfe/CadConsultaCadastro2</CadConsultaCadastro2>
      <RecepcaoEvento service='RecepcaoEvento' versao='1.00'>https://homologacao.nfe.fazenda.pr.gov.br/nfe/NFeRecepcaoEvento</RecepcaoEvento>
    </homologacao>
    <!--  SEFAZ PARANÁ - PROPRIO  -->
    <producao>
      <NfeAutorizacao service='NFeAutorizacao' versao='3.10'>https://nfe.fazenda.pr.gov.br/nfe/NFeAutorizacao3</NfeAutorizacao>
      <NfeRetAutorizacao service='NFeRetAutorizacao' versao='3.10'>https://nfe.fazenda.pr.gov.br/nfe/NFeRetAutorizacao3</NfeRetAutorizacao>
      <NfeInutilizacao2 service='NfeInutilizacao' versao='3.10'>https://nfe.fazenda.pr.gov.br/nfe/NFeInutilizacao3</NfeInutilizacao2>
      <NfeConsulta2 service='NfeConsultaProtocolo' versao='3.10'>https://nfe.fazenda.pr.gov.br/nfe/NFeConsulta3</NfeConsulta2>
      <NfeStatusServico2 service='NfeStatusServico' versao='3.10'>https://nfe.fazenda.pr.gov.br/nfe/NFeStatusServico3</NfeStatusServico2>
      <CadConsultaCadastro2 service='NfeConsultaCadastro' versao='2.00'>https://nfe.fazenda.pr.gov.br/nfe/CadConsultaCadastro2</CadConsultaCadastro2>
      <RecepcaoEvento service='RecepcaoEvento' versao='1.00'>https://nfe.fazenda.pr.gov.br/nfe/NFeRecepcaoEvento</RecepcaoEvento>
    </producao>
  </UF>
  <UF>
    <sigla>RJ</sigla>
    <!--  SEFAZ VIRTUAL RIO GRANDE DO SUL  -->
    <!--  SVRS  -->
    <homologacao>
      <NfeAutorizacao service='NFeAutorizacao' versao='3.10'>https://nfe-homologacao.svrs.rs.gov.br/ws/NfeAutorizacao/NFeAutorizacao.asmx</NfeAutorizacao>
      <NfeRetAutorizacao service='NFeRetAutorizacao' versao='3.10'>https://nfe-homologacao.svrs.rs.gov.br/ws/NfeRetAutorizacao/NFeRetAutorizacao.asmx</NfeRetAutorizacao>
      <NfeInutilizacao2 service='NfeInutilizacao' versao='3.10'>https://nfe-homologacao.svrs.rs.gov.br/ws/nfeinutilizacao/nfeinutilizacao2.asmx</NfeInutilizacao2>
      <NfeConsulta2 service='NfeConsultaProtocolo' versao='3.10'>https://nfe-homologacao.svrs.rs.gov.br/ws/NfeConsulta/NfeConsulta2.asmx</NfeConsulta2>
      <NfeStatusServico2 service='NfeStatusServico' versao='3.10'>https://nfe-homologacao.svrs.rs.gov.br/ws/NfeStatusServico/NfeStatusServico2.asmx</NfeStatusServico2>
      <CadConsultaCadastro2 service='NfeConsultaCadastro' versao='2.00'>https://cad.svrs.rs.gov.br/ws/cadconsultacadastro/cadconsultacadastro2.asmx</CadConsultaCadastro2>
      <RecepcaoEvento service='nfeRecepcaoEvento' versao='1.00'>https://nfe-homologacao.svrs.rs.gov.br/ws/recepcaoevento/recepcaoevento.asmx</RecepcaoEvento>
    </homologacao>
    <!--  SVRS  -->
    <producao>
      <NfeAutorizacao service='NFeAutorizacao' versao='3.10'>https://nfe.svrs.rs.gov.br/ws/NfeAutorizacao/NFeAutorizacao.asmx</NfeAutorizacao>
      <NfeRetAutorizacao service='NFeRetAutorizacao' versao='3.10'>https://nfe.svrs.rs.gov.br/ws/NfeRetAutorizacao/NFeRetAutorizacao.asmx</NfeRetAutorizacao>
      <NfeInutilizacao2 service='NfeInutilizacao' versao='3.10'>https://nfe.svrs.rs.gov.br/ws/nfeinutilizacao/nfeinutilizacao2.asmx</NfeInutilizacao2>
      <NfeConsulta2 service='NfeConsultaProtocolo' versao='3.10'>https://nfe.svrs.rs.gov.br/ws/NfeConsulta/NfeConsulta2.asmx</NfeConsulta2>
      <NfeStatusServico2 service='NfeStatusServico' versao='3.10'>https://nfe.svrs.rs.gov.br/ws/NfeStatusServico/NfeStatusServico2.asmx</NfeStatusServico2>
      <CadConsultaCadastro2 service='NfeConsultaCadastro' versao='2.00'>https://cad.svrs.rs.gov.br/ws/cadconsultacadastro/cadconsultacadastro2.asmx</CadConsultaCadastro2>
      <RecepcaoEvento service='RecepcaoEvento' versao='1.00'>https://nfe.svrs.rs.gov.br/ws/recepcaoevento/recepcaoevento.asmx</RecepcaoEvento>
    </producao>
  </UF>
  <UF>
    <sigla>RN</sigla>
    <!-- SEFAZ VIRTUAL RIO GRANDE DO SUL -->
    <!--  SVRS  -->
    <homologacao>
      <NfeAutorizacao service='NFeAutorizacao' versao='3.10'>https://nfe-homologacao.svrs.rs.gov.br/ws/NfeAutorizacao/NFeAutorizacao.asmx</NfeAutorizacao>
      <NfeRetAutorizacao service='NFeRetAutorizacao' versao='3.10'>https://nfe-homologacao.svrs.rs.gov.br/ws/NfeRetAutorizacao/NFeRetAutorizacao.asmx</NfeRetAutorizacao>
      <NfeInutilizacao2 service='NfeInutilizacao' versao='3.10'>https://nfe-homologacao.svrs.rs.gov.br/ws/nfeinutilizacao/nfeinutilizacao2.asmx</NfeInutilizacao2>
      <NfeConsulta2 service='NfeConsultaProtocolo' versao='3.10'>https://nfe-homologacao.svrs.rs.gov.br/ws/NfeConsulta/NfeConsulta2.asmx</NfeConsulta2>
      <NfeStatusServico2 service='NfeStatusServico' versao='3.10'>https://nfe-homologacao.svrs.rs.gov.br/ws/NfeStatusServico/NfeStatusServico2.asmx</NfeStatusServico2>
      <CadConsultaCadastro2 service='NfeConsultaCadastro' versao='2.00'>https://cad.svrs.rs.gov.br/ws/cadconsultacadastro/cadconsultacadastro2.asmx</CadConsultaCadastro2>
      <RecepcaoEvento service='nfeRecepcaoEvento' versao='1.00'>https://nfe-homologacao.svrs.rs.gov.br/ws/recepcaoevento/recepcaoevento.asmx</RecepcaoEvento>
    </homologacao>
    <!--  SVRS  -->
    <producao>
      <NfeAutorizacao service='NFeAutorizacao' versao='3.10'>https://nfe.svrs.rs.gov.br/ws/NfeAutorizacao/NFeAutorizacao.asmx</NfeAutorizacao>
      <NfeRetAutorizacao service='NFeRetAutorizacao' versao='3.10'>https://nfe.svrs.rs.gov.br/ws/NfeRetAutorizacao/NFeRetAutorizacao.asmx</NfeRetAutorizacao>
      <NfeInutilizacao2 service='NfeInutilizacao' versao='3.10'>https://nfe.svrs.rs.gov.br/ws/nfeinutilizacao/nfeinutilizacao2.asmx</NfeInutilizacao2>
      <NfeConsulta2 service='NfeConsultaProtocolo' versao='3.10'>https://nfe.svrs.rs.gov.br/ws/NfeConsulta/NfeConsulta2.asmx</NfeConsulta2>
      <NfeStatusServico2 service='NfeStatusServico' versao='3.10'>https://nfe.svrs.rs.gov.br/ws/NfeStatusServico/NfeStatusServico2.asmx</NfeStatusServico2>
      <CadConsultaCadastro2 service='NfeConsultaCadastro' versao='2.00'>https://cad.svrs.rs.gov.br/ws/cadconsultacadastro/cadconsultacadastro2.asmx</CadConsultaCadastro2>
      <RecepcaoEvento service='RecepcaoEvento' versao='1.00'>https://nfe.svrs.rs.gov.br/ws/recepcaoevento/recepcaoevento.asmx</RecepcaoEvento>
    </producao>
  </UF>
  <UF>
    <sigla>RO</sigla>
    <!--  SEFAZ VIRTUAL RIO GRANDE DO SUL  -->
    <!--  SVRS  -->
    <homologacao>
      <NfeAutorizacao service='NFeAutorizacao' versao='3.10'>https://nfe-homologacao.svrs.rs.gov.br/ws/NfeAutorizacao/NFeAutorizacao.asmx</NfeAutorizacao>
      <NfeRetAutorizacao service='NFeRetAutorizacao' versao='3.10'>https://nfe-homologacao.svrs.rs.gov.br/ws/NfeRetAutorizacao/NFeRetAutorizacao.asmx</NfeRetAutorizacao>
      <NfeInutilizacao2 service='NfeInutilizacao' versao='3.10'>https://nfe-homologacao.svrs.rs.gov.br/ws/nfeinutilizacao/nfeinutilizacao2.asmx</NfeInutilizacao2>
      <NfeConsulta2 service='NfeConsultaProtocolo' versao='3.10'>https://nfe-homologacao.svrs.rs.gov.br/ws/NfeConsulta/NfeConsulta2.asmx</NfeConsulta2>
      <NfeStatusServico2 service='NfeStatusServico' versao='3.10'>https://nfe-homologacao.svrs.rs.gov.br/ws/NfeStatusServico/NfeStatusServico2.asmx</NfeStatusServico2>
      <CadConsultaCadastro2 service='NfeConsultaCadastro' versao='2.00'>https://cad.svrs.rs.gov.br/ws/cadconsultacadastro/cadconsultacadastro2.asmx</CadConsultaCadastro2>
      <RecepcaoEvento service='nfeRecepcaoEvento' versao='1.00'>https://nfe-homologacao.svrs.rs.gov.br/ws/recepcaoevento/recepcaoevento.asmx</RecepcaoEvento>
    </homologacao>
    <!--  SVRS  -->
    <producao>
      <NfeAutorizacao service='NFeAutorizacao' versao='3.10'>https://nfe.svrs.rs.gov.br/ws/NfeAutorizacao/NFeAutorizacao.asmx</NfeAutorizacao>
      <NfeRetAutorizacao service='NFeRetAutorizacao' versao='3.10'>https://nfe.svrs.rs.gov.br/ws/NfeRetAutorizacao/NFeRetAutorizacao.asmx</NfeRetAutorizacao>
      <NfeInutilizacao2 service='NfeInutilizacao' versao='3.10'>https://nfe.svrs.rs.gov.br/ws/nfeinutilizacao/nfeinutilizacao2.asmx</NfeInutilizacao2>
      <NfeConsulta2 service='NfeConsultaProtocolo' versao='3.10'>https://nfe.svrs.rs.gov.br/ws/NfeConsulta/NfeConsulta2.asmx</NfeConsulta2>
      <NfeStatusServico2 service='NfeStatusServico' versao='3.10'>https://nfe.svrs.rs.gov.br/ws/NfeStatusServico/NfeStatusServico2.asmx</NfeStatusServico2>
      <CadConsultaCadastro2 service='NfeConsultaCadastro' versao='2.00'>https://cad.svrs.rs.gov.br/ws/cadconsultacadastro/cadconsultacadastro2.asmx</CadConsultaCadastro2>
      <RecepcaoEvento service='RecepcaoEvento' versao='1.00'>https://nfe.svrs.rs.gov.br/ws/recepcaoevento/recepcaoevento.asmx</RecepcaoEvento>
    </producao>
  </UF>
  <UF>
    <sigla>RR</sigla>
    <!--  SEFAZ VIRTUAL RIO GRANDE DO SUL  -->
    <!--  SVRS  -->
    <homologacao>
      <NfeAutorizacao service='NFeAutorizacao' versao='3.10'>https://nfe-homologacao.svrs.rs.gov.br/ws/NfeAutorizacao/NFeAutorizacao.asmx</NfeAutorizacao>
      <NfeRetAutorizacao service='NFeRetAutorizacao' versao='3.10'>https://nfe-homologacao.svrs.rs.gov.br/ws/NfeRetAutorizacao/NFeRetAutorizacao.asmx</NfeRetAutorizacao>
      <NfeInutilizacao2 service='NfeInutilizacao' versao='3.10'>https://nfe-homologacao.svrs.rs.gov.br/ws/nfeinutilizacao/nfeinutilizacao2.asmx</NfeInutilizacao2>
      <NfeConsulta2 service='NfeConsultaProtocolo' versao='3.10'>https://nfe-homologacao.svrs.rs.gov.br/ws/NfeConsulta/NfeConsulta2.asmx</NfeConsulta2>
      <NfeStatusServico2 service='NfeStatusServico' versao='3.10'>https://nfe-homologacao.svrs.rs.gov.br/ws/NfeStatusServico/NfeStatusServico2.asmx</NfeStatusServico2>
      <CadConsultaCadastro2 service='NfeConsultaCadastro' versao='2.00'>https://cad.svrs.rs.gov.br/ws/cadconsultacadastro/cadconsultacadastro2.asmx</CadConsultaCadastro2>
      <RecepcaoEvento service='nfeRecepcaoEvento' versao='1.00'>https://nfe-homologacao.svrs.rs.gov.br/ws/recepcaoevento/recepcaoevento.asmx</RecepcaoEvento>
    </homologacao>
    <!--  SVRS  -->
    <producao>
      <NfeAutorizacao service='NFeAutorizacao' versao='3.10'>https://nfe.svrs.rs.gov.br/ws/NfeAutorizacao/NFeAutorizacao.asmx</NfeAutorizacao>
      <NfeRetAutorizacao service='NFeRetAutorizacao' versao='3.10'>https://nfe.svrs.rs.gov.br/ws/NfeRetAutorizacao/NFeRetAutorizacao.asmx</NfeRetAutorizacao>
      <NfeInutilizacao2 service='NfeInutilizacao' versao='3.10'>https://nfe.svrs.rs.gov.br/ws/nfeinutilizacao/nfeinutilizacao2.asmx</NfeInutilizacao2>
      <NfeConsulta2 service='NfeConsultaProtocolo' versao='3.10'>https://nfe.svrs.rs.gov.br/ws/NfeConsulta/NfeConsulta2.asmx</NfeConsulta2>
      <NfeStatusServico2 service='NfeStatusServico' versao='3.10'>https://nfe.svrs.rs.gov.br/ws/NfeStatusServico/NfeStatusServico2.asmx</NfeStatusServico2>
      <CadConsultaCadastro2 service='NfeConsultaCadastro' versao='2.00'>https://cad.svrs.rs.gov.br/ws/cadconsultacadastro/cadconsultacadastro2.asmx</CadConsultaCadastro2>
      <RecepcaoEvento service='RecepcaoEvento' versao='1.00'>https://nfe.svrs.rs.gov.br/ws/recepcaoevento/recepcaoevento.asmx</RecepcaoEvento>
    </producao>
  </UF>
  <UF>
    <sigla>RS</sigla>
    <!--  SEFAZ PROPRIA  -->
    <homologacao>
      <NfeAutorizacao service='NFeAutorizacao' versao='3.10'>https://nfe-homologacao.sefazrs.rs.gov.br/ws/NfeAutorizacao/NFeAutorizacao.asmx</NfeAutorizacao>
      <NfeRetAutorizacao service='NFeRetAutorizacao' versao='3.10'>https://nfe-homologacao.sefazrs.rs.gov.br/ws/NfeRetAutorizacao/NFeRetAutorizacao.asmx</NfeRetAutorizacao>
      <NfeInutilizacao2 service='NfeInutilizacao' versao='3.10'>https://nfe-homologacao.sefazrs.rs.gov.br/ws/nfeinutilizacao/nfeinutilizacao2.asmx</NfeInutilizacao2>
      <NfeConsulta2 service='NfeConsultaProtocolo' versao='3.10'>https://nfe-homologacao.sefazrs.rs.gov.br/ws/NfeConsulta/NfeConsulta2.asmx</NfeConsulta2>
      <NfeStatusServico2 service='NfeStatusServico' versao='3.10'>https://nfe-homologacao.sefazrs.rs.gov.br/ws/NfeStatusServico/NfeStatusServico2.asmx</NfeStatusServico2>
      <CadConsultaCadastro2 service='NfeConsultaCadastro' versao='2.00'>https://cad.sefazrs.rs.gov.br/ws/cadconsultacadastro/cadconsultacadastro2.asmx</CadConsultaCadastro2>
      <RecepcaoEvento service='RecepcaoEvento' versao='1.00'>https://nfe-homologacao.sefazrs.rs.gov.br/ws/recepcaoevento/recepcaoevento.asmx</RecepcaoEvento>
    </homologacao>
    <!--  SEFAZ PROPRIA  -->
    <producao>
      <NfeAutorizacao service='NFeAutorizacao' versao='3.10'>https://nfe.sefazrs.rs.gov.br/ws/NfeAutorizacao/NFeAutorizacao.asmx</NfeAutorizacao>
      <NfeRetAutorizacao service='NFeRetAutorizacao' versao='3.10'>https://nfe.sefazrs.rs.gov.br/ws/NfeRetAutorizacao/NFeRetAutorizacao.asmx</NfeRetAutorizacao>
      <NfeInutilizacao2 service='NfeInutilizacao' versao='3.10'>https://nfe.sefazrs.rs.gov.br/ws/nfeinutilizacao/nfeinutilizacao2.asmx</NfeInutilizacao2>
      <NfeConsulta2 service='NfeConsultaProtocolo' versao='3.10'>https://nfe.sefazrs.rs.gov.br/ws/NfeConsulta/NfeConsulta2.asmx</NfeConsulta2>
      <NfeStatusServico2 service='NfeStatusServico' versao='3.10'>https://nfe.sefazrs.rs.gov.br/ws/NfeStatusServico/NfeStatusServico2.asmx</NfeStatusServico2>
      <CadConsultaCadastro2 service='NfeConsultaCadastro' versao='2.00'>https://cad.sefazrs.rs.gov.br/ws/cadconsultacadastro/cadconsultacadastro2.asmx</CadConsultaCadastro2>
      <RecepcaoEvento service='RecepcaoEvento' versao='1.00'>https://nfe.sefazrs.rs.gov.br/ws/recepcaoevento/recepcaoevento.asmx</RecepcaoEvento>
    </producao>
  </UF>
  <UF>
    <sigla>SC</sigla>
    <!--  SEFAZ VIRTUAL RIO GRANDE DO SUL  -->
    <!--  SVRS  -->
    <homologacao>
      <NfeAutorizacao service='NFeAutorizacao' versao='3.10'>https://nfe-homologacao.svrs.rs.gov.br/ws/NfeAutorizacao/NFeAutorizacao.asmx</NfeAutorizacao>
      <NfeRetAutorizacao service='NFeRetAutorizacao' versao='3.10'>https://nfe-homologacao.svrs.rs.gov.br/ws/NfeRetAutorizacao/NFeRetAutorizacao.asmx</NfeRetAutorizacao>
      <NfeInutilizacao2 service='NfeInutilizacao' versao='3.10'>https://nfe-homologacao.svrs.rs.gov.br/ws/nfeinutilizacao/nfeinutilizacao2.asmx</NfeInutilizacao2>
      <NfeConsulta2 service='NfeConsultaProtocolo' versao='3.10'>https://nfe-homologacao.svrs.rs.gov.br/ws/NfeConsulta/NfeConsulta2.asmx</NfeConsulta2>
      <NfeStatusServico2 service='NfeStatusServico' versao='3.10'>https://nfe-homologacao.svrs.rs.gov.br/ws/NfeStatusServico/NfeStatusServico2.asmx</NfeStatusServico2>
      <CadConsultaCadastro2 service='NfeConsultaCadastro' versao='2.00'>https://cad.svrs.rs.gov.br/ws/cadconsultacadastro/cadconsultacadastro2.asmx</CadConsultaCadastro2>
      <RecepcaoEvento service='nfeRecepcaoEvento' versao='1.00'>https://nfe-homologacao.svrs.rs.gov.br/ws/recepcaoevento/recepcaoevento.asmx</RecepcaoEvento>
    </homologacao>
    <!--  SVRS  -->
    <producao>
      <NfeAutorizacao service='NFeAutorizacao' versao='3.10'>https://nfe.svrs.rs.gov.br/ws/NfeAutorizacao/NFeAutorizacao.asmx</NfeAutorizacao>
      <NfeRetAutorizacao service='NFeRetAutorizacao' versao='3.10'>https://nfe.svrs.rs.gov.br/ws/NfeRetAutorizacao/NFeRetAutorizacao.asmx</NfeRetAutorizacao>
      <NfeInutilizacao2 service='NfeInutilizacao' versao='3.10'>https://nfe.svrs.rs.gov.br/ws/nfeinutilizacao/nfeinutilizacao2.asmx</NfeInutilizacao2>
      <NfeConsulta2 service='NfeConsultaProtocolo' versao='3.10'>https://nfe.svrs.rs.gov.br/ws/NfeConsulta/NfeConsulta2.asmx</NfeConsulta2>
      <NfeStatusServico2 service='NfeStatusServico' versao='3.10'>https://nfe.svrs.rs.gov.br/ws/NfeStatusServico/NfeStatusServico2.asmx</NfeStatusServico2>
      <CadConsultaCadastro2 service='NfeConsultaCadastro' versao='2.00'>https://cad.svrs.rs.gov.br/ws/cadconsultacadastro/cadconsultacadastro2.asmx</CadConsultaCadastro2>
      <RecepcaoEvento service='RecepcaoEvento' versao='1.00'>https://nfe.svrs.rs.gov.br/ws/recepcaoevento/recepcaoevento.asmx</RecepcaoEvento>
    </producao>
  </UF>
  <UF>
    <sigla>SE</sigla>
    <!--  SEFAZ VIRTUAL RIO GRANDE DO SUL  -->
    <!--  SVRS  -->
    <homologacao>
      <NfeAutorizacao service='NFeAutorizacao' versao='3.10'>https://nfe-homologacao.svrs.rs.gov.br/ws/NfeAutorizacao/NFeAutorizacao.asmx</NfeAutorizacao>
      <NfeRetAutorizacao service='NFeRetAutorizacao' versao='3.10'>https://nfe-homologacao.svrs.rs.gov.br/ws/NfeRetAutorizacao/NFeRetAutorizacao.asmx</NfeRetAutorizacao>
      <NfeInutilizacao2 service='NfeInutilizacao' versao='3.10'>https://nfe-homologacao.svrs.rs.gov.br/ws/nfeinutilizacao/nfeinutilizacao2.asmx</NfeInutilizacao2>
      <NfeConsulta2 service='NfeConsultaProtocolo' versao='3.10'>https://nfe-homologacao.svrs.rs.gov.br/ws/NfeConsulta/NfeConsulta2.asmx</NfeConsulta2>
      <NfeStatusServico2 service='NfeStatusServico' versao='3.10'>https://nfe-homologacao.svrs.rs.gov.br/ws/NfeStatusServico/NfeStatusServico2.asmx</NfeStatusServico2>
      <CadConsultaCadastro2 service='NfeConsultaCadastro' versao='2.00'>https://cad.svrs.rs.gov.br/ws/cadconsultacadastro/cadconsultacadastro2.asmx</CadConsultaCadastro2>
      <RecepcaoEvento service='nfeRecepcaoEvento' versao='1.00'>https://nfe-homologacao.svrs.rs.gov.br/ws/recepcaoevento/recepcaoevento.asmx</RecepcaoEvento>
    </homologacao>
    <!--  SVRS  -->
    <producao>
      <NfeAutorizacao service='NFeAutorizacao' versao='3.10'>https://nfe.svrs.rs.gov.br/ws/NfeAutorizacao/NFeAutorizacao.asmx</NfeAutorizacao>
      <NfeRetAutorizacao service='NFeRetAutorizacao' versao='3.10'>https://nfe.svrs.rs.gov.br/ws/NfeRetAutorizacao/NFeRetAutorizacao.asmx</NfeRetAutorizacao>
      <NfeInutilizacao2 service='NfeInutilizacao' versao='3.10'>https://nfe.svrs.rs.gov.br/ws/nfeinutilizacao/nfeinutilizacao2.asmx</NfeInutilizacao2>
      <NfeConsulta2 service='NfeConsultaProtocolo' versao='3.10'>https://nfe.svrs.rs.gov.br/ws/NfeConsulta/NfeConsulta2.asmx</NfeConsulta2>
      <NfeStatusServico2 service='NfeStatusServico' versao='3.10'>https://nfe.svrs.rs.gov.br/ws/NfeStatusServico/NfeStatusServico2.asmx</NfeStatusServico2>
      <CadConsultaCadastro2 service='NfeConsultaCadastro' versao='2.00'>https://cad.svrs.rs.gov.br/ws/cadconsultacadastro/cadconsultacadastro2.asmx</CadConsultaCadastro2>
      <RecepcaoEvento service='RecepcaoEvento' versao='1.00'>https://nfe.svrs.rs.gov.br/ws/recepcaoevento/recepcaoevento.asmx</RecepcaoEvento>
    </producao>
  </UF>
  <UF>
    <sigla>SP</sigla>
    <homologacao>
      <NfeAutorizacao service='NFeAutorizacao' versao='3.10'>https://homologacao.nfe.fazenda.sp.gov.br/ws/nfeautorizacao.asmx</NfeAutorizacao>
      <NfeRetAutorizacao service='NFeRetAutorizacao' versao='3.10'>https://homologacao.nfe.fazenda.sp.gov.br/ws/nferetautorizacao.asmx</NfeRetAutorizacao>
      <NfeInutilizacao2 service='NfeInutilizacao' versao='3.10'>https://homologacao.nfe.fazenda.sp.gov.br/ws/nfeinutilizacao2.asmx</NfeInutilizacao2>
      <NfeConsulta2 service='NfeConsultaProtocolo' versao='3.10'>https://homologacao.nfe.fazenda.sp.gov.br/ws/nfeconsulta2.asmx</NfeConsulta2>
      <NfeStatusServico2 service='NfeStatusServico' versao='3.10'>https://homologacao.nfe.fazenda.sp.gov.br/ws/nfestatusservico2.asmx</NfeStatusServico2>
      <CadConsultaCadastro2 service='NfeConsultaCadastro' versao='2.00'>https://homologacao.nfe.fazenda.sp.gov.br/ws/cadconsultacadastro2.asmx</CadConsultaCadastro2>
      <RecepcaoEvento service='nfeRecepcaoEvento' versao='1.00'>https://homologacao.nfe.fazenda.sp.gov.br/ws/recepcaoevento.asmx</RecepcaoEvento>
    </homologacao>
    <producao>
      <NfeAutorizacao service='NFeAutorizacao' versao='3.10'>https://nfe.fazenda.sp.gov.br/ws/nfeautorizacao.asmx</NfeAutorizacao>
      <NfeRetAutorizacao service='NFeRetAutorizacao' versao='3.10'>https://nfe.fazenda.sp.gov.br/ws/nferetautorizacao.asmx</NfeRetAutorizacao>
      <NfeInutilizacao2 service='NfeInutilizacao' versao='3.10'>https://nfe.fazenda.sp.gov.br/ws/nfeinutilizacao2.asmx</NfeInutilizacao2>
      <NfeConsulta2 service='NfeConsultaProtocolo' versao='3.10'>https://nfe.fazenda.sp.gov.br/ws/nfeconsulta2.asmx</NfeConsulta2>
      <NfeStatusServico2 service='NfeStatusServico' versao='3.10'>https://nfe.fazenda.sp.gov.br/ws/nfestatusservico2.asmx</NfeStatusServico2>
      <CadConsultaCadastro2 service='NfeConsultaCadastro' versao='2.00'>https://nfe.fazenda.sp.gov.br/ws/cadconsultacadastro2.asmx</CadConsultaCadastro2>
      <RecepcaoEvento service='RecepcaoEvento' versao='1.00'>https://nfe.fazenda.sp.gov.br/ws/recepcaoevento.asmx</RecepcaoEvento>
    </producao>
  </UF>
  <UF>
    <sigla>TO</sigla>
    <!--  SEFAZ VIRTUAL RIO GRANDE DO SUL  -->
    <!--  SVRS  -->
    <homologacao>
      <NfeAutorizacao service='NFeAutorizacao' versao='3.10'>https://nfe-homologacao.svrs.rs.gov.br/ws/NfeAutorizacao/NFeAutorizacao.asmx</NfeAutorizacao>
      <NfeRetAutorizacao service='NFeRetAutorizacao' versao='3.10'>https://nfe-homologacao.svrs.rs.gov.br/ws/NfeRetAutorizacao/NFeRetAutorizacao.asmx</NfeRetAutorizacao>
      <NfeInutilizacao2 service='NfeInutilizacao' versao='3.10'>https://nfe-homologacao.svrs.rs.gov.br/ws/nfeinutilizacao/nfeinutilizacao2.asmx</NfeInutilizacao2>
      <NfeConsulta2 service='NfeConsultaProtocolo' versao='3.10'>https://nfe-homologacao.svrs.rs.gov.br/ws/NfeConsulta/NfeConsulta2.asmx</NfeConsulta2>
      <NfeStatusServico2 service='NfeStatusServico' versao='3.10'>https://nfe-homologacao.svrs.rs.gov.br/ws/NfeStatusServico/NfeStatusServico2.asmx</NfeStatusServico2>
      <CadConsultaCadastro2 service='NfeConsultaCadastro' versao='2.00'>https://cad.svrs.rs.gov.br/ws/cadconsultacadastro/cadconsultacadastro2.asmx</CadConsultaCadastro2>
      <RecepcaoEvento service='nfeRecepcaoEvento' versao='1.00'>https://nfe-homologacao.svrs.rs.gov.br/ws/recepcaoevento/recepcaoevento.asmx</RecepcaoEvento>
    </homologacao>
    <!--  SVRS  -->
    <producao>
      <NfeAutorizacao service='NFeAutorizacao' versao='3.10'>https://nfe.svrs.rs.gov.br/ws/NfeAutorizacao/NFeAutorizacao.asmx</NfeAutorizacao>
      <NfeRetAutorizacao service='NFeRetAutorizacao' versao='3.10'>https://nfe.svrs.rs.gov.br/ws/NfeRetAutorizacao/NFeRetAutorizacao.asmx</NfeRetAutorizacao>
      <NfeInutilizacao2 service='NfeInutilizacao' versao='3.10'>https://nfe.svrs.rs.gov.br/ws/nfeinutilizacao/nfeinutilizacao2.asmx</NfeInutilizacao2>
      <NfeConsulta2 service='NfeConsultaProtocolo' versao='3.10'>https://nfe.svrs.rs.gov.br/ws/NfeConsulta/NfeConsulta2.asmx</NfeConsulta2>
      <NfeStatusServico2 service='NfeStatusServico' versao='3.10'>https://nfe.svrs.rs.gov.br/ws/NfeStatusServico/NfeStatusServico2.asmx</NfeStatusServico2>
      <CadConsultaCadastro2 service='NfeConsultaCadastro' versao='2.00'>https://cad.svrs.rs.gov.br/ws/cadconsultacadastro/cadconsultacadastro2.asmx</CadConsultaCadastro2>
      <RecepcaoEvento service='RecepcaoEvento' versao='1.00'>https://nfe.svrs.rs.gov.br/ws/recepcaoevento/recepcaoevento.asmx</RecepcaoEvento>
    </producao>
  </UF>
  <UF>
    <sigla>SCAN</sigla>
    <!--  SISTEMA DE CONTINGENCIA DO AMBIENTE NACIONAL  -->
    <homologacao>
      <NfeRecepcao2 service='nfeRecepcaoLote2' versao='3.00'>https://hom.nfe.fazenda.gov.br/SCAN/NfeRecepcao2/NfeRecepcao2.asmx</NfeRecepcao2>
      <NfeRetRecepcao2 service='nfeRetRecepcao2' versao='3.00'>https://hom.nfe.fazenda.gov.br/SCAN/NfeRetRecepcao2/NfeRetRecepcao2.asmx</NfeRetRecepcao2>
      <NfeCancelamento2 service='nfeCancelamentoNF2' versao='2.00'>https://hom.nfe.fazenda.gov.br/SCAN/NfeCancelamento2/NfeCancelamento2.asmx</NfeCancelamento2>
      <NfeInutilizacao2 service='nfeInutilizacaoNF2' versao='3.00'>https://hom.nfe.fazenda.gov.br/SCAN/NfeInutilizacao2/NfeInutilizacao2.asmx</NfeInutilizacao2>
      <NfeConsulta2 service='nfeConsultaNF2' versao='3.00'>https://hom.nfe.fazenda.gov.br/SCAN/Nfeconsulta/NfeConsulta2.asmx</NfeConsulta2>
      <NfeStatusServico2 service='nfeStatusServicoNF2' versao='3.00'>https://hom.nfe.fazenda.gov.br/SCAN/NfeStatusServico2/NfeStatusServico2.asmx</NfeStatusServico2>
      <CadConsultaCadastro2 service='' versao=''></CadConsultaCadastro2>
    </homologacao>
    <producao>
      <NfeRecepcao2 service='nfeRecepcaoLote2' versao='3.00'>https://www.scan.fazenda.gov.br/NfeRecepcao2/NfeRecepcao2.asmx</NfeRecepcao2>
      <NfeRetRecepcao2 service='nfeRetRecepcao2' versao='3.00'>https://www.scan.fazenda.gov.br/NfeRetRecepcao2/NfeRetRecepcao2.asmx</NfeRetRecepcao2>
      <NfeCancelamento2 service='nfeCancelamentoNF2' versao='2.00'>https://www.scan.fazenda.gov.br/NfeCancelamento2/NfeCancelamento2.asmx</NfeCancelamento2>
      <NfeInutilizacao2 service='nfeInutilizacaoNF2' versao='3.00'>https://www.scan.fazenda.gov.br/NfeInutilizacao2/NfeInutilizacao2.asmx</NfeInutilizacao2>
      <NfeConsulta2 service='nfeConsultaNF2' versao='3.00'>https://www.scan.fazenda.gov.br/Nfeconsulta/NfeConsulta2.asmx</NfeConsulta2>
      <NfeStatusServico2 service='nfeStatusServicoNF2' versao='3.00'>https://www.scan.fazenda.gov.br/NfeStatusServico2/NfeStatusServico2.asmx</NfeStatusServico2>
      <CadConsultaCadastro2 service='' versao=''></CadConsultaCadastro2>
    </producao>
  </UF>
  <UF>
    <sigla>SVCAN</sigla>
    <!--  SEFAZ VIRTUAL CONTINGENCIA DO AMBIENTE NACIONAL  -->
    <homologacao>
      <NfeRecepcao2 service='nfeRecepcaoLote2' versao='2.00'>https://hom.svc.fazenda.gov.br/NfeRecepcao2/NfeRecepcao2.asmx</NfeRecepcao2>
      <NfeRetRecepcao2 service='nfeRetRecepcao2' versao='2.00'>https://hom.svc.fazenda.gov.br/NfeRetRecepcao2/NfeRetRecepcao2.asmx</NfeRetRecepcao2>
      <NfeConsulta2 service='nfeConsultaNF2' versao='3.10'>https://hom.svc.fazenda.gov.br/NfeConsulta2/NfeConsulta2.asmx</NfeConsulta2>
      <NfeStatusServico2 service='nfeStatusServicoNF2' versao='3.10'>https://hom.svc.fazenda.gov.br/NfeStatusServico2/NfeStatusServico2.asmx</NfeStatusServico2>
      <RecepcaoEvento service='RecepcaoEvento' versao='1.00'>https://hom.svc.fazenda.gov.br/RecepcaoEvento/RecepcaoEvento.asmx</RecepcaoEvento>
      <NfeAutorizacao service='NfeAutorizacao' versao='3.10'>https://hom.svc.fazenda.gov.br/NfeAutorizacao/NfeAutorizacao.asmx</NfeAutorizacao>
      <NfeRetAutorizacao service='NfeRetAutorizacao' versao='3.10'>https://hom.svc.fazenda.gov.br/NfeRetAutorizacao/NfeRetAutorizacao.asmx</NfeRetAutorizacao>
    </homologacao>
    <producao>
      <NfeRecepcao2 service='nfeRecepcaoLote2' versao='2.00'>https://www.svc.fazenda.gov.br/NfeRecepcao2/NfeRecepcao2.asmx</NfeRecepcao2>
      <NfeRetRecepcao2 service='nfeRetRecepcao2' versao='2.00'>https://www.svc.fazenda.gov.br/NfeRetRecepcao2/NfeRetRecepcao2.asmx</NfeRetRecepcao2>
      <NfeConsulta2 service='nfeConsultaNF2' versao='3.10'>https://www.svc.fazenda.gov.br/NfeConsulta2/NfeConsulta2.asmx</NfeConsulta2>
      <NfeStatusServico2 service='nfeStatusServicoNF2' versao='3.10'>https://www.svc.fazenda.gov.br/NfeStatusServico2/NfeStatusServico2.asmx</NfeStatusServico2>
      <RecepcaoEvento service='RecepcaoEvento' versao='1.00'>https://www.svc.fazenda.gov.br/RecepcaoEvento/RecepcaoEvento.asmx</RecepcaoEvento>
      <NfeAutorizacao service='NfeAutorizacao' versao='3.10'>https://www.svc.fazenda.gov.br/NfeAutorizacao/NfeAutorizacao.asmx</NfeAutorizacao>
      <NfeRetAutorizacao service='NfeRetAutorizacao' versao='3.10'>https://www.svc.fazenda.gov.br/NfeRetAutorizacao/NfeRetAutorizacao.asmx</NfeRetAutorizacao>
    </producao>
  </UF>
  <UF>
    <sigla>SVCRS</sigla>
    <!--  SEFAZ VIRTUAL CONTINGENCIA DO RIO GRANDE DO SUL  -->
    <homologacao>
      <NfeRecepcao2 service='nfeRecepcaoLote2' versao='2.00'>https://nfe-homologacao.svrs.rs.gov.br/ws/Nferecepcao/NFeRecepcao2.asmx</NfeRecepcao2>
      <NfeRetRecepcao2 service='nfeRetRecepcao2' versao='2.00'>https://nfe-homologacao.svrs.rs.gov.br/ws/NfeRetRecepcao/NfeRetRecepcao2.asmx</NfeRetRecepcao2>
      <NfeConsulta2 service='nfeConsultaNF2' versao='3.10'>https://nfe-homologacao.svrs.rs.gov.br/ws/NfeConsulta/NfeConsulta2.asmx</NfeConsulta2>
      <NfeStatusServico2 service='nfeStatusServicoNF2' versao='3.10'>https://nfe-homologacao.svrs.rs.gov.br/ws/NfeStatusServico/NfeStatusServico2.asmx</NfeStatusServico2>
      <RecepcaoEvento service='RecepcaoEvento' versao='1.00'>https://nfe-homologacao.svrs.rs.gov.br/ws/recepcaoevento/recepcaoevento.asmx</RecepcaoEvento>
      <NfeAutorizacao service='NfeAutorizacao' versao='3.10'>https://nfe-homologacao.svrs.rs.gov.br/ws/NfeAutorizacao/NFeAutorizacao.asmx</NfeAutorizacao>
      <NfeRetAutorizacao service='NfeRetAutorizacao' versao='3.10'>https://nfe-homologacao.svrs.rs.gov.br/ws/NfeRetAutorizacao/NFeRetAutorizacao.asmx</NfeRetAutorizacao>
    </homologacao>
    <producao>
      <NfeRecepcao2 service='nfeRecepcaoLote2' versao='2.00'>https://nfe.sefazvirtual.rs.gov.br/ws/Nferecepcao/NFeRecepcao2.asmx</NfeRecepcao2>
      <NfeRetRecepcao2 service='nfeRetRecepcao2' versao='2.00'>https://nfe.svrs.rs.gov.br/ws/NfeRetRecepcao/NfeRetRecepcao2.asmx</NfeRetRecepcao2>
      <NfeConsulta2 service='nfeConsultaNF2' versao='3.10'>https://nfe.svrs.rs.gov.br/ws/NfeConsulta/NfeConsulta2.asmx</NfeConsulta2>
      <NfeStatusServico2 service='nfeStatusServicoNF2' versao='3.10'>https://nfe.svrs.rs.gov.br/ws/NfeStatusServico/NfeStatusServico2.asmx</NfeStatusServico2>
      <RecepcaoEvento service='RecepcaoEvento' versao='1.00'>https://nfe.svrs.rs.gov.br/ws/recepcaoevento/recepcaoevento.asmx</RecepcaoEvento>
      <NfeAutorizacao service='NfeAutorizacao' versao='3.10'>https://nfe.svrs.rs.gov.br/ws/NfeAutorizacao/NFeAutorizacao.asmx</NfeAutorizacao>
      <NfeRetAutorizacao service='NfeRetAutorizacao' versao='3.10'>https://nfe.svrs.rs.gov.br/ws/NfeRetAutorizacao/NFeRetAutorizacao.asmx</NfeRetAutorizacao>
    </producao>
  </UF>
  <UF>
    <sigla>DPEC</sigla>
    <!-- SISTEMA DE CONTINGENCIA - Declaracao Previa de Emissao em Contingencia -->
    <producao>
      <NfeRecepcao2DPEC>https://www.nfe.fazenda.gov.br/SCERecepcaoRFB/SCERecepcaoRFB2.asmx</NfeRecepcao2DPEC>
      <ConsultaDPEC>https://www.nfe.fazenda.gov.br/SCEConsultaRFB/SCEConsultaRFB2.asmx</ConsultaDPEC>
    </producao>
  </UF>
  <UF>
    <sigla>EPEC</sigla>
    <!-- SISTEMA DE CONTINGENCIA - Declaracao Previa de Emissao em Contingencia -->
    <homologacao>
      <RecepcaoEvento service='RecepcaoEvento' versao='1.00'>https://hom.nfe.fazenda.gov.br/RecepcaoEvento/RecepcaoEvento.asmx</RecepcaoEvento>
    </homologacao>
    <producao>
      <RecepcaoEvento service='RecepcaoEvento' versao='1.00'>https://www.nfe.fazenda.gov.br/RecepcaoEvento/RecepcaoEvento.asmx</RecepcaoEvento>
    </producao>
  </UF>
</WS>