<?xml version="1.0" encoding="utf-8"?>
<WS xmlns:xsi="http://www.w3.org/2001/XMLSchema-instance" >
  <!-- Correção das url para o padrão soap 1.2 -->
  <UF>
    <sigla>AC</sigla>
    <!--  SEFAZ VIRTUAL RIO GRANDE DO SUL  -->
    <homologacao>
      <NfeAutorizacao soap_action="NFeAutorizacao4" metodo="nfeAutorizacaoLote"  service='NfeAutorizacao' versao='4.00'>https://nfce-homologacao.svrs.rs.gov.br/ws/NfeAutorizacao/NFeAutorizacao4.asmx</NfeAutorizacao>
      <NfeRetAutorizacao soap_action="NFeRetAutorizacao4" metodo="nfeRetAutorizacaoLote" service='NfeRetAutorizacao' versao='4.00'>https://nfce-homologacao.svrs.rs.gov.br/ws/NfeRetAutorizacao/NFeRetAutorizacao4.asmx</NfeRetAutorizacao>
      <NfeInutilizacao soap_action="NFeInutilizacao4" metodo="nfeInutilizacaoNF" service='nfeInutilizacaoNF4' versao='4.00'>https://nfce-homologacao.svrs.rs.gov.br/ws/nfeinutilizacao/nfeinutilizacao4.asmx</NfeInutilizacao>
      <NfeConsulta soap_action="NFeConsultaProtocolo4" metodo="nfeConsultaNF" service='nfeConsultaNF4' versao='4.00'>https://nfce-homologacao.svrs.rs.gov.br/ws/NfeConsulta/NfeConsulta4.asmx</NfeConsulta>
      <NfeStatusServico4 soap_action="NFeStatusServico4" metodo="nfeStatusServicoNF" service='NFeStatusServico4' versao='4.00'>https://nfce-homologacao.svrs.rs.gov.br/ws/NfeStatusServico/NfeStatusServico4.asmx</NfeStatusServico4>
      <RecepcaoEvento soap_action="NFeRecepcaoEvento4" metodo="nfeRecepcaoEvento" service='nfeRecepcaoEvento' versao='1.00'>https://nfce-homologacao.svrs.rs.gov.br/ws/recepcaoevento/recepcaoevento4.asmx</RecepcaoEvento>
      <URLAcesso>www.sefaznet.ac.gov.br/nfce/consulta</URLAcesso>
      <URLAcesso2>www.sefaznet.ac.gov.br/nfce/consulta</URLAcesso2>
      <URLQRCodeAcesso>http://www.hml.sefaznet.ac.gov.br/nfce/qrcode?</URLQRCodeAcesso>
      <IncluirQRCodeXMLNFCe ver_imp="2" versao="2" ativo="1"></IncluirQRCodeXMLNFCe>
    </homologacao>
    <producao>
      <NfeAutorizacao soap_action="NFeAutorizacao4" metodo="nfeAutorizacaoLote" service='NFeAutorizacao' versao='4.00'>https://nfce.svrs.rs.gov.br/ws/NfeAutorizacao/NFeAutorizacao4.asmx</NfeAutorizacao>
      <NfeRetAutorizacao soap_action="NFeRetAutorizacao4" metodo="nfeRetAutorizacaoLote" service='NFeRetAutorizacao' versao='4.00'>https://nfce.svrs.rs.gov.br/ws/NfeRetAutorizacao/NFeRetAutorizacao4.asmx</NfeRetAutorizacao>
      <NfeInutilizacao soap_action="NFeInutilizacao4" metodo="nfeInutilizacaoNF" service='NfeInutilizacao' versao='4.00'>https://nfce.svrs.rs.gov.br/ws/nfeinutilizacao/nfeinutilizacao4.asmx</NfeInutilizacao>
      <NfeConsulta soap_action="NFeConsultaProtocolo4" metodo="nfeConsultaNF" service='NfeConsultaProtocolo' versao='4.00'>https://nfce.svrs.rs.gov.br/ws/NfeConsulta/NfeConsulta4.asmx</NfeConsulta>
      <NfeStatusServico4 soap_action="NFeStatusServico4" metodo="nfeStatusServicoNF" service='NFeStatusServico4' versao='4.00'>https://nfce.svrs.rs.gov.br/ws/NfeStatusServico/NfeStatusServico4.asmx</NfeStatusServico4>
      <CadConsultaCadastro service='NfeConsultaCadastro' versao='4.00'></CadConsultaCadastro>
      <RecepcaoEvento soap_action="NFeRecepcaoEvento4" metodo="nfeRecepcaoEvento"  service='RecepcaoEvento' versao='1.00'>https://nfce.svrs.rs.gov.br/ws/recepcaoevento/recepcaoevento4.asmx</RecepcaoEvento>
      <URLAcesso>http://www.sefaznet.ac.gov.br/nfce/consulta</URLAcesso>
      <URLAcesso2>www.sefaznet.ac.gov.br/nfce/consulta</URLAcesso2>
      <URLQRCodeAcesso>http://www.sefaznet.ac.gov.br/nfce/qrcode</URLQRCodeAcesso>
      <IncluirQRCodeXMLNFCe ver_imp="2" versao="2" ativo="1"></IncluirQRCodeXMLNFCe>
    </producao>
  </UF>
  <UF>
    <sigla>AL</sigla>
    <!--  SEFAZ VIRTUAL RIO GRANDE DO SUL  -->
    <homologacao>
      <NfeAutorizacao soap_action="NFeAutorizacao4" metodo="nfeAutorizacaoLote"  service='NfeAutorizacao' versao='4.00'>https://nfce-homologacao.svrs.rs.gov.br/ws/NfeAutorizacao/NFeAutorizacao4.asmx</NfeAutorizacao>
      <NfeRetAutorizacao soap_action="NFeRetAutorizacao4" metodo="nfeRetAutorizacaoLote" service='NfeRetAutorizacao' versao='4.00'>https://nfce-homologacao.svrs.rs.gov.br/ws/NfeRetAutorizacao/NFeRetAutorizacao4.asmx</NfeRetAutorizacao>
      <NfeInutilizacao soap_action="NFeInutilizacao4" metodo="nfeInutilizacaoNF" service='nfeInutilizacaoNF4' versao='4.00'>https://nfce-homologacao.svrs.rs.gov.br/ws/nfeinutilizacao/nfeinutilizacao4.asmx</NfeInutilizacao>
      <NfeConsulta soap_action="NFeConsultaProtocolo4" metodo="nfeConsultaNF" service='nfeConsultaNF4' versao='4.00'>https://nfce-homologacao.svrs.rs.gov.br/ws/NfeConsulta/NfeConsulta4.asmx</NfeConsulta>
      <NfeStatusServico4 soap_action="NFeStatusServico4" metodo="nfeStatusServicoNF" service='NFeStatusServico4' versao='4.00'>https://nfce-homologacao.svrs.rs.gov.br/ws/NfeStatusServico/NfeStatusServico4.asmx</NfeStatusServico4>
      <RecepcaoEvento soap_action="NFeRecepcaoEvento4" metodo="nfeRecepcaoEvento" service='nfeRecepcaoEvento' versao='1.00'>https://nfce-homologacao.svrs.rs.gov.br/ws/recepcaoevento/recepcaoevento4.asmx</RecepcaoEvento>
      <URLAcesso>www.sefaz.al.gov.br/nfce/consulta</URLAcesso>
      <URLAcesso2>www.sefaz.al.gov.br/nfce/consulta</URLAcesso2>
      <URLQRCodeAcesso>http://nfce.sefaz.al.gov.br/QRCode/consultarNFCe.jsp</URLQRCodeAcesso>
      <IncluirQRCodeXMLNFCe ver_imp="2" versao="2" ativo="1"></IncluirQRCodeXMLNFCe>
    </homologacao>
    <producao>
      <NfeAutorizacao soap_action="NFeAutorizacao4" metodo="nfeAutorizacaoLote" service='NFeAutorizacao' versao='4.00'>https://nfce.svrs.rs.gov.br/ws/NfeAutorizacao/NFeAutorizacao4.asmx</NfeAutorizacao>
      <NfeRetAutorizacao soap_action="NFeRetAutorizacao4" metodo="nfeRetAutorizacaoLote" service='NFeRetAutorizacao' versao='4.00'>https://nfce.svrs.rs.gov.br/ws/NfeRetAutorizacao/NFeRetAutorizacao4.asmx</NfeRetAutorizacao>
      <NfeInutilizacao soap_action="NFeInutilizacao4" metodo="nfeInutilizacaoNF" service='NfeInutilizacao' versao='4.00'>https://nfce.svrs.rs.gov.br/ws/nfeinutilizacao/nfeinutilizacao4.asmx</NfeInutilizacao>
      <NfeConsulta soap_action="NFeConsultaProtocolo4" metodo="nfeConsultaNF" service='NfeConsultaProtocolo' versao='4.00'>https://nfce.svrs.rs.gov.br/ws/NfeConsulta/NfeConsulta4.asmx</NfeConsulta>
      <NfeStatusServico4 soap_action="NFeStatusServico4" metodo="nfeStatusServicoNF" service='NFeStatusServico4' versao='4.00'>https://nfce.svrs.rs.gov.br/ws/NfeStatusServico/NfeStatusServico4.asmx</NfeStatusServico4>
      <CadConsultaCadastro service='NfeConsultaCadastro' versao='4.00'></CadConsultaCadastro>
      <RecepcaoEvento soap_action="NFeRecepcaoEvento4" metodo="nfeRecepcaoEvento"  service='RecepcaoEvento' versao='1.00'>https://nfce.svrs.rs.gov.br/ws/recepcaoevento/recepcaoevento4.asmx</RecepcaoEvento>
      <URLAcesso>http://www.sefaz.al.gov.br/nfce/consulta</URLAcesso>
      <URLAcesso2>www.sefaz.al.gov.br/nfce/consulta</URLAcesso2>
      <URLQRCodeAcesso>http://nfce.sefaz.al.gov.br/QRCode/consultarNFCe.jsp</URLQRCodeAcesso>
      <IncluirQRCodeXMLNFCe ver_imp="2" versao="2" ativo="1"></IncluirQRCodeXMLNFCe>
    </producao>
  </UF>
  <UF>
    <sigla>AM</sigla>
    <homologacao>
      <NfeAutorizacao service='NfeAutorizacao' versao='4.00'>https://homnfce.sefaz.am.gov.br/nfce-services/services/NfeAutorizacao4</NfeAutorizacao>
      <NfeRetAutorizacao service='NfeRetAutorizacao' versao='4.00'>https://homnfce.sefaz.am.gov.br/nfce-services/services/NfeRetAutorizacao4</NfeRetAutorizacao>
      <NfeInutilizacao4 service='nfeInutilizacaoNF4' versao='4.00'>https://homnfce.sefaz.am.gov.br/nfce-services/services/NfeInutilizacao4</NfeInutilizacao4>
      <NfeConsulta4 service='nfeConsultaNF4' versao='4.00'>https://homnfce.sefaz.am.gov.br/nfce-services/services/NfeConsulta4</NfeConsulta4>
      <NfeStatusServico4 soap_action="NFeStatusServico4" metodo="nfeStatusServicoNF" service='nfeStatusServicoNF4' versao='4.00'>https://homnfce.sefaz.am.gov.br/nfce-services/services/NfeStatusServico4</NfeStatusServico4>
      <CadConsultaCadastro4 service='consultaCadastro4' versao='4.00'>https://homnfce.sefaz.am.gov.br/nfce-services/services/NfeConsulta4</CadConsultaCadastro4>
      <RecepcaoEvento service='nfeRecepcaoEvento' versao='1.00'>https://homnfce.sefaz.am.gov.br/nfce-services/services/RecepcaoEvento4</RecepcaoEvento>
      <URLAcesso>www.sefaz.am.gov.br/nfce/consulta</URLAcesso>
      <URLAcesso2>www.sefaz.am.gov.br/nfce/consulta</URLAcesso2>
      <URLQRCodeAcesso>http://homnfce.sefaz.am.gov.br/nfceweb/consultarNFCe.jsp</URLQRCodeAcesso>
      <IncluirQRCodeXMLNFCe ver_imp="2" versao="2" ativo="1"></IncluirQRCodeXMLNFCe>
    </homologacao>
    <producao>
      <NfeAutorizacao soap_action="NFeAutorizacao4" metodo="nfeAutorizacaoLote" service='NfeAutorizacao' versao='4.00'>https://nfce.sefaz.am.gov.br/nfce-services/services/NfeAutorizacao4</NfeAutorizacao>
      <NfeRetAutorizacao soap_action="NFeRetAutorizacao4" metodo="nfeRetAutorizacaoLote" service='NfeRetAutorizacao' versao='4.00'>https://nfce.sefaz.am.gov.br/nfce-services/services/NfeRetAutorizacao4</NfeRetAutorizacao>
      <NfeInutilizacao4 soap_action="NFeInutilizacao4" metodo="nfeInutilizacaoNF" service='nfeInutilizacaoNF4' versao='4.00'>https://nfce.sefaz.am.gov.br/nfce-services/services/NfeInutilizacao4</NfeInutilizacao4>
      <NfeConsulta4 soap_action="NFeConsultaProtocolo4" metodo="nfeConsultaNF" service='nfeConsultaNF4' versao='4.00'>https://nfce.sefaz.am.gov.br/nfce-services/services/NfeConsulta4</NfeConsulta4>
      <NfeStatusServico4 soap_action="NFeStatusServico4" metodo="nfeStatusServicoNF" service='nfeStatusServicoNF4' versao='4.00'>https://nfce.sefaz.am.gov.br/nfce-services/services/NfeStatusServico4</NfeStatusServico4>
      <CadConsultaCadastro4 soap_action="NFeConsultaProtocolo4" metodo="nfeConsultaNF" service='consultaCadastro4' versao='4.00'>https://nfce.sefaz.am.gov.br/nfce-services/services/NfeConsulta4</CadConsultaCadastro4>
      <RecepcaoEvento soap_action="NFeRecepcaoEvento4" metodo="nfeRecepcaoEvento" service='nfeRecepcaoEvento' versao='1.00'>https://nfce.sefaz.am.gov.br/nfce-services/services/RecepcaoEvento4</RecepcaoEvento>
      <URLAcesso>http://sistemas.sefaz.am.gov.br/nfceweb/consultarNFCe.jsp</URLAcesso>
      <URLAcesso2>www.sefaz.am.gov.br/nfce/consulta</URLAcesso2>
      <URLQRCodeAcesso>http://sistemas.sefaz.am.gov.br/nfceweb/consultarNFCe.jsp</URLQRCodeAcesso>
      <IncluirQRCodeXMLNFCe ver_imp="2" versao="2" ativo="1"></IncluirQRCodeXMLNFCe>
    </producao>
  </UF>
  <UF>
    <sigla>AP</sigla>
    <!--  SEFAZ VIRTUAL RIO GRANDE DO SUL  -->
    <homologacao>
      <NfeAutorizacao soap_action="NFeAutorizacao4" metodo="nfeAutorizacaoLote"  service='NfeAutorizacao' versao='4.00'>https://nfce-homologacao.svrs.rs.gov.br/ws/NfeAutorizacao/NFeAutorizacao4.asmx</NfeAutorizacao>
      <NfeRetAutorizacao soap_action="NFeRetAutorizacao4" metodo="nfeRetAutorizacaoLote" service='NfeRetAutorizacao' versao='4.00'>https://nfce-homologacao.svrs.rs.gov.br/ws/NfeRetAutorizacao/NFeRetAutorizacao4.asmx</NfeRetAutorizacao>
      <NfeInutilizacao soap_action="NFeInutilizacao4" metodo="nfeInutilizacaoNF" service='nfeInutilizacaoNF4' versao='4.00'>https://nfce-homologacao.svrs.rs.gov.br/ws/nfeinutilizacao/nfeinutilizacao4.asmx</NfeInutilizacao>
      <NfeConsulta soap_action="NFeConsultaProtocolo4" metodo="nfeConsultaNF" service='nfeConsultaNF4' versao='4.00'>https://nfce-homologacao.svrs.rs.gov.br/ws/NfeConsulta/NfeConsulta4.asmx</NfeConsulta>
      <NfeStatusServico4 soap_action="NFeStatusServico4" metodo="nfeStatusServicoNF" service='NFeStatusServico4' versao='4.00'>https://nfce-homologacao.svrs.rs.gov.br/ws/NfeStatusServico/NfeStatusServico4.asmx</NfeStatusServico4>
      <RecepcaoEvento soap_action="NFeRecepcaoEvento4" metodo="nfeRecepcaoEvento" service='nfeRecepcaoEvento' versao='1.00'>https://nfce-homologacao.svrs.rs.gov.br/ws/recepcaoevento/recepcaoevento4.asmx</RecepcaoEvento>
      <URLAcesso>www.sefaz.ap.gov.br/nfce/consulta</URLAcesso>
      <URLAcesso2>www.sefaz.ap.gov.br/nfce/consulta</URLAcesso2>
      <URLQRCodeAcesso>www.sefaz.ap.gov.br/nfce/consulta</URLQRCodeAcesso>
      <IncluirQRCodeXMLNFCe ver_imp="2" versao="2" ativo="1"></IncluirQRCodeXMLNFCe>
    </homologacao>
    <producao>
      <NfeAutorizacao soap_action="NFeAutorizacao4" metodo="nfeAutorizacaoLote" service='NFeAutorizacao' versao='4.00'>https://nfce.svrs.rs.gov.br/ws/NfeAutorizacao/NFeAutorizacao4.asmx</NfeAutorizacao>
      <NfeRetAutorizacao soap_action="NFeRetAutorizacao4" metodo="nfeRetAutorizacaoLote" service='NFeRetAutorizacao' versao='4.00'>https://nfce.svrs.rs.gov.br/ws/NfeRetAutorizacao/NFeRetAutorizacao4.asmx</NfeRetAutorizacao>
      <NfeInutilizacao soap_action="NFeInutilizacao4" metodo="nfeInutilizacaoNF" service='NfeInutilizacao' versao='4.00'>https://nfce.svrs.rs.gov.br/ws/nfeinutilizacao/nfeinutilizacao4.asmx</NfeInutilizacao>
      <NfeConsulta soap_action="NFeConsultaProtocolo4" metodo="nfeConsultaNF" service='NfeConsultaProtocolo' versao='4.00'>https://nfce.svrs.rs.gov.br/ws/NfeConsulta/NfeConsulta4.asmx</NfeConsulta>
      <NfeStatusServico4 soap_action="NFeStatusServico4" metodo="nfeStatusServicoNF" service='NFeStatusServico4' versao='4.00'>https://nfce.svrs.rs.gov.br/ws/NfeStatusServico/NfeStatusServico4.asmx</NfeStatusServico4>
      <CadConsultaCadastro service='NfeConsultaCadastro' versao='4.00'></CadConsultaCadastro>
      <RecepcaoEvento soap_action="NFeRecepcaoEvento4" metodo="nfeRecepcaoEvento"  service='RecepcaoEvento' versao='1.00'>https://nfce.svrs.rs.gov.br/ws/recepcaoevento/recepcaoevento4.asmx</RecepcaoEvento>
      <URLAcesso>www.sefaz.ap.gov.br/nfce/consulta</URLAcesso>
      <URLAcesso2>www.sefaz.ap.gov.br/nfce/consulta</URLAcesso2>
      <URLQRCodeAcesso>	www.sefaz.ap.gov.br/nfce/consulta</URLQRCodeAcesso>
      <IncluirQRCodeXMLNFCe ver_imp="2" versao="2" ativo="1"></IncluirQRCodeXMLNFCe>
    </producao>
  </UF>
  <UF>
    <sigla>BA</sigla>
    <!--  SEFAZ VIRTUAL RIO GRANDE DO SUL  -->
    <!-- BL-8355 Anisio Aleixo CD2 - Alterar de peer=1 para peer=0, para  url de Autorização da SEFAZ da Bahia, pois não é mais necessário enviar parâmetro, se for enviar causa Erro do CURL -->
    <homologacao>
      <NfeAutorizacao soap_action="NFeAutorizacao4" metodo="nfeAutorizacaoLote"  service='NfeAutorizacao' versao='4.00' peer='0'>https://nfce-homologacao.svrs.rs.gov.br/ws/NfeAutorizacao/NFeAutorizacao4.asmx</NfeAutorizacao>
      <NfeRetAutorizacao soap_action="NFeRetAutorizacao4" metodo="nfeRetAutorizacaoLote" service='NfeRetAutorizacao' versao='4.00' peer='0'>https://nfce-homologacao.svrs.rs.gov.br/ws/NfeRetAutorizacao/NFeRetAutorizacao4.asmx</NfeRetAutorizacao>
      <NfeInutilizacao soap_action="NFeInutilizacao4" metodo="nfeInutilizacaoNF" service='nfeInutilizacaoNF4' versao='4.00' peer='0'>https://nfce-homologacao.svrs.rs.gov.br/ws/nfeinutilizacao/nfeinutilizacao4.asmx</NfeInutilizacao>
      <NfeConsulta soap_action="NFeConsultaProtocolo4" metodo="nfeConsultaNF" service='nfeConsultaNF4' versao='4.00' peer='0'>https://nfce-homologacao.svrs.rs.gov.br/ws/NfeConsulta/NfeConsulta4.asmx</NfeConsulta>
      <NfeStatusServico4 soap_action="NFeStatusServico4" metodo="nfeStatusServicoNF" service='NFeStatusServico4' versao='4.00'>https://nfce-homologacao.svrs.rs.gov.br/ws/NfeStatusServico/NfeStatusServico4.asmx</NfeStatusServico4>
      <RecepcaoEvento soap_action="NFeRecepcaoEvento4" metodo="nfeRecepcaoEvento" service='nfeRecepcaoEvento' versao='1.00' peer='0'>https://nfce-homologacao.svrs.rs.gov.br/ws/recepcaoevento/recepcaoevento4.asmx</RecepcaoEvento>
      <URLAcesso>http://hinternet.sefaz.ba.gov.br/nfce/consulta</URLAcesso>
      <URLAcesso2>http://hinternet.sefaz.ba.gov.br/nfce/consulta</URLAcesso2>
      <URLQRCodeAcesso>http://hnfe.sefaz.ba.gov.br/servicos/nfce/modulos/geral/NFCEC_consulta_chave_acesso.aspx</URLQRCodeAcesso>
      <IncluirQRCodeXMLNFCe ver_imp="2" versao="2" ativo="1"></IncluirQRCodeXMLNFCe>
    </homologacao>
    <producao>
      <NfeAutorizacao soap_action="NFeAutorizacao4" metodo="nfeAutorizacaoLote" service='NFeAutorizacao' versao='4.00' peer='0'>https://nfce.svrs.rs.gov.br/ws/NfeAutorizacao/NFeAutorizacao4.asmx</NfeAutorizacao>
      <NfeRetAutorizacao soap_action="NFeRetAutorizacao4" metodo="nfeRetAutorizacaoLote" service='NFeRetAutorizacao' versao='4.00' peer='0'>https://nfce.svrs.rs.gov.br/ws/NfeRetAutorizacao/NFeRetAutorizacao4.asmx</NfeRetAutorizacao>
      <NfeInutilizacao soap_action="NFeInutilizacao4" metodo="nfeInutilizacaoNF" service='NfeInutilizacao' versao='4.00' peer='0'>https://nfce.svrs.rs.gov.br/ws/nfeinutilizacao/nfeinutilizacao4.asmx</NfeInutilizacao>
      <NfeConsulta soap_action="NFeConsultaProtocolo4" metodo="nfeConsultaNF" service='NfeConsultaProtocolo' versao='4.00' peer='0'>https://nfce.svrs.rs.gov.br/ws/NfeConsulta/NfeConsulta4.asmx</NfeConsulta>
      <NfeStatusServico4 soap_action="NFeStatusServico4" metodo="nfeStatusServicoNF" service='NFeStatusServico4' versao='4.00'>https://nfce.svrs.rs.gov.br/ws/NfeStatusServico/NfeStatusServico4.asmx</NfeStatusServico4>
      <CadConsultaCadastro service='NfeConsultaCadastro' versao='4.00'></CadConsultaCadastro>
      <RecepcaoEvento soap_action="NFeRecepcaoEvento4" metodo="nfeRecepcaoEvento"  service='RecepcaoEvento' versao='1.00' peer='0'>https://nfce.svrs.rs.gov.br/ws/recepcaoevento/recepcaoevento4.asmx</RecepcaoEvento>
      <URLAcesso>http://www.sefaz.ba.gov.br/nfce/consulta</URLAcesso>
      <URLAcesso2>www.sefaz.ba.gov.br/nfce/consulta</URLAcesso2>
      <URLQRCodeAcesso>http://nfe.sefaz.ba.gov.br/servicos/nfce/qrcode.aspx</URLQRCodeAcesso>
      <IncluirQRCodeXMLNFCe ver_imp="2" versao="2" ativo="1"></IncluirQRCodeXMLNFCe>
    </producao>
  </UF>
  <UF>
    <sigla>CE</sigla>
    <!-- SEFAZ CEARÁ - PROPRIO -->
    <homologacao>
      <NfeAutorizacao service='nfeAutorizacaoLote' versao='4.00'>https://nfeh.sefaz.ce.gov.br/nfe2/services/NfeAutorizacao4</NfeAutorizacao>
      <NfeRetAutorizacao service='nfeRetAutorizacaoLote' versao='4.00'>https://nfeh.sefaz.ce.gov.br/nfe2/services/NfeRetAutorizacao4</NfeRetAutorizacao>
      <NfeInutilizacao4 service='NfeInutilizacao' versao='4.00'>https://nfeh.sefaz.ce.gov.br/nfe2/services/NfeInutilizacao4</NfeInutilizacao4>
      <NfeConsulta4 service='NfeConsultaProtocolo' versao='4.00'>https://nfeh.sefaz.ce.gov.br/nfe2/services/NfeConsulta4</NfeConsulta4>
      <NfeStatusServico4 soap_action="NFeStatusServico4" metodo="nfeStatusServicoNF" service='NFeStatusServico4' versao='4.00'>https://nfeh.sefaz.ce.gov.br/nfe2/services/NfeStatusServico4</NfeStatusServico4>
      <CadConsultaCadastro4 service='NfeConsultaCadastro' versao='4.00'>https://nfeh.sefaz.ce.gov.br/nfe2/services/CadConsultaCadastro4</CadConsultaCadastro4>
      <RecepcaoEvento service='RecepcaoEvento' versao='4.00'>https://nfeh.sefaz.ce.gov.br/nfe2/services/RecepcaoEvento4</RecepcaoEvento>
    </homologacao>
    <!-- SEFAZ CEARÁ - PROPRIO -->
    <producao>
      <NfeAutorizacao service='nfeAutorizacaoLote' versao='4.00'>https://nfe.sefaz.ce.gov.br/nfe2/services/NfeAutorizacao4</NfeAutorizacao>
      <NfeRetAutorizacao service='nfeRetAutorizacaoLote' versao='4.00'>https://nfe.sefaz.ce.gov.br/nfe2/services/NfeRetAutorizacao4</NfeRetAutorizacao>
      <NfeInutilizacao4 service='NfeInutilizacao' versao='4.00'>https://nfe.sefaz.ce.gov.br/nfe2/services/NfeInutilizacao4</NfeInutilizacao4>
      <NfeConsulta4 service='NfeConsultaProtocolo' versao='4.00'>https://nfe.sefaz.ce.gov.br/nfe2/services/NfeConsulta4</NfeConsulta4>
      <NfeStatusServico4 soap_action="NFeStatusServico4" metodo="nfeStatusServicoNF" service='NFeStatusServico4' versao='4.00'>https://nfe.sefaz.ce.gov.br/nfe2/services/NfeStatusServico4</NfeStatusServico4>
      <CadConsultaCadastro4 service='NfeConsultaCadastro' versao='4.00'>https://nfe.sefaz.ce.gov.br/nfe2/services/CadConsultaCadastro4</CadConsultaCadastro4>
      <RecepcaoEvento service='RecepcaoEvento' versao='4.00'>https://nfe.sefaz.ce.gov.br/nfe2/services/RecepcaoEvento4</RecepcaoEvento>
    </producao>
  </UF>
  <UF>
    <sigla>DF</sigla>
    <!--  SEFAZ VIRTUAL RIO GRANDE DO SUL  -->
    <homologacao>
      <NfeAutorizacao soap_action="NFeAutorizacao4" metodo="nfeAutorizacaoLote"  service='NfeAutorizacao' versao='4.00'>https://nfce-homologacao.svrs.rs.gov.br/ws/NfeAutorizacao/NFeAutorizacao4.asmx</NfeAutorizacao>
      <NfeRetAutorizacao soap_action="NFeRetAutorizacao4" metodo="nfeRetAutorizacaoLote" service='NfeRetAutorizacao' versao='4.00'>https://nfce-homologacao.svrs.rs.gov.br/ws/NfeRetAutorizacao/NFeRetAutorizacao4.asmx</NfeRetAutorizacao>
      <NfeInutilizacao soap_action="NFeInutilizacao4" metodo="nfeInutilizacaoNF" service='nfeInutilizacaoNF4' versao='4.00'>https://nfce-homologacao.svrs.rs.gov.br/ws/nfeinutilizacao/nfeinutilizacao4.asmx</NfeInutilizacao>
      <NfeConsulta soap_action="NFeConsultaProtocolo4" metodo="nfeConsultaNF" service='nfeConsultaNF4' versao='4.00'>https://nfce-homologacao.svrs.rs.gov.br/ws/NfeConsulta/NfeConsulta4.asmx</NfeConsulta>
      <NfeStatusServico4 soap_action="NFeStatusServico4" metodo="nfeStatusServicoNF" service='NFeStatusServico4' versao='4.00'>https://nfce-homologacao.svrs.rs.gov.br/ws/NfeStatusServico/NfeStatusServico4.asmx</NfeStatusServico4>
      <RecepcaoEvento soap_action="NFeRecepcaoEvento4" metodo="nfeRecepcaoEvento" service='nfeRecepcaoEvento' versao='1.00'>https://nfce-homologacao.svrs.rs.gov.br/ws/recepcaoevento/recepcaoevento4.asmx</RecepcaoEvento>
      <URLAcesso>www.fazenda.df.gov.br/nfce/consulta</URLAcesso>
      <URLAcesso2>www.fazenda.df.gov.br/nfce/consulta</URLAcesso2>
      <URLQRCodeAcesso>http://www.fazenda.df.gov.br/nfce/qrcode?</URLQRCodeAcesso>
      <IncluirQRCodeXMLNFCe ver_imp="2" versao="2" ativo="1"></IncluirQRCodeXMLNFCe>
    </homologacao>
    <producao>
      <NfeAutorizacao soap_action="NFeAutorizacao4" metodo="nfeAutorizacaoLote" service='NFeAutorizacao' versao='4.00'>https://nfce.svrs.rs.gov.br/ws/NfeAutorizacao/NFeAutorizacao4.asmx</NfeAutorizacao>
      <NfeRetAutorizacao soap_action="NFeRetAutorizacao4" metodo="nfeRetAutorizacaoLote" service='NFeRetAutorizacao' versao='4.00'>https://nfce.svrs.rs.gov.br/ws/NfeRetAutorizacao/NFeRetAutorizacao4.asmx</NfeRetAutorizacao>
      <NfeInutilizacao soap_action="NFeInutilizacao4" metodo="nfeInutilizacaoNF" service='NfeInutilizacao' versao='4.00'>https://nfce.svrs.rs.gov.br/ws/nfeinutilizacao/nfeinutilizacao4.asmx</NfeInutilizacao>
      <NfeConsulta soap_action="NFeConsultaProtocolo4" metodo="nfeConsultaNF" service='NfeConsultaProtocolo' versao='4.00'>https://nfce.svrs.rs.gov.br/ws/NfeConsulta/NfeConsulta4.asmx</NfeConsulta>
      <NfeStatusServico4 soap_action="NFeStatusServico4" metodo="nfeStatusServicoNF" service='NFeStatusServico4' versao='4.00'>https://nfce.svrs.rs.gov.br/ws/NfeStatusServico/NfeStatusServico4.asmx</NfeStatusServico4>
      <CadConsultaCadastro service='NfeConsultaCadastro' versao='4.00'></CadConsultaCadastro>
      <RecepcaoEvento soap_action="NFeRecepcaoEvento4" metodo="nfeRecepcaoEvento"  service='RecepcaoEvento' versao='1.00'>https://nfce.svrs.rs.gov.br/ws/recepcaoevento/recepcaoevento4.asmx</RecepcaoEvento>
      <URLAcesso>http://dec.fazenda.df.gov.br/ConsultarNFCe.aspx</URLAcesso>
      <URLAcesso2>www.fazenda.df.gov.br/nfce/consulta</URLAcesso2>
      <URLQRCodeAcesso>http://www.fazenda.df.gov.br/nfce/qrcode?</URLQRCodeAcesso>
      <IncluirQRCodeXMLNFCe ver_imp="2" versao="2" ativo="1"></IncluirQRCodeXMLNFCe>
    </producao>
  </UF>
  <UF>
    <sigla>ES</sigla>
    <!--  SEFAZ VIRTUAL RIO GRANDE DO SUL  -->
    <homologacao>
      <NfeAutorizacao soap_action="NFeAutorizacao4" metodo="nfeAutorizacaoLote"  service='NfeAutorizacao' versao='4.00'>https://nfce-homologacao.svrs.rs.gov.br/ws/NfeAutorizacao/NFeAutorizacao4.asmx</NfeAutorizacao>
      <NfeRetAutorizacao soap_action="NFeRetAutorizacao4" metodo="nfeRetAutorizacaoLote" service='NfeRetAutorizacao' versao='4.00'>https://nfce-homologacao.svrs.rs.gov.br/ws/NfeRetAutorizacao/NFeRetAutorizacao4.asmx</NfeRetAutorizacao>
      <NfeInutilizacao soap_action="NFeInutilizacao4" metodo="nfeInutilizacaoNF" service='nfeInutilizacaoNF4' versao='4.00'>https://nfce-homologacao.svrs.rs.gov.br/ws/nfeinutilizacao/nfeinutilizacao4.asmx</NfeInutilizacao>
      <NfeConsulta soap_action="NFeConsultaProtocolo4" metodo="nfeConsultaNF" service='nfeConsultaNF4' versao='4.00'>https://nfce-homologacao.svrs.rs.gov.br/ws/NfeConsulta/NfeConsulta4.asmx</NfeConsulta>
      <NfeStatusServico service='nfeStatusServicoNF4' versao='4.00'>https://nfce-homologacao.svrs.rs.gov.br/ws/NfeStatusServico/NfeStatusServico4.asmx</NfeStatusServico>
      <RecepcaoEvento soap_action="NFeRecepcaoEvento4" metodo="nfeRecepcaoEvento" service='nfeRecepcaoEvento' versao='1.00'>https://nfce-homologacao.svrs.rs.gov.br/ws/recepcaoevento/recepcaoevento4.asmx</RecepcaoEvento>
      <URLAcesso>www.sefaz.es.gov.br/nfce/consulta</URLAcesso>
      <URLAcesso2>www.sefaz.es.gov.br/nfce/consulta</URLAcesso2>
      <URLQRCodeAcesso>http://homologacao.sefaz.es.gov.br/ConsultaNFCe/qrcode.aspx?</URLQRCodeAcesso>
      <IncluirQRCodeXMLNFCe ver_imp="2" versao="2" ativo="1"></IncluirQRCodeXMLNFCe>
    </homologacao>
    <producao>
      <NfeAutorizacao soap_action="NFeAutorizacao4" metodo="nfeAutorizacaoLote" service='NFeAutorizacao' versao='4.00'>https://nfce.svrs.rs.gov.br/ws/NfeAutorizacao/NFeAutorizacao4.asmx</NfeAutorizacao>
      <NfeRetAutorizacao soap_action="NFeRetAutorizacao4" metodo="nfeRetAutorizacaoLote" service='NFeRetAutorizacao' versao='4.00'>https://nfce.svrs.rs.gov.br/ws/NfeRetAutorizacao/NFeRetAutorizacao4.asmx</NfeRetAutorizacao>
      <NfeInutilizacao soap_action="NFeInutilizacao4" metodo="nfeInutilizacaoNF" service='NfeInutilizacao' versao='4.00'>https://nfce.svrs.rs.gov.br/ws/nfeinutilizacao/nfeinutilizacao4.asmx</NfeInutilizacao>
      <NfeConsulta soap_action="NFeConsultaProtocolo4" metodo="nfeConsultaNF" service='NfeConsultaProtocolo' versao='4.00'>https://nfce.svrs.rs.gov.br/ws/NfeConsulta/NfeConsulta4.asmx</NfeConsulta>
      <NfeStatusServico service='NfeStatusServico' versao='4.00'>https://nfce.svrs.rs.gov.br/ws/NfeStatusServico/NfeStatusServico4.asmx</NfeStatusServico>
      <CadConsultaCadastro service='NfeConsultaCadastro' versao='4.00'></CadConsultaCadastro>
      <RecepcaoEvento soap_action="NFeRecepcaoEvento4" metodo="nfeRecepcaoEvento"  service='RecepcaoEvento' versao='1.00'>https://nfce.svrs.rs.gov.br/ws/recepcaoevento/recepcaoevento4.asmx</RecepcaoEvento>
      <URLAcesso>http://app.sefaz.es.gov.br/ConsultaNFCe/</URLAcesso>
      <URLAcesso2>www.sefaz.es.gov.br/nfce/consulta</URLAcesso2>
      <URLQRCodeAcesso>http://app.sefaz.es.gov.br/ConsultaNFCe/qrcode.aspx</URLQRCodeAcesso>
      <IncluirQRCodeXMLNFCe ver_imp="2" versao="2" ativo="1"></IncluirQRCodeXMLNFCe>
    </producao>
  </UF>
  <UF>
    <sigla>GO</sigla>
    <homologacao>
      <NfeAutorizacao soap_action="NFeAutorizacao4" metodo="nfeAutorizacaoLote"  service='NfeAutorizacao' versao='4.00' peer='0'>https://homolog.sefaz.go.gov.br/nfe/services/NFeAutorizacao4</NfeAutorizacao>
      <NfeRetAutorizacao soap_action="NFeRetAutorizacao4" metodo="nfeRetAutorizacaoLote" service='NfeRetAutorizacao' versao='4.00' peer='0'>https://homolog.sefaz.go.gov.br/nfe/services/NFeRetAutorizacao4</NfeRetAutorizacao>
      <NfeInutilizacao soap_action="NFeInutilizacao4" metodo="nfeInutilizacaoNF" service='nfeInutilizacaoNF4' versao='4.00' peer='0'>https://homolog.sefaz.go.gov.br/nfe/services/NFeInutilizacao4</NfeInutilizacao>
      <NfeConsulta soap_action="NFeConsultaProtocolo4" metodo="nfeConsultaNF" service='nfeConsultaNF4' versao='4.00' peer='0'>https://homolog.sefaz.go.gov.br/nfe/services/NFeConsultaProtocolo4</NfeConsulta>
      <NfeStatusServico4 soap_action="NFeStatusServico4" metodo="nfeStatusServicoNF" service='NFeStatusServico4' versao='4.00' peer='0'>https://homolog.sefaz.go.gov.br/nfe/services/NFeStatusServico4</NfeStatusServico4>
      <RecepcaoEvento soap_action="NFeRecepcaoEvento4" metodo="nfeRecepcaoEvento" service='nfeRecepcaoEvento' versao='1.00' peer='0'>https://homolog.sefaz.go.gov.br/nfe/services/NFeRecepcaoEvento4</RecepcaoEvento>
      <URLAcesso>http://homolog.sefaz.go.gov.br/nfeweb/sites/nfce/danfeNFCe</URLAcesso>
      <URLAcesso2>http://homolog.sefaz.go.gov.br/nfeweb/sites/nfce/danfeNFCe</URLAcesso2>
      <URLQRCodeAcesso>http://homolog.sefaz.go.gov.br/nfeweb/sites/nfce/danfeNFCe</URLQRCodeAcesso>
      <IncluirQRCodeXMLNFCe ver_imp="2" versao="2" ativo="1"></IncluirQRCodeXMLNFCe>
    </homologacao>
    <producao>
      <NfeAutorizacao soap_action="NFeAutorizacao4" metodo="nfeAutorizacaoLote" service='NFeAutorizacao4' versao='4.00'>https://nfe.sefaz.go.gov.br/nfe/services/NFeAutorizacao4</NfeAutorizacao>
      <NfeRetAutorizacao soap_action="NFeRetAutorizacao4" metodo="nfeRetAutorizacaoLote" service='NFeRetAutorizacao4' versao='4.00'>https://nfe.sefaz.go.gov.br/nfe/services/NFeRetAutorizacao4</NfeRetAutorizacao>
      <NfeInutilizacao4 soap_action="NFeInutilizacao4" metodo="nfeInutilizacaoNF" service='NFeInutilizacao4' versao='4.00'>https://nfe.sefaz.go.gov.br/nfe/services/NFeInutilizacao4</NfeInutilizacao4>
      <NfeConsulta4 soap_action="NFeConsultaProtocolo4" metodo="nfeConsultaNF" service='NFeConsultaProtocolo4' versao='4.00'>https://nfe.sefaz.go.gov.br/nfe/services/NFeConsultaProtocolo4</NfeConsulta4>
      <NfeStatusServico4 soap_action="NFeStatusServico4" metodo="nfeStatusServicoNF" service='NFeStatusServico4' versao='4.00'>https://nfe.sefaz.go.gov.br/nfe/services/NFeStatusServico4</NfeStatusServico4>
      <RecepcaoEvento  soap_action="NFeRecepcaoEvento4" metodo="nfeRecepcaoEvento" service='nfeRecepcaoEvento' versao='1.00'>https://nfe.sefaz.go.gov.br/nfe/services/NFeRecepcaoEvento4</RecepcaoEvento>
      <CadConsultaCadastro4 service='cadconsultacadastro4' versao='4.00'>https://nfe.sefaz.go.gov.br/nfe/services/CadConsultaCadastro4</CadConsultaCadastro4>
      <URLAcesso>http://nfe.sefaz.go.gov.br/nfeweb/sites/nfce/danfeNFCe</URLAcesso>
      <URLAcesso2>>https://nfe.sefaz.go.gov.br/nfeweb/sites/nfce/danfeNFCe</URLAcesso2>
      <URLQRCodeAcesso>http://nfe.sefaz.go.gov.br/nfeweb/sites/nfce/danfeNFCe</URLQRCodeAcesso>
      <IncluirQRCodeXMLNFCe ver_imp="2" versao="2" ativo="1"></IncluirQRCodeXMLNFCe>
    </producao>
  </UF>
  <UF>
    <sigla>MA</sigla>
    <!--  SEFAZ VIRTUAL RIO GRANDE DO SUL  -->
    <homologacao>
      <NfeAutorizacao soap_action="NFeAutorizacao4" metodo="nfeAutorizacaoLote"  service='NfeAutorizacao' versao='4.00'>https://nfce-homologacao.svrs.rs.gov.br/ws/NfeAutorizacao/NFeAutorizacao4.asmx</NfeAutorizacao>
      <NfeRetAutorizacao soap_action="NFeRetAutorizacao4" metodo="nfeRetAutorizacaoLote" service='NfeRetAutorizacao' versao='4.00'>https://nfce-homologacao.svrs.rs.gov.br/ws/NfeRetAutorizacao/NFeRetAutorizacao4.asmx</NfeRetAutorizacao>
      <NfeInutilizacao soap_action="NFeInutilizacao4" metodo="nfeInutilizacaoNF" service='nfeInutilizacaoNF4' versao='4.00'>https://nfce-homologacao.svrs.rs.gov.br/ws/nfeinutilizacao/nfeinutilizacao4.asmx</NfeInutilizacao>
      <NfeConsulta soap_action="NFeConsultaProtocolo4" metodo="nfeConsultaNF" service='nfeConsultaNF4' versao='4.00'>https://nfce-homologacao.svrs.rs.gov.br/ws/NfeConsulta/NfeConsulta4.asmx</NfeConsulta>
      <NfeStatusServico4 soap_action="NFeStatusServico4" metodo="nfeStatusServicoNF" service='NFeStatusServico4' versao='4.00'>https://nfce-homologacao.svrs.rs.gov.br/ws/NfeStatusServico/NfeStatusServico4.asmx</NfeStatusServico4>
      <RecepcaoEvento soap_action="NFeRecepcaoEvento4" metodo="nfeRecepcaoEvento" service='nfeRecepcaoEvento' versao='1.00'>https://nfce-homologacao.svrs.rs.gov.br/ws/recepcaoevento/recepcaoevento4.asmx</RecepcaoEvento>
      <URLAcesso>www.sefaz.ma.gov.br/nfce/consulta</URLAcesso>
      <URLAcesso2>www.sefaz.ma.gov.br/nfce/consulta</URLAcesso2>
      <URLQRCodeAcesso>http://www.hom.nfce.sefaz.ma.gov.br/portal/consultarNFCe.jsp</URLQRCodeAcesso>
      <IncluirQRCodeXMLNFCe ver_imp="2" versao="2" ativo="1"></IncluirQRCodeXMLNFCe>
    </homologacao>
    <producao>
      <NfeAutorizacao soap_action="NFeAutorizacao4" metodo="nfeAutorizacaoLote" service='NFeAutorizacao' versao='4.00'>https://nfce.svrs.rs.gov.br/ws/NfeAutorizacao/NFeAutorizacao4.asmx</NfeAutorizacao>
      <NfeRetAutorizacao soap_action="NFeRetAutorizacao4" metodo="nfeRetAutorizacaoLote" service='NFeRetAutorizacao' versao='4.00'>https://nfce.svrs.rs.gov.br/ws/NfeRetAutorizacao/NFeRetAutorizacao4.asmx</NfeRetAutorizacao>
      <NfeInutilizacao soap_action="NFeInutilizacao4" metodo="nfeInutilizacaoNF" service='NfeInutilizacao' versao='4.00'>https://nfce.svrs.rs.gov.br/ws/nfeinutilizacao/nfeinutilizacao4.asmx</NfeInutilizacao>
      <NfeConsulta soap_action="NFeConsultaProtocolo4" metodo="nfeConsultaNF" service='NfeConsultaProtocolo' versao='4.00'>https://nfce.svrs.rs.gov.br/ws/NfeConsulta/NfeConsulta4.asmx</NfeConsulta>
      <NfeStatusServico4 soap_action="NFeStatusServico4" metodo="nfeStatusServicoNF" service='NFeStatusServico4' versao='4.00'>https://nfce.svrs.rs.gov.br/ws/NfeStatusServico/NfeStatusServico4.asmx</NfeStatusServico4>
      <CadConsultaCadastro service='NfeConsultaCadastro' versao='4.00'></CadConsultaCadastro>
      <RecepcaoEvento soap_action="NFeRecepcaoEvento4" metodo="nfeRecepcaoEvento"  service='RecepcaoEvento' versao='1.00'>https://nfce.svrs.rs.gov.br/ws/recepcaoevento/recepcaoevento4.asmx</RecepcaoEvento>
      <URLAcesso>http://www.sefaz.ma.gov.br/nfce/consulta/</URLAcesso>
      <URLAcesso2>www.sefaz.ma.gov.br/nfce/consulta</URLAcesso2>
      <URLQRCodeAcesso>http://www.nfce.sefaz.ma.gov.br/portal/consultarNFCe.jsp</URLQRCodeAcesso>
      <IncluirQRCodeXMLNFCe ver_imp="2" versao="2" ativo="1"></IncluirQRCodeXMLNFCe>
    </producao>
  </UF>
  <UF>
    <sigla>MG</sigla>
    <homologacao>
      <NfeAutorizacao soap_action="NFeAutorizacao4" metodo="nfeAutorizacaoLote" service='NfeAutorizacao' versao='4.00'>https://hnfce.fazenda.mg.gov.br/nfce/services/NFeAutorizacao4</NfeAutorizacao>
      <NfeRetAutorizacao soap_action="NFeRetAutorizacao4" metodo="nfeRetAutorizacaoLote" service='NfeRetAutorizacao' versao='4.00'>https://hnfce.fazenda.mg.gov.br/nfce/services/NFeRetAutorizacao4</NfeRetAutorizacao>
      <NfeInutilizacao4 soap_action="NFeInutilizacao4" metodo="nfeInutilizacaoNF" service='nfeInutilizacaoNF4' versao='4.00'>https://hnfce.fazenda.mg.gov.br/nfce/services/NFeInutilizacao4</NfeInutilizacao4>
      <NfeConsulta4 soap_action="NFeConsultaProtocolo4" metodo="nfeConsultaNF" service='nfeConsultaNF4' versao='4.00'>https://hnfce.fazenda.mg.gov.br/nfce/services/NFeConsultaProtocolo4</NfeConsulta4>
      <NfeStatusServico4 soap_action="NFeStatusServico4" service="nfeStatusServicoNF" metodo="nfeStatusServicoNF" versao='4.00'>https://hnfce.fazenda.mg.gov.br/nfce/services/NFeStatusServico4</NfeStatusServico4>
      <RecepcaoEvento soap_action="NFeRecepcaoEvento4" metodo="nfeRecepcaoEvento" service='nfeRecepcaoEvento' versao='1.00'>https://hnfce.fazenda.mg.gov.br/nfce/services/NFeRecepcaoEvento4</RecepcaoEvento>
      <URLAcesso>https://hportalsped.fazenda.mg.gov.br/portalnfce</URLAcesso>
      <URLAcesso2>https://hportalsped.fazenda.mg.gov.br/portalnfce</URLAcesso2>
      <URLQRCodeAcesso>https://portalsped.fazenda.mg.gov.br/portalnfce/sistema/qrcode.xhtml</URLQRCodeAcesso>
      <IncluirQRCodeXMLNFCe ver_imp="2" versao="2" ativo="1"></IncluirQRCodeXMLNFCe>
    </homologacao>
    <producao>
      <NfeAutorizacao soap_action="NFeAutorizacao4" metodo="nfeAutorizacaoLote" service='NfeAutorizacao' versao='4.00'>https://nfce.fazenda.mg.gov.br/nfce/services/NFeAutorizacao4</NfeAutorizacao>
      <NfeRetAutorizacao soap_action="NFeRetAutorizacao4" metodo="nfeRetAutorizacaoLote" service='NfeRetAutorizacao' versao='4.00'>https://nfce.fazenda.mg.gov.br/nfce/services/NFeRetAutorizacao4</NfeRetAutorizacao>
      <NfeInutilizacao4 soap_action="NFeInutilizacao4" metodo="nfeInutilizacaoNF" service='nfeInutilizacaoNF' versao='4.00'>https://nfce.fazenda.mg.gov.br/nfce/services/NFeInutilizacao4</NfeInutilizacao4>
      <NfeConsulta4 soap_action="NFeConsultaProtocolo4" metodo="nfeConsultaNF" service='nfeConsultaNF4' versao='4.00'>https://nfce.fazenda.mg.gov.br/nfce/services/NFeConsultaProtocolo4</NfeConsulta4>
      <NfeStatusServico4 soap_action="NFeStatusServico4" service="nfeStatusServicoNF" metodo="nfeStatusServicoNF" versao='4.00'>https://nfce.fazenda.mg.gov.br/nfce/services/NFeStatusServico4</NfeStatusServico4>
      <RecepcaoEvento soap_action="NFeRecepcaoEvento4" metodo="nfeRecepcaoEvento" service='nfeRecepcaoEvento' versao='1.00'>https://nfce.fazenda.mg.gov.br/nfce/services/NFeRecepcaoEvento4</RecepcaoEvento>
      <URLAcesso>https://portalsped.fazenda.mg.gov.br/portalnfce</URLAcesso>
      <URLAcesso2>https://portalsped.fazenda.mg.gov.br/portalnfce</URLAcesso2>
      <URLQRCodeAcesso>https://portalsped.fazenda.mg.gov.br/portalnfce/sistema/qrcode.xhtml</URLQRCodeAcesso>
      <IncluirQRCodeXMLNFCe ver_imp="2" versao="2" ativo="1"></IncluirQRCodeXMLNFCe>
    </producao>
  </UF>
  <UF>
    <sigla>MS</sigla>
    <homologacao>
      <NfeAutorizacao soap_action="NFeAutorizacao4" metodo="nfeAutorizacaoLote" service='NfeAutorizacao' versao='4.00'>https://hom.nfce.sefaz.ms.gov.br/ws/NFeAutorizacao4</NfeAutorizacao>
      <NfeRetAutorizacao soap_action="NFeRetAutorizacao4" metodo="nfeRetAutorizacaoLote" service='NfeRetAutorizacao' versao='4.00'>https://hom.nfce.sefaz.ms.gov.br/ws/NFeRetAutorizacao4</NfeRetAutorizacao>
      <NfeInutilizacao4 soap_action="NFeInutilizacao4" metodo="nfeInutilizacaoNF" service='nfeInutilizacaoNF4' versao='4.00'>https://hom.nfce.sefaz.ms.gov.br/ws/NFeInutilizacao4</NfeInutilizacao4>
      <NfeConsulta4 soap_action="NFeConsultaProtocolo4" metodo="nfeConsultaNF" service='nfeConsultaNF4' versao='4.00'>https://hom.nfce.sefaz.ms.gov.br/ws/NFeConsultaProtocolo4</NfeConsulta4>
      <NfeStatusServico4 service='nfeStatusServicoNF4' versao='4.00'>https://hom.nfce.sefaz.ms.gov.br/ws/NFeStatusServico4</NfeStatusServico4>
      <RecepcaoEvento soap_action="NFeRecepcaoEvento4" metodo="nfeRecepcaoEvento" service='nfeRecepcaoEvento' versao='1.00'>https://hom.nfce.sefaz.ms.gov.br/ws/NFeRecepcaoEvento4</RecepcaoEvento>
      <URLAcesso>www.dfe.ms.gov.br/nfce/consulta</URLAcesso>
      <URLAcesso2>www.dfe.ms.gov.br/nfce/consulta</URLAcesso2>
      <URLQRCodeAcesso>http://www.dfe.ms.gov.br/nfce/qrcode?</URLQRCodeAcesso>
      <IncluirQRCodeXMLNFCe ver_imp="2" versao="2" ativo="1"></IncluirQRCodeXMLNFCe>
    </homologacao>
    <producao>
      <NfeAutorizacao soap_action="NFeAutorizacao4" metodo="nfeAutorizacaoLote" service="NfeAutorizacao" versao="4.00">https://nfce.sefaz.ms.gov.br/ws/NFeAutorizacao4</NfeAutorizacao>
      <NfeRetAutorizacao soap_action="NFeRetAutorizacao4" metodo="nfeRetAutorizacaoLote" versao='4.00'>https://nfce.sefaz.ms.gov.br/ws/NFeRetAutorizacao4</NfeRetAutorizacao>
      <NfeInutilizacao4 soap_action="NFeInutilizacao4" metodo="nfeInutilizacaoNF" service='nfeInutilizacaoNF4' versao='4.00'>https://nfce.sefaz.ms.gov.br/ws/NFeInutilizacao4</NfeInutilizacao4>
      <NfeConsulta4 soap_action="NFeConsultaProtocolo4" metodo="nfeConsultaNF" service='nfeConsultaNF4' versao='4.00'>https://nfce.sefaz.ms.gov.br/ws/NFeConsultaProtocolo4</NfeConsulta4>
      <NfeStatusServico4 service='nfeStatusServicoNF4' versao='4.00'>https://nfce.sefaz.ms.gov.br/ws/NFeStatusServico4</NfeStatusServico4>
      <CadConsultaCadastro4 service='CadConsultaCadastro' versao='4.00'>https://nfe.sefaz.ms.gov.br/ws/CadConsultaCadastro4</CadConsultaCadastro4>
      <RecepcaoEvento soap_action="NFeRecepcaoEvento4" metodo="nfeRecepcaoEvento" service='nfeRecepcaoEvento' versao='1.00'>https://nfce.sefaz.ms.gov.br/ws/NFeRecepcaoEvento4</RecepcaoEvento>
      <URLAcesso>www.dfe.ms.gov.br/nfce/consulta</URLAcesso>
      <URLAcesso2>www.dfe.ms.gov.br/nfce/consulta</URLAcesso2>
      <URLQRCodeAcesso>http://www.dfe.ms.gov.br/nfce/qrcode?</URLQRCodeAcesso>
      <IncluirQRCodeXMLNFCe ver_imp="2" versao="2" ativo="1"></IncluirQRCodeXMLNFCe>
    </producao>
  </UF>
  <UF>
    <sigla>MT</sigla>
    <homologacao>
      <NfeAutorizacao soap_action="NFeAutorizacao4" metodo="nfeAutorizacaoLote"  service='NfeAutorizacao' versao='4.00'>https://homologacao.sefaz.mt.gov.br/nfcews/services/NfeAutorizacao4</NfeAutorizacao>
      <NfeRetAutorizacao soap_action="NFeRetAutorizacao4" metodo="nfeRetAutorizacaoLote" service='NfeRetAutorizacao' versao='4.00'>https://homologacao.sefaz.mt.gov.br/nfcews/services/NfeRetAutorizacao4</NfeRetAutorizacao>
      <NfeInutilizacao4 soap_action="NFeInutilizacao4" metodo="nfeInutilizacaoNF" service='nfeInutilizacaoNF4' versao='4.00'>https://homologacao.sefaz.mt.gov.br/nfcews/services/NfeInutilizacao4</NfeInutilizacao4>
      <NfeConsulta4 soap_action="NFeConsultaProtocolo4" metodo="nfeConsultaNF" service='nfeConsultaNF4' versao='4.00'>https://homologacao.sefaz.mt.gov.br/nfcews/services/NfeConsulta4</NfeConsulta4>
      <NfeStatusServico4 service='nfeStatusServicoNF4' versao='4.00'>https://homologacao.sefaz.mt.gov.br/nfcews/services/NfeStatusServico4</NfeStatusServico4>
      <CadConsultaCadastro4 service='' versao=''></CadConsultaCadastro4>
      <RecepcaoEvento soap_action="NFeRecepcaoEvento4" metodo="nfeRecepcaoEvento" service='nfeRecepcaoEvento' versao='1.00'>https://homologacao.sefaz.mt.gov.br/nfcews/services/RecepcaoEvento4</RecepcaoEvento>
      <URLAcesso>https://homologacao.sefaz.mt.gov.br/nfcews/services/NfeConsulta4</URLAcesso>
      <URLAcesso2>https://homologacao.sefaz.mt.gov.br/nfcews/services/NfeConsulta4</URLAcesso2>
      <URLQRCodeAcesso>https://homologacao.sefaz.mt.gov.br/nfcews/services/NfeConsulta4</URLQRCodeAcesso>
      <IncluirQRCodeXMLNFCe ver_imp="2" versao="2" ativo="1"></IncluirQRCodeXMLNFCe>
    </homologacao>
    <producao>
      <NfeAutorizacao soap_action="NFeAutorizacao4" metodo="nfeAutorizacaoLote"  service='NfeAutorizacao'  versao='4.00'>https://nfce.sefaz.mt.gov.br/nfcews/services/NfeAutorizacao4</NfeAutorizacao>
      <NfeRetAutorizacao soap_action="NFeRetAutorizacao4" metodo="nfeRetAutorizacaoLote" service='NfeRetAutorizacao' versao='4.00'>https://nfce.sefaz.mt.gov.br/nfcews/services/NfeRetAutorizacao4</NfeRetAutorizacao>
      <NfeInutilizacao4 soap_action="NFeInutilizacao4" metodo="nfeInutilizacaoNF" service='nfeInutilizacaoNF4' versao='4.00'>https://nfce.sefaz.mt.gov.br/nfcews/services/NfeInutilizacao4</NfeInutilizacao4>
      <NfeConsulta4 soap_action="NFeConsultaProtocolo4" metodo="nfeConsultaNF" service='nfeConsultaNF4' versao='4.00'>https://nfce.sefaz.mt.gov.br/nfcews/services/NfeConsulta4</NfeConsulta4>
      <NfeStatusServico4 service='nfeStatusServicoNF4' versao='4.00'>https://nfce.sefaz.mt.gov.br/nfcews/services/NfeStatusServico4</NfeStatusServico4>
      <CadConsultaCadastro4 service='consultaCadastro4' versao='4.00'>https://nfe.sefaz.mt.gov.br/nfews/CadConsultaCadastro4</CadConsultaCadastro4>
      <RecepcaoEvento soap_action="NFeRecepcaoEvento4" metodo="nfeRecepcaoEvento" service='nfeRecepcaoEvento' versao='1.00'>https://nfce.sefaz.mt.gov.br/nfcews/services/RecepcaoEvento4</RecepcaoEvento>
      <URLAcesso>http://www.sefaz.mt.gov.br/nfce/consultanfce</URLAcesso>
      <URLAcesso2>http://www.sefaz.mt.gov.br/nfce/consultanfce</URLAcesso2>
      <URLQRCodeAcesso>http://www.sefaz.mt.gov.br/nfce/consultanfce</URLQRCodeAcesso>
      <IncluirQRCodeXMLNFCe ver_imp="2" versao="2" ativo="1"></IncluirQRCodeXMLNFCe>
    </producao>
  </UF>
  <UF>
    <sigla>PA</sigla>
    <!--  SEFAZ VIRTUAL RIO GRANDE DO SUL  -->
    <homologacao>
      <!--  Usa o do Amazonas  -->
      <NfeAutorizacao soap_action="NFeAutorizacao4" metodo="nfeAutorizacaoLote"  service='NfeAutorizacao' versao='4.00'>https://nfce-homologacao.svrs.rs.gov.br/ws/NfeAutorizacao/NFeAutorizacao4.asmx</NfeAutorizacao>
      <NfeRetAutorizacao soap_action="NFeRetAutorizacao4" metodo="nfeRetAutorizacaoLote" service='NfeRetAutorizacao' versao='4.00'>https://nfce-homologacao.svrs.rs.gov.br/ws/NfeRetAutorizacao/NFeRetAutorizacao4.asmx</NfeRetAutorizacao>
      <NfeInutilizacao soap_action="NFeInutilizacao4" metodo="nfeInutilizacaoNF" service='nfeInutilizacaoNF4' versao='4.00'>https://nfce-homologacao.svrs.rs.gov.br/ws/nfeinutilizacao/nfeinutilizacao4.asmx</NfeInutilizacao>
      <NfeConsulta soap_action="NFeConsultaProtocolo4" metodo="nfeConsultaNF" service='nfeConsultaNF4' versao='4.00'>https://nfce-homologacao.svrs.rs.gov.br/ws/NfeConsulta/NfeConsulta4.asmx</NfeConsulta>
      <NfeStatusServico4 soap_action="NFeStatusServico4" metodo="nfeStatusServicoNF" service='NFeStatusServico4' versao='4.00'>https://nfce-homologacao.svrs.rs.gov.br/ws/NfeStatusServico/NfeStatusServico4.asmx</NfeStatusServico4>
      <RecepcaoEvento soap_action="NFeRecepcaoEvento4" metodo="nfeRecepcaoEvento" service='nfeRecepcaoEvento' versao='1.00'>https://nfce-homologacao.svrs.rs.gov.br/ws/recepcaoevento/recepcaoevento4.asmx</RecepcaoEvento>
      <URLAcesso>www.sefa.pa.gov.br/nfce/consulta</URLAcesso>
      <URLAcesso2>www.sefa.pa.gov.br/nfce/consulta</URLAcesso2>
      <URLQRCodeAcesso>https://appnfc.sefa.pa.gov.br/portal-homologacao/view/consultas/nfce/nfceForm.seam</URLQRCodeAcesso>
      <IncluirQRCodeXMLNFCe ver_imp="2" versao="2" ativo="1"></IncluirQRCodeXMLNFCe>
    </homologacao>
    <producao>
      <NfeAutorizacao soap_action="NFeAutorizacao4" metodo="nfeAutorizacaoLote" service='NFeAutorizacao' versao='4.00'>https://nfce.svrs.rs.gov.br/ws/NfeAutorizacao/NFeAutorizacao4.asmx</NfeAutorizacao>
      <NfeRetAutorizacao soap_action="NFeRetAutorizacao4" metodo="nfeRetAutorizacaoLote" service='NFeRetAutorizacao' versao='4.00'>https://nfce.svrs.rs.gov.br/ws/NfeRetAutorizacao/NFeRetAutorizacao4.asmx</NfeRetAutorizacao>
      <NfeInutilizacao soap_action="NFeInutilizacao4" metodo="nfeInutilizacaoNF" service='NfeInutilizacao' versao='4.00'>https://nfce.svrs.rs.gov.br/ws/nfeinutilizacao/nfeinutilizacao4.asmx</NfeInutilizacao>
      <NfeConsulta soap_action="NFeConsultaProtocolo4" metodo="nfeConsultaNF" service='NfeConsultaProtocolo' versao='4.00'>https://nfce.svrs.rs.gov.br/ws/NfeConsulta/NfeConsulta4.asmx</NfeConsulta>
      <NfeStatusServico4 soap_action="NFeStatusServico4" metodo="nfeStatusServicoNF" service='NFeStatusServico4' versao='4.00'>https://nfce.svrs.rs.gov.br/ws/NfeStatusServico/NfeStatusServico4.asmx</NfeStatusServico4>
      <CadConsultaCadastro service='NfeConsultaCadastro' versao='4.00'></CadConsultaCadastro>
      <RecepcaoEvento soap_action="NFeRecepcaoEvento4" metodo="nfeRecepcaoEvento"  service='RecepcaoEvento' versao='1.00'>https://nfce.svrs.rs.gov.br/ws/recepcaoevento/recepcaoevento4.asmx</RecepcaoEvento>
      <URLAcesso>https://www.sefa.pa.gov.br/nfce/consulta</URLAcesso>
      <URLAcesso2>www.sefa.pa.gov.br/nfce/consulta</URLAcesso2>
      <URLQRCodeAcesso>https://appnfc.sefa.pa.gov.br/portal/view/consultas/nfce/nfceForm.seam</URLQRCodeAcesso>
      <IncluirQRCodeXMLNFCe ver_imp="2" versao="2" ativo="1"></IncluirQRCodeXMLNFCe>
    </producao>
  </UF>
  <UF>
    <sigla>PB</sigla>
    <!--  SEFAZ VIRTUAL RIO GRANDE DO SUL  -->
    <homologacao>
      <NfeAutorizacao soap_action="NFeAutorizacao4" metodo="nfeAutorizacaoLote"  service='NfeAutorizacao' versao='4.00'>https://nfce-homologacao.svrs.rs.gov.br/ws/NfeAutorizacao/NFeAutorizacao4.asmx</NfeAutorizacao>
      <NfeRetAutorizacao soap_action="NFeRetAutorizacao4" metodo="nfeRetAutorizacaoLote" service='NfeRetAutorizacao' versao='4.00'>https://nfce-homologacao.svrs.rs.gov.br/ws/NfeRetAutorizacao/NFeRetAutorizacao4.asmx</NfeRetAutorizacao>
      <NfeInutilizacao soap_action="NFeInutilizacao4" metodo="nfeInutilizacaoNF" service='nfeInutilizacaoNF4' versao='4.00'>https://nfce-homologacao.svrs.rs.gov.br/ws/nfeinutilizacao/nfeinutilizacao4.asmx</NfeInutilizacao>
      <NfeConsulta soap_action="NFeConsultaProtocolo4" metodo="nfeConsultaNF" service='nfeConsultaNF4' versao='4.00'>https://nfce-homologacao.svrs.rs.gov.br/ws/NfeConsulta/NfeConsulta4.asmx</NfeConsulta>
      <NfeStatusServico4 soap_action="NFeStatusServico4" metodo="nfeStatusServicoNF" service='NFeStatusServico4' versao='4.00'>https://nfce-homologacao.svrs.rs.gov.br/ws/NfeStatusServico/NfeStatusServico4.asmx</NfeStatusServico4>
      <RecepcaoEvento soap_action="NFeRecepcaoEvento4" metodo="nfeRecepcaoEvento" service='nfeRecepcaoEvento' versao='1.00'>https://nfce-homologacao.svrs.rs.gov.br/ws/recepcaoevento/recepcaoevento4.asmx</RecepcaoEvento>
      <URLAcesso>www.receita.pb.gov.br/nfcehom</URLAcesso>
      <URLAcesso2>www.receita.pb.gov.br/nfcehom</URLAcesso2>
      <URLQRCodeAcesso>www.receita.pb.gov.br/nfcehom</URLQRCodeAcesso>
      <IncluirQRCodeXMLNFCe ver_imp="2" versao="2" ativo="1"></IncluirQRCodeXMLNFCe>
    </homologacao>
    <producao>
      <NfeAutorizacao soap_action="NFeAutorizacao4" metodo="nfeAutorizacaoLote" service='NFeAutorizacao' versao='4.00'>https://nfce.svrs.rs.gov.br/ws/NfeAutorizacao/NFeAutorizacao4.asmx</NfeAutorizacao>
      <NfeRetAutorizacao soap_action="NFeRetAutorizacao4" metodo="nfeRetAutorizacaoLote" service='NFeRetAutorizacao' versao='4.00'>https://nfce.svrs.rs.gov.br/ws/NfeRetAutorizacao/NFeRetAutorizacao4.asmx</NfeRetAutorizacao>
      <NfeInutilizacao soap_action="NFeInutilizacao4" metodo="nfeInutilizacaoNF" service='NfeInutilizacao' versao='4.00'>https://nfce.svrs.rs.gov.br/ws/nfeinutilizacao/nfeinutilizacao4.asmx</NfeInutilizacao>
      <NfeConsulta soap_action="NFeConsultaProtocolo4" metodo="nfeConsultaNF" service='NfeConsultaProtocolo' versao='4.00'>https://nfce.svrs.rs.gov.br/ws/NfeConsulta/NfeConsulta4.asmx</NfeConsulta>
      <NfeStatusServico4 soap_action="NFeStatusServico4" metodo="nfeStatusServicoNF" service='NFeStatusServico4' versao='4.00'>https://nfce.svrs.rs.gov.br/ws/NfeStatusServico/NfeStatusServico4.asmx</NfeStatusServico4>
      <CadConsultaCadastro service='NfeConsultaCadastro' versao='4.00'></CadConsultaCadastro>
      <RecepcaoEvento soap_action="NFeRecepcaoEvento4" metodo="nfeRecepcaoEvento"  service='RecepcaoEvento' versao='1.00'>https://nfce.svrs.rs.gov.br/ws/recepcaoevento/recepcaoevento4.asmx</RecepcaoEvento>
      <URLAcesso>http://www.sefaz.pb.gov.br/nfce/consulta</URLAcesso>
      <URLAcesso2>www.sefaz.pb.gov.br/nfce/consulta</URLAcesso2>
      <URLQRCodeAcesso>http://www.sefaz.pb.gov.br/nfce</URLQRCodeAcesso>
      <IncluirQRCodeXMLNFCe ver_imp="2" versao="2" ativo="1"></IncluirQRCodeXMLNFCe>
    </producao>
  </UF>
  <UF>
    <sigla>PE</sigla>
    <homologacao>
      <NfeAutorizacao soap_action="NFeAutorizacao4" metodo="nfeAutorizacaoLote"  service='NfeAutorizacao' versao='4.00'>https://nfce-homologacao.svrs.rs.gov.br/ws/NfeAutorizacao/NFeAutorizacao4.asmx</NfeAutorizacao>
      <NfeRetAutorizacao soap_action="NFeRetAutorizacao4" metodo="nfeRetAutorizacaoLote" service='NfeRetAutorizacao' versao='4.00'>https://nfce-homologacao.svrs.rs.gov.br/ws/NfeRetAutorizacao/NFeRetAutorizacao4.asmx</NfeRetAutorizacao>
      <NfeInutilizacao soap_action="NFeInutilizacao4" metodo="nfeInutilizacaoNF" service='nfeInutilizacaoNF4' versao='4.00'>https://nfce-homologacao.svrs.rs.gov.br/ws/nfeinutilizacao/nfeinutilizacao4.asmx</NfeInutilizacao>
      <NfeConsulta soap_action="NFeConsultaProtocolo4" metodo="nfeConsultaNF" service='nfeConsultaNF4' versao='4.00'>https://nfce-homologacao.svrs.rs.gov.br/ws/NfeConsulta/NfeConsulta4.asmx</NfeConsulta>
      <NfeStatusServico4 soap_action="NFeStatusServico4" metodo="nfeStatusServicoNF" service='NFeStatusServico4' versao='4.00'>https://nfce-homologacao.svrs.rs.gov.br/ws/NfeStatusServico/NfeStatusServico4.asmx</NfeStatusServico4>
      <RecepcaoEvento soap_action="NFeRecepcaoEvento4" metodo="nfeRecepcaoEvento" service='nfeRecepcaoEvento' versao='1.00'>https://nfce-homologacao.svrs.rs.gov.br/ws/recepcaoevento/recepcaoevento4.asmx</RecepcaoEvento>
      <URLAcesso>nfce.sefaz.pe.gov.br/nfce/consulta</URLAcesso>
      <URLAcesso2>nfce.sefaz.pe.gov.br/nfce/consulta</URLAcesso2>
      <URLQRCodeAcesso>http://nfcehomolog.sefaz.pe.gov.br/nfce/consulta</URLQRCodeAcesso>
      <IncluirQRCodeXMLNFCe ver_imp="2" versao="2" ativo="1"></IncluirQRCodeXMLNFCe>
    </homologacao>
    <producao>
      <NfeAutorizacao soap_action="NFeAutorizacao4" metodo="nfeAutorizacaoLote" service='NfeAutorizacao' versao='4.00'>https://nfce.svrs.rs.gov.br/ws/NfeAutorizacao/NFeAutorizacao4.asmx</NfeAutorizacao>
      <NfeRetAutorizacao soap_action="NFeRetAutorizacao4" metodo="nfeRetAutorizacaoLote" service='NfeRetAutorizacao' versao='4.00'>https://nfce.svrs.rs.gov.br/ws/NfeRetAutorizacao/NFeRetAutorizacao4.asmx</NfeRetAutorizacao>
      <NfeInutilizacao4 soap_action="NFeInutilizacao4" metodo="nfeInutilizacaoNF" service='nfeInutilizacaoNF4' versao='4.00'>https://nfce.svrs.rs.gov.br/ws/nfeinutilizacao/nfeinutilizacao4.asmx</NfeInutilizacao4>
      <NfeConsulta4 soap_action="NFeConsultaProtocolo4" metodo="nfeConsultaNF" service='nfeConsultaNF4' versao='4.00'>https://nfce.svrs.rs.gov.br/ws/NfeConsulta/NfeConsulta4.asmx</NfeConsulta4>
      <NfeStatusServico4 soap_action="NFeStatusServico4" metodo="nfeStatusServicoNF" service='NFeStatusServico4' versao='4.00'>https://nfce.svrs.rs.gov.br/ws/NfeStatusServico/NfeStatusServico4.asmx</NfeStatusServico4>
      <RecepcaoEvento soap_action="NFeRecepcaoEvento4" metodo="nfeRecepcaoEvento" service='nfeRecepcaoEvento' versao='1.00'>https://nfce.svrs.rs.gov.br/ws/recepcaoevento/recepcaoevento4.asmx</RecepcaoEvento>
      <URLAcesso>http://nfce.sefaz.pe.gov.br/nfce/consulta</URLAcesso>
      <URLAcesso2>nfce.sefaz.pe.gov.br/nfce/consulta</URLAcesso2>
      <URLQRCodeAcesso>http://nfce.sefaz.pe.gov.br/nfce/consulta</URLQRCodeAcesso>
      <IncluirQRCodeXMLNFCe ver_imp="2" versao="2" ativo="1"></IncluirQRCodeXMLNFCe>
    </producao>
  </UF>
  <UF>
    <sigla>PI</sigla>
    <!--  SEFAZ VIRTUAL RIO GRANDE DO SUL  -->
    <homologacao>
      <NfeAutorizacao soap_action="NFeAutorizacao4" metodo="nfeAutorizacaoLote"  service='NfeAutorizacao' versao='4.00'>https://nfce-homologacao.svrs.rs.gov.br/ws/NfeAutorizacao/NFeAutorizacao4.asmx</NfeAutorizacao>
      <NfeRetAutorizacao soap_action="NFeRetAutorizacao4" metodo="nfeRetAutorizacaoLote" service='NfeRetAutorizacao' versao='4.00'>https://nfce-homologacao.svrs.rs.gov.br/ws/NfeRetAutorizacao/NFeRetAutorizacao4.asmx</NfeRetAutorizacao>
      <NfeInutilizacao soap_action="NFeInutilizacao4" metodo="nfeInutilizacaoNF" service='nfeInutilizacaoNF4' versao='4.00'>https://nfce-homologacao.svrs.rs.gov.br/ws/nfeinutilizacao/nfeinutilizacao4.asmx</NfeInutilizacao>
      <NfeConsulta soap_action="NFeConsultaProtocolo4" metodo="nfeConsultaNF" service='nfeConsultaNF4' versao='4.00'>https://nfce-homologacao.svrs.rs.gov.br/ws/NfeConsulta/NfeConsulta4.asmx</NfeConsulta>
      <NfeStatusServico4 soap_action="NFeStatusServico4" metodo="nfeStatusServicoNF" service='NFeStatusServico4' versao='4.00'>https://nfce-homologacao.svrs.rs.gov.br/ws/NfeStatusServico/NfeStatusServico4.asmx</NfeStatusServico4>
      <RecepcaoEvento soap_action="NFeRecepcaoEvento4" metodo="nfeRecepcaoEvento" service='nfeRecepcaoEvento' versao='1.00'>https://nfce-homologacao.svrs.rs.gov.br/ws/recepcaoevento/recepcaoevento4.asmx</RecepcaoEvento>
      <URLAcesso>www.sefaz.pi.gov.br/nfce/consulta</URLAcesso>
      <URLAcesso2>www.sefaz.pi.gov.br/nfce/consulta</URLAcesso2>
      <URLQRCodeAcesso>http://webas.sefaz.pi.gov.br/nfceweb-homologacao/consultarNFCe.jsf</URLQRCodeAcesso>
      <IncluirQRCodeXMLNFCe ver_imp="2" versao="2" ativo="1"></IncluirQRCodeXMLNFCe>
    </homologacao>
    <producao>
      <NfeAutorizacao soap_action="NFeAutorizacao4" metodo="nfeAutorizacaoLote" service='NFeAutorizacao' versao='4.00'>https://nfce.svrs.rs.gov.br/ws/NfeAutorizacao/NFeAutorizacao4.asmx</NfeAutorizacao>
      <NfeRetAutorizacao soap_action="NFeRetAutorizacao4" metodo="nfeRetAutorizacaoLote" service='NFeRetAutorizacao' versao='4.00'>https://nfce.svrs.rs.gov.br/ws/NfeRetAutorizacao/NFeRetAutorizacao4.asmx</NfeRetAutorizacao>
      <NfeInutilizacao soap_action="NFeInutilizacao4" metodo="nfeInutilizacaoNF" service='NfeInutilizacao' versao='4.00'>https://nfce.svrs.rs.gov.br/ws/nfeinutilizacao/nfeinutilizacao4.asmx</NfeInutilizacao>
      <NfeConsulta soap_action="NFeConsultaProtocolo4" metodo="nfeConsultaNF" service='NfeConsultaProtocolo' versao='4.00'>https://nfce.svrs.rs.gov.br/ws/NfeConsulta/NfeConsulta4.asmx</NfeConsulta>
      <NfeStatusServico4 soap_action="NFeStatusServico4" metodo="nfeStatusServicoNF" service='NFeStatusServico4' versao='4.00'>https://nfce.svrs.rs.gov.br/ws/NfeStatusServico/NfeStatusServico4.asmx</NfeStatusServico4>
      <CadConsultaCadastro service='NfeConsultaCadastro' versao='4.00'></CadConsultaCadastro>
      <RecepcaoEvento soap_action="NFeRecepcaoEvento4" metodo="nfeRecepcaoEvento"  service='RecepcaoEvento' versao='1.00'>https://nfce.svrs.rs.gov.br/ws/recepcaoevento/recepcaoevento4.asmx</RecepcaoEvento>
      <URLAcesso>http://webas.sefaz.pi.gov.br/nfceweb/consultarNFCe.jsf</URLAcesso>
      <URLAcesso2>www.sefaz.pi.gov.br/nfce/consulta</URLAcesso2>
      <URLQRCodeAcesso>http://webas.sefaz.pi.gov.br/nfceweb/consultarNFCe.jsf</URLQRCodeAcesso>
      <IncluirQRCodeXMLNFCe ver_imp="2" versao="2" ativo="1"></IncluirQRCodeXMLNFCe>
    </producao>
  </UF>
  <UF>
    <sigla>PR</sigla>
    <homologacao>
      <NfeAutorizacao service='nfeAutorizacao' versao='4.00'>https://homologacao.nfce.sefa.pr.gov.br/nfce/NFeAutorizacao4</NfeAutorizacao>
      <NfeRetAutorizacao service='nfeRetAutorizacao' versao='4.00'>https://homologacao.nfce.sefa.pr.gov.br/nfce/NFeRetAutorizacao4</NfeRetAutorizacao>
      <NfeConsulta4 service='nfeConsultaNF4' versao='4.00'>https://homologacao.nfce.sefa.pr.gov.br/nfce/NFeConsultaProtocolo4</NfeConsulta4>
      <NfeInutilizacao4 service='nfeInutilizacaoNF4' versao='4.00'>https://homologacao.nfce.sefa.pr.gov.br/nfce/NFeInutilizacao4</NfeInutilizacao4>
      <NfeStatusServico4 service='nfeStatusServicoNF4' versao='4.00'>https://homologacao.nfce.sefa.pr.gov.br/nfce/NFeStatusServico4</NfeStatusServico4>
      <RecepcaoEvento service='nfeRecepcaoEvento' versao='1.00'>https://homologacao.nfce.sefa.pr.gov.br/nfce/NFeRecepcaoEvento4</RecepcaoEvento>
      <CadConsultaCadastro4 service='CadConsultaCadastro4' versao='4.00'>https://homologacao.nfce.sefa.pr.gov.br/nfce/CadConsultaCadastro4</CadConsultaCadastro4>
      <URLAcesso>http://www.fazenda.pr.gov.br/nfce/consulta</URLAcesso>
      <URLAcesso2>http://www.fazenda.pr.gov.br/nfce/consulta</URLAcesso2>
      <URLQRCodeAcesso>http://www.fazenda.pr.gov.br/nfce/qrcode</URLQRCodeAcesso>
      <IncluirQRCodeXMLNFCe ver_imp="2" versao="2" ativo="1"></IncluirQRCodeXMLNFCe>
    </homologacao>
    <producao>
      <NfeAutorizacao service='nfeAutorizacao' versao='4.00'>https://nfce.sefa.pr.gov.br/nfce/NFeAutorizacao4</NfeAutorizacao>
      <NfeRetAutorizacao service='nfeRetAutorizacao' versao='4.00'>https://nfce.sefa.pr.gov.br/nfce/NFeRetAutorizacao4</NfeRetAutorizacao>
      <NfeConsulta4 service='nfeConsultaNF4' versao='4.00'>https://nfce.sefa.pr.gov.br/nfce/NFeConsultaProtocolo4?wsdl</NfeConsulta4>
      <NfeInutilizacao4 service='nfeInutilizacaoNF4' versao='4.00'>https://nfce.sefa.pr.gov.br/nfce/NFeInutilizacao4</NfeInutilizacao4>
      <NfeStatusServico4 service='nfeStatusServicoNF4' versao='4.00'>https://nfce.sefa.pr.gov.br/nfce/NFeStatusServico4</NfeStatusServico4>
      <RecepcaoEvento service='nfeRecepcaoEvento' versao='1.00'>https://nfce.sefa.pr.gov.br/nfce/NFeRecepcaoEvento4</RecepcaoEvento>
      <CadConsultaCadastro4 service='CadConsultaCadastro4' versao='4.00'>https://nfce.sefa.pr.gov.br/nfce/CadConsultaCadastro4</CadConsultaCadastro4>
      <URLAcesso>http://www.fazenda.pr.gov.br</URLAcesso>
      <URLAcesso2>http://www.fazenda.pr.gov.br</URLAcesso2>
      <URLQRCodeAcesso>http://www.fazenda.pr.gov.br/nfce/qrcode</URLQRCodeAcesso>
      <IncluirQRCodeXMLNFCe ver_imp="2" versao="2" ativo="1"></IncluirQRCodeXMLNFCe>
    </producao>
  </UF>
  <UF>
    <sigla>RJ</sigla>
    <!--  SEFAZ VIRTUAL RIO GRANDE DO SUL  -->
    <!-- Caso queira alterar o tempo da conexão mexa :
     para alterar homologação
     <homologacao tempo_conectar="3" tempo_esperar="10">
     Para alterar produção
     <producao tempo_conectar="3" tempo_esperar="10">
    -->
    <homologacao>
      <NfeAutorizacao soap_action="NFeAutorizacao4" metodo="nfeAutorizacaoLote"  service='NfeAutorizacao' versao='4.00'>https://nfce-homologacao.svrs.rs.gov.br/ws/NfeAutorizacao/NFeAutorizacao4.asmx</NfeAutorizacao>
      <NfeRetAutorizacao soap_action="NFeRetAutorizacao4" metodo="nfeRetAutorizacaoLote" service='NfeRetAutorizacao' versao='4.00'>https://nfce-homologacao.svrs.rs.gov.br/ws/NfeRetAutorizacao/NFeRetAutorizacao4.asmx</NfeRetAutorizacao>
      <NfeInutilizacao soap_action="NFeInutilizacao4" metodo="nfeInutilizacaoNF" service='nfeInutilizacaoNF4' versao='4.00'>https://nfce-homologacao.svrs.rs.gov.br/ws/nfeinutilizacao/nfeinutilizacao4.asmx</NfeInutilizacao>
      <NfeConsulta soap_action="NFeConsultaProtocolo4" metodo="nfeConsultaNF" service='nfeConsultaNF4' versao='4.00'>https://nfce-homologacao.svrs.rs.gov.br/ws/NfeConsulta/NfeConsulta4.asmx</NfeConsulta>
      <NfeStatusServico4 soap_action="NFeStatusServico4" metodo="nfeStatusServicoNF" service='NFeStatusServico4' versao='4.00'>https://nfce-homologacao.svrs.rs.gov.br/ws/NfeStatusServico/NfeStatusServico4.asmx</NfeStatusServico4>
      <RecepcaoEvento soap_action="NFeRecepcaoEvento4" metodo="nfeRecepcaoEvento" service='nfeRecepcaoEvento' versao='1.00'>https://nfce-homologacao.svrs.rs.gov.br/ws/recepcaoevento/recepcaoevento4.asmx</RecepcaoEvento>
      <URLAcesso>www.fazenda.rj.gov.br/nfce/consulta</URLAcesso>
      <URLAcesso2>www.fazenda.rj.gov.br/nfce/consulta</URLAcesso2>
      <URLQRCodeAcesso>http://www4.fazenda.rj.gov.br/consultaNFCe/QRCode</URLQRCodeAcesso>
      <IncluirQRCodeXMLNFCe ver_imp="2" versao="2" ativo="1"></IncluirQRCodeXMLNFCe>
    </homologacao>
    <producao>
      <NfeAutorizacao soap_action="NFeAutorizacao4" metodo="nfeAutorizacaoLote" service='NFeAutorizacao' versao='4.00'>https://nfce.svrs.rs.gov.br/ws/NfeAutorizacao/NFeAutorizacao4.asmx</NfeAutorizacao>
      <NfeRetAutorizacao soap_action="NFeRetAutorizacao4" metodo="nfeRetAutorizacaoLote" service='NFeRetAutorizacao' versao='4.00'>https://nfce.svrs.rs.gov.br/ws/NfeRetAutorizacao/NFeRetAutorizacao4.asmx</NfeRetAutorizacao>
      <NfeInutilizacao soap_action="NFeInutilizacao4" metodo="nfeInutilizacaoNF" service='NfeInutilizacao' versao='4.00'>https://nfce.svrs.rs.gov.br/ws/nfeinutilizacao/nfeinutilizacao4.asmx</NfeInutilizacao>
      <NfeConsulta soap_action="NFeConsultaProtocolo4" metodo="nfeConsultaNF" service='NfeConsultaProtocolo' versao='4.00'>https://nfce.svrs.rs.gov.br/ws/NfeConsulta/NfeConsulta4.asmx</NfeConsulta>
      <NfeStatusServico4 soap_action="NFeStatusServico4" metodo="nfeStatusServicoNF" service='NFeStatusServico4' versao='4.00'>https://nfce.svrs.rs.gov.br/ws/NfeStatusServico/NfeStatusServico4.asmx</NfeStatusServico4>
      <CadConsultaCadastro service='NfeConsultaCadastro' versao='4.00'></CadConsultaCadastro>
      <RecepcaoEvento soap_action="NFeRecepcaoEvento4" metodo="nfeRecepcaoEvento"  service='RecepcaoEvento' versao='1.00'>https://nfce.svrs.rs.gov.br/ws/recepcaoevento/recepcaoevento4.asmx</RecepcaoEvento>
      <URLAcesso>http://www.fazenda.rj.gov.br/nfce/consulta</URLAcesso>
      <URLAcesso2>www.fazenda.rj.gov.br/nfce/consulta</URLAcesso2>
      <URLQRCodeAcesso>http://www4.fazenda.rj.gov.br/consultaNFCe/QRCode</URLQRCodeAcesso>
      <IncluirQRCodeXMLNFCe ver_imp="2" versao="2" ativo="1"></IncluirQRCodeXMLNFCe>
    </producao>
  </UF>
  <UF>
    <sigla>RN</sigla>
    <!--  SEFAZ VIRTUAL RIO GRANDE DO SUL  -->
    <homologacao>
      <NfeAutorizacao soap_action="NFeAutorizacao4" metodo="nfeAutorizacaoLote"  service='NfeAutorizacao' versao='4.00'>https://nfce-homologacao.svrs.rs.gov.br/ws/NfeAutorizacao/NFeAutorizacao4.asmx</NfeAutorizacao>
      <NfeRetAutorizacao soap_action="NFeRetAutorizacao4" metodo="nfeRetAutorizacaoLote" service='NfeRetAutorizacao' versao='4.00'>https://nfce-homologacao.svrs.rs.gov.br/ws/NfeRetAutorizacao/NFeRetAutorizacao4.asmx</NfeRetAutorizacao>
      <NfeInutilizacao soap_action="NFeInutilizacao4" metodo="nfeInutilizacaoNF" service='nfeInutilizacaoNF4' versao='4.00'>https://nfce-homologacao.svrs.rs.gov.br/ws/nfeinutilizacao/nfeinutilizacao4.asmx</NfeInutilizacao>
      <NfeConsulta soap_action="NFeConsultaProtocolo4" metodo="nfeConsultaNF" service='nfeConsultaNF4' versao='4.00'>https://nfce-homologacao.svrs.rs.gov.br/ws/NfeConsulta/NfeConsulta4.asmx</NfeConsulta>
      <NfeStatusServico4 soap_action="NFeStatusServico4" metodo="nfeStatusServicoNF" service='NFeStatusServico4' versao='4.00'>https://nfce-homologacao.svrs.rs.gov.br/ws/NfeStatusServico/NfeStatusServico4.asmx</NfeStatusServico4>
      <RecepcaoEvento soap_action="NFeRecepcaoEvento4" metodo="nfeRecepcaoEvento" service='nfeRecepcaoEvento' versao='1.00'>https://nfce-homologacao.svrs.rs.gov.br/ws/recepcaoevento/recepcaoevento4.asmx</RecepcaoEvento>
      <URLAcesso>www.set.rn.gov.br/nfce/consulta</URLAcesso>
      <URLAcesso2>www.set.rn.gov.br/nfce/consulta</URLAcesso2>
      <URLQRCodeAcesso>http://hom.nfce.set.rn.gov.br/consultarNFCe.aspx</URLQRCodeAcesso>
      <IncluirQRCodeXMLNFCe ver_imp="2" versao="2" ativo="1"></IncluirQRCodeXMLNFCe>
    </homologacao>
    <producao>
      <NfeAutorizacao soap_action="NFeAutorizacao4" metodo="nfeAutorizacaoLote" service='NFeAutorizacao' versao='4.00'>https://nfce.svrs.rs.gov.br/ws/NfeAutorizacao/NFeAutorizacao4.asmx</NfeAutorizacao>
      <NfeRetAutorizacao soap_action="NFeRetAutorizacao4" metodo="nfeRetAutorizacaoLote" service='NFeRetAutorizacao' versao='4.00'>https://nfce.svrs.rs.gov.br/ws/NfeRetAutorizacao/NFeRetAutorizacao4.asmx</NfeRetAutorizacao>
      <NfeInutilizacao soap_action="NFeInutilizacao4" metodo="nfeInutilizacaoNF" service='NfeInutilizacao' versao='4.00'>https://nfce.svrs.rs.gov.br/ws/nfeinutilizacao/nfeinutilizacao4.asmx</NfeInutilizacao>
      <NfeConsulta soap_action="NFeConsultaProtocolo4" metodo="nfeConsultaNF" service='NfeConsultaProtocolo' versao='4.00'>https://nfce.svrs.rs.gov.br/ws/NfeConsulta/NfeConsulta4.asmx</NfeConsulta>
      <NfeStatusServico4 soap_action="NFeStatusServico4" metodo="nfeStatusServicoNF" service='NFeStatusServico4' versao='4.00'>https://nfce.svrs.rs.gov.br/ws/NfeStatusServico/NfeStatusServico4.asmx</NfeStatusServico4>
      <CadConsultaCadastro service='NfeConsultaCadastro' versao='4.00'></CadConsultaCadastro>
      <RecepcaoEvento soap_action="NFeRecepcaoEvento4" metodo="nfeRecepcaoEvento"  service='RecepcaoEvento' versao='1.00'>https://nfce.svrs.rs.gov.br/ws/recepcaoevento/recepcaoevento4.asmx</RecepcaoEvento>
      <URLAcesso>http://www.set.rn.gov.br/nfce/consulta</URLAcesso>
      <URLAcesso2>www.set.rn.gov.br/nfce/consulta</URLAcesso2>
      <URLQRCodeAcesso>http://nfce.set.rn.gov.br/consultarNFCe.aspx</URLQRCodeAcesso>
      <IncluirQRCodeXMLNFCe ver_imp="2" versao="2" ativo="1"></IncluirQRCodeXMLNFCe>
    </producao>
  </UF>
  <UF>
    <sigla>RO</sigla>
    <!--  SEFAZ VIRTUAL RIO GRANDE DO SUL  -->
    <homologacao>
      <NfeAutorizacao soap_action="NFeAutorizacao4" metodo="nfeAutorizacaoLote"  service='NfeAutorizacao' versao='4.00'>https://nfce-homologacao.svrs.rs.gov.br/ws/NfeAutorizacao/NFeAutorizacao4.asmx</NfeAutorizacao>
      <NfeRetAutorizacao soap_action="NFeRetAutorizacao4" metodo="nfeRetAutorizacaoLote" service='NfeRetAutorizacao' versao='4.00'>https://nfce-homologacao.svrs.rs.gov.br/ws/NfeRetAutorizacao/NFeRetAutorizacao4.asmx</NfeRetAutorizacao>
      <NfeInutilizacao soap_action="NFeInutilizacao4" metodo="nfeInutilizacaoNF" service='nfeInutilizacaoNF4' versao='4.00'>https://nfce-homologacao.svrs.rs.gov.br/ws/nfeinutilizacao/nfeinutilizacao4.asmx</NfeInutilizacao>
      <NfeConsulta soap_action="NFeConsultaProtocolo4" metodo="nfeConsultaNF" service='nfeConsultaNF4' versao='4.00'>https://nfce-homologacao.svrs.rs.gov.br/ws/NfeConsulta/NfeConsulta4.asmx</NfeConsulta>
      <NfeStatusServico4 soap_action="NFeStatusServico4" metodo="nfeStatusServicoNF" service='NFeStatusServico4' versao='4.00'>https://nfce-homologacao.svrs.rs.gov.br/ws/NfeStatusServico/NfeStatusServico4.asmx</NfeStatusServico4>
      <RecepcaoEvento soap_action="NFeRecepcaoEvento4" metodo="nfeRecepcaoEvento" service='nfeRecepcaoEvento' versao='1.00'>https://nfce-homologacao.svrs.rs.gov.br/ws/recepcaoevento/recepcaoevento4.asmx</RecepcaoEvento>
      <URLAcesso>www.sefin.ro.gov.br/nfce/consulta</URLAcesso>
      <URLAcesso2>www.sefin.ro.gov.br/nfce/consulta</URLAcesso2>
      <URLQRCodeAcesso>http://www.nfce.sefin.ro.gov.br/consultanfce/consulta.jsp</URLQRCodeAcesso>
      <IncluirQRCodeXMLNFCe ver_imp="2" versao="2" ativo="1"></IncluirQRCodeXMLNFCe>
    </homologacao>
    <producao>
      <NfeAutorizacao soap_action="NFeAutorizacao4" metodo="nfeAutorizacaoLote" service='NFeAutorizacao' versao='4.00'>https://nfce.svrs.rs.gov.br/ws/NfeAutorizacao/NFeAutorizacao4.asmx</NfeAutorizacao>
      <NfeRetAutorizacao soap_action="NFeRetAutorizacao4" metodo="nfeRetAutorizacaoLote" service='NFeRetAutorizacao' versao='4.00'>https://nfce.svrs.rs.gov.br/ws/NfeRetAutorizacao/NFeRetAutorizacao4.asmx</NfeRetAutorizacao>
      <NfeInutilizacao soap_action="NFeInutilizacao4" metodo="nfeInutilizacaoNF" service='NfeInutilizacao' versao='4.00'>https://nfce.svrs.rs.gov.br/ws/nfeinutilizacao/nfeinutilizacao4.asmx</NfeInutilizacao>
      <NfeConsulta soap_action="NFeConsultaProtocolo4" metodo="nfeConsultaNF" service='NfeConsultaProtocolo' versao='4.00'>https://nfce.svrs.rs.gov.br/ws/NfeConsulta/NfeConsulta4.asmx</NfeConsulta>
      <NfeStatusServico4 soap_action="NFeStatusServico4" metodo="nfeStatusServicoNF" service='NFeStatusServico4' versao='4.00'>https://nfce.svrs.rs.gov.br/ws/NfeStatusServico/NfeStatusServico4.asmx</NfeStatusServico4>
      <CadConsultaCadastro service='NfeConsultaCadastro' versao='4.00'></CadConsultaCadastro>
      <RecepcaoEvento soap_action="NFeRecepcaoEvento4" metodo="nfeRecepcaoEvento"  service='RecepcaoEvento' versao='1.00'>https://nfce.svrs.rs.gov.br/ws/recepcaoevento/recepcaoevento4.asmx</RecepcaoEvento>
      <URLAcesso>https://www.sefin.ro.gov.br/nfce/consulta</URLAcesso>
      <URLAcesso2>www.sefin.ro.gov.br/nfce/consulta</URLAcesso2>
      <URLQRCodeAcesso>http://www.nfce.sefin.ro.gov.br/consultanfce/consulta.jsp</URLQRCodeAcesso>
      <IncluirQRCodeXMLNFCe ver_imp="2" versao="2" ativo="1"></IncluirQRCodeXMLNFCe>
    </producao>
  </UF>
  <UF>
    <sigla>RR</sigla>
    <!--  SEFAZ VIRTUAL RIO GRANDE DO SUL  -->
    <homologacao>
      <NfeAutorizacao soap_action="NFeAutorizacao4" metodo="nfeAutorizacaoLote"  service='NfeAutorizacao' versao='4.00'>https://nfce-homologacao.svrs.rs.gov.br/ws/NfeAutorizacao/NFeAutorizacao4.asmx</NfeAutorizacao>
      <NfeRetAutorizacao soap_action="NFeRetAutorizacao4" metodo="nfeRetAutorizacaoLote" service='NfeRetAutorizacao' versao='4.00'>https://nfce-homologacao.svrs.rs.gov.br/ws/NfeRetAutorizacao/NFeRetAutorizacao4.asmx</NfeRetAutorizacao>
      <NfeInutilizacao soap_action="NFeInutilizacao4" metodo="nfeInutilizacaoNF" service='nfeInutilizacaoNF4' versao='4.00'>https://nfce-homologacao.svrs.rs.gov.br/ws/nfeinutilizacao/nfeinutilizacao4.asmx</NfeInutilizacao>
      <NfeConsulta soap_action="NFeConsultaProtocolo4" metodo="nfeConsultaNF" service='nfeConsultaNF4' versao='4.00'>https://nfce-homologacao.svrs.rs.gov.br/ws/NfeConsulta/NfeConsulta4.asmx</NfeConsulta>
      <NfeStatusServico4 soap_action="NFeStatusServico4" metodo="nfeStatusServicoNF" service='NFeStatusServico4' versao='4.00'>https://nfce-homologacao.svrs.rs.gov.br/ws/NfeStatusServico/NfeStatusServico4.asmx</NfeStatusServico4>
      <RecepcaoEvento soap_action="NFeRecepcaoEvento4" metodo="nfeRecepcaoEvento" service='nfeRecepcaoEvento' versao='1.00'>https://nfce-homologacao.svrs.rs.gov.br/ws/recepcaoevento/recepcaoevento4.asmx</RecepcaoEvento>
      <URLAcesso>www.sefaz.rr.gov.br/nfce/consulta</URLAcesso>
      <URLAcesso2>www.sefaz.rr.gov.br/nfce/consulta</URLAcesso2>
      <URLQRCodeAcesso>www.sefaz.rr.gov.br/nfce/consulta</URLQRCodeAcesso>
      <IncluirQRCodeXMLNFCe ver_imp="2" versao="2" ativo="1"></IncluirQRCodeXMLNFCe>
    </homologacao>
    <producao>
      <NfeAutorizacao soap_action="NFeAutorizacao4" metodo="nfeAutorizacaoLote" service='NFeAutorizacao' versao='4.00'>https://nfce.svrs.rs.gov.br/ws/NfeAutorizacao/NFeAutorizacao4.asmx</NfeAutorizacao>
      <NfeRetAutorizacao soap_action="NFeRetAutorizacao4" metodo="nfeRetAutorizacaoLote" service='NFeRetAutorizacao' versao='4.00'>https://nfce.svrs.rs.gov.br/ws/NfeRetAutorizacao/NFeRetAutorizacao4.asmx</NfeRetAutorizacao>
      <NfeInutilizacao soap_action="NFeInutilizacao4" metodo="nfeInutilizacaoNF" service='NfeInutilizacao' versao='4.00'>https://nfce.svrs.rs.gov.br/ws/nfeinutilizacao/nfeinutilizacao4.asmx</NfeInutilizacao>
      <NfeConsulta soap_action="NFeConsultaProtocolo4" metodo="nfeConsultaNF" service='NfeConsultaProtocolo' versao='4.00'>https://nfce.svrs.rs.gov.br/ws/NfeConsulta/NfeConsulta4.asmx</NfeConsulta>
      <NfeStatusServico4 soap_action="NFeStatusServico4" metodo="nfeStatusServicoNF" service='NFeStatusServico4' versao='4.00'>https://nfce.svrs.rs.gov.br/ws/NfeStatusServico/NfeStatusServico4.asmx</NfeStatusServico4>
      <CadConsultaCadastro service='NfeConsultaCadastro' versao='4.00'></CadConsultaCadastro>
      <RecepcaoEvento soap_action="NFeRecepcaoEvento4" metodo="nfeRecepcaoEvento"  service='RecepcaoEvento' versao='1.00'>https://nfce.svrs.rs.gov.br/ws/recepcaoevento/recepcaoevento4.asmx</RecepcaoEvento>
      <URLAcesso>https://portalapp.sefaz.rr.gov.br/nfce/consulta</URLAcesso>
      <URLAcesso2>https://portalapp.sefaz.rr.gov.br/nfce/consulta</URLAcesso2>
      <URLQRCodeAcesso>https://portalapp.sefaz.rr.gov.br/nfce/consulta</URLQRCodeAcesso>
      <IncluirQRCodeXMLNFCe ver_imp="2" versao="2" ativo="1"></IncluirQRCodeXMLNFCe>
    </producao>
  </UF>
  <UF>
    <sigla>RS</sigla>
    <homologacao>
      <NfeAutorizacao soap_action="NFeAutorizacao4" metodo="nfeAutorizacaoLote" service='NfeAutorizacao' versao='4.00'>https://nfce-homologacao.sefazrs.rs.gov.br/ws/NfeAutorizacao/NfeAutorizacao4.asmx</NfeAutorizacao>
      <NfeRetAutorizacao soap_action="NFeRetAutorizacao4" metodo="nfeRetAutorizacaoLote" service='NfeRetAutorizacao' versao='4.00'>https://nfce-homologacao.sefazrs.rs.gov.br/ws/NfeRetAutorizacao/NfeRetAutorizacao4.asmx</NfeRetAutorizacao>
      <NfeInutilizacao4 soap_action="NFeInutilizacao4" metodo="nfeInutilizacaoNF" service='nfeInutilizacaoNF4' versao='4.00'>https://nfce-homologacao.sefazrs.rs.gov.br/ws/nfeinutilizacao/nfeinutilizacao4.asmx</NfeInutilizacao4>
      <NfeConsulta4 soap_action="NFeConsultaProtocolo4" metodo="nfeConsultaNF" service='nfeConsultaNF4' versao='4.00'>https://nfce-homologacao.sefazrs.rs.gov.br/ws/NfeConsulta/NfeConsulta4.asmx</NfeConsulta4>
      <NfeStatusServico4 soap_action="NFeStatusServico4" metodo="nfeStatusServicoNF" service='NFeStatusServico4' versao='4.00'>https://nfce-homologacao.sefazrs.rs.gov.br/ws/NfeStatusServico/NfeStatusServico4.asmx</NfeStatusServico4>
      <RecepcaoEvento soap_action="NFeRecepcaoEvento4" metodo="nfeRecepcaoEvento" service='nfeRecepcaoEvento' versao='1.00'>https://nfce-homologacao.sefazrs.rs.gov.br/ws/recepcaoevento/recepcaoevento4.asmx</RecepcaoEvento>
      <URLAcesso>www.sefaz.rs.gov.br/nfce/consulta</URLAcesso>
      <URLAcesso2>www.sefaz.rs.gov.br/nfce/consulta</URLAcesso2>
      <URLQRCodeAcesso>https://www.sefaz.rs.gov.br/NFCE/NFCE-COM.aspx</URLQRCodeAcesso>
      <IncluirQRCodeXMLNFCe ver_imp="2" versao="2" ativo="1"></IncluirQRCodeXMLNFCe>
    </homologacao>
    <producao>
      <NfeAutorizacao soap_action="NFeAutorizacao4" metodo="nfeAutorizacaoLote" service='NfeAutorizacao' versao='4.00'>https://nfce.sefazrs.rs.gov.br/ws/NfeAutorizacao/NfeAutorizacao4.asmx</NfeAutorizacao>
      <NfeRetAutorizacao soap_action="NFeRetAutorizacao4" metodo="nfeRetAutorizacaoLote" service='NfeRetAutorizacao' versao='4.00'>https://nfce.sefazrs.rs.gov.br/ws/NfeRetAutorizacao/NfeRetAutorizacao4.asmx</NfeRetAutorizacao>
      <NfeInutilizacao4 soap_action="NFeInutilizacao4" metodo="nfeInutilizacaoNF" service='nfeInutilizacaoNF4' versao='4.00'>https://nfce.sefazrs.rs.gov.br/ws/nfeinutilizacao/nfeinutilizacao4.asmx</NfeInutilizacao4>
      <NfeConsulta4 soap_action="NFeConsultaProtocolo4" metodo="nfeConsultaNF" service='nfeConsultaNF4' versao='4.00'>https://nfce.sefazrs.rs.gov.br/ws/NfeConsulta/NfeConsulta4.asmx</NfeConsulta4>
      <NfeStatusServico4 soap_action="NFeStatusServico4" metodo="nfeStatusServicoNF" service='NFeStatusServico4' versao='4.00'>https://nfce.sefazrs.rs.gov.br/ws/NfeStatusServico/NfeStatusServico4.asmx</NfeStatusServico4>
      <RecepcaoEvento soap_action="NFeRecepcaoEvento4" metodo="nfeRecepcaoEvento" service='nfeRecepcaoEvento' versao='1.00'>https://nfce.sefazrs.rs.gov.br/ws/recepcaoevento/recepcaoevento4.asmx</RecepcaoEvento>
      <URLAcesso>https://www.sefaz.rs.gov.br/NFCE/NFCE-COM.aspx</URLAcesso>
      <URLAcesso2>www.sefaz.rs.gov.br/nfce/consulta</URLAcesso2>
      <URLQRCodeAcesso>https://www.sefaz.rs.gov.br/NFCE/NFCE-COM.aspx</URLQRCodeAcesso>
      <IncluirQRCodeXMLNFCe ver_imp="2" versao="2" ativo="1"></IncluirQRCodeXMLNFCe>
    </producao>
  </UF>
  <UF>
    <sigla>SC</sigla>
    <!--  SEFAZ VIRTUAL RIO GRANDE DO SUL  -->
    <homologacao>
        <NfeAutorizacao soap_action="NFeAutorizacao4" metodo="nfeAutorizacaoLote"  service='NfeAutorizacao' versao='4.00'>https://nfce-homologacao.svrs.rs.gov.br/ws/NfeAutorizacao/NFeAutorizacao4.asmx</NfeAutorizacao>
        <NfeRetAutorizacao soap_action="NFeRetAutorizacao4" metodo="nfeRetAutorizacaoLote" service='NfeRetAutorizacao' versao='4.00'>https://nfce-homologacao.svrs.rs.gov.br/ws/NfeRetAutorizacao/NFeRetAutorizacao4.asmx</NfeRetAutorizacao>
        <NfeInutilizacao soap_action="NFeInutilizacao4" metodo="nfeInutilizacaoNF" service='nfeInutilizacaoNF4' versao='4.00'>https://nfce-homologacao.svrs.rs.gov.br/ws/nfeinutilizacao/nfeinutilizacao4.asmx</NfeInutilizacao>
        <NfeConsulta soap_action="NFeConsultaProtocolo4" metodo="nfeConsultaNF" service='nfeConsultaNF4' versao='4.00'>https://nfce-homologacao.svrs.rs.gov.br/ws/NfeConsulta/NfeConsulta4.asmx</NfeConsulta>
        <NfeStatusServico4 soap_action="NFeStatusServico4" metodo="nfeStatusServicoNF" service='NFeStatusServico4' versao='4.00'>https://nfce-homologacao.svrs.rs.gov.br/ws/NfeStatusServico/NfeStatusServico4.asmx</NfeStatusServico4>
        <RecepcaoEvento soap_action="NFeRecepcaoEvento4" metodo="nfeRecepcaoEvento" service='nfeRecepcaoEvento' versao='1.00'>https://nfce-homologacao.svrs.rs.gov.br/ws/recepcaoevento/recepcaoevento4.asmx</RecepcaoEvento>
        <URLAcesso>https://hom.sat.sef.sc.gov.br/nfce/consulta</URLAcesso>
        <URLAcesso2>https://hom.sat.sef.sc.gov.br/nfce/consulta</URLAcesso2>
        <URLQRCodeAcesso>https://hom.sat.sef.sc.gov.br/nfce/consulta?</URLQRCodeAcesso>
        <IncluirQRCodeXMLNFCe ver_imp="2" versao="2" ativo="1"></IncluirQRCodeXMLNFCe>
    </homologacao>
    <producao>
        <NfeAutorizacao soap_action="NFeAutorizacao4" metodo="nfeAutorizacaoLote" service='NFeAutorizacao' versao='4.00'>https://nfce.svrs.rs.gov.br/ws/NfeAutorizacao/NFeAutorizacao4.asmx</NfeAutorizacao>
        <NfeRetAutorizacao soap_action="NFeRetAutorizacao4" metodo="nfeRetAutorizacaoLote" service='NFeRetAutorizacao' versao='4.00'>https://nfce.svrs.rs.gov.br/ws/NfeRetAutorizacao/NFeRetAutorizacao4.asmx</NfeRetAutorizacao>
        <NfeInutilizacao soap_action="NFeInutilizacao4" metodo="nfeInutilizacaoNF" service='NfeInutilizacao' versao='4.00'>https://nfce.svrs.rs.gov.br/ws/nfeinutilizacao/nfeinutilizacao4.asmx</NfeInutilizacao>
        <NfeConsulta soap_action="NFeConsultaProtocolo4" metodo="nfeConsultaNF" service='NfeConsultaProtocolo' versao='4.00'>https://nfce.svrs.rs.gov.br/ws/NfeConsulta/NfeConsulta4.asmx</NfeConsulta>
        <NfeStatusServico4 soap_action="NFeStatusServico4" metodo="nfeStatusServicoNF" service='NFeStatusServico4' versao='4.00'>https://nfce.svrs.rs.gov.br/ws/NfeStatusServico/NfeStatusServico4.asmx</NfeStatusServico4>
        <CadConsultaCadastro service='NfeConsultaCadastro' versao='4.00'></CadConsultaCadastro>
        <RecepcaoEvento soap_action="NFeRecepcaoEvento4" metodo="nfeRecepcaoEvento"  service='RecepcaoEvento' versao='1.00'>https://nfce.svrs.rs.gov.br/ws/recepcaoevento/recepcaoevento4.asmx</RecepcaoEvento>
        <URLAcesso>https://sat.sef.sc.gov.br/nfce/consulta</URLAcesso>
        <URLAcesso2>https://sat.sef.sc.gov.br/nfce/consulta</URLAcesso2>
        <URLQRCodeAcesso>https://sat.sef.sc.gov.br/nfce/consulta?</URLQRCodeAcesso>
        <IncluirQRCodeXMLNFCe ver_imp="2" versao="2" ativo="1"></IncluirQRCodeXMLNFCe>
    </producao>
  </UF>
  <UF>
    <sigla>SE</sigla>
    <!--  SEFAZ VIRTUAL RIO GRANDE DO SUL  -->
    <homologacao>
      <NfeAutorizacao soap_action="NFeAutorizacao4" metodo="nfeAutorizacaoLote"  service='NfeAutorizacao' versao='4.00'>https://nfce-homologacao.svrs.rs.gov.br/ws/NfeAutorizacao/NFeAutorizacao4.asmx</NfeAutorizacao>
      <NfeRetAutorizacao soap_action="NFeRetAutorizacao4" metodo="nfeRetAutorizacaoLote" service='NfeRetAutorizacao' versao='4.00'>https://nfce-homologacao.svrs.rs.gov.br/ws/NfeRetAutorizacao/NFeRetAutorizacao4.asmx</NfeRetAutorizacao>
      <NfeInutilizacao soap_action="NFeInutilizacao4" metodo="nfeInutilizacaoNF" service='nfeInutilizacaoNF4' versao='4.00'>https://nfce-homologacao.svrs.rs.gov.br/ws/nfeinutilizacao/nfeinutilizacao4.asmx</NfeInutilizacao>
      <NfeConsulta soap_action="NFeConsultaProtocolo4" metodo="nfeConsultaNF" service='nfeConsultaNF4' versao='4.00'>https://nfce-homologacao.svrs.rs.gov.br/ws/NfeConsulta/NfeConsulta4.asmx</NfeConsulta>
      <NfeStatusServico4 soap_action="NFeStatusServico4" metodo="nfeStatusServicoNF" service='NFeStatusServico4' versao='4.00'>https://nfce-homologacao.svrs.rs.gov.br/ws/NfeStatusServico/NfeStatusServico4.asmx</NfeStatusServico4>
      <RecepcaoEvento soap_action="NFeRecepcaoEvento4" metodo="nfeRecepcaoEvento" service='nfeRecepcaoEvento' versao='1.00'>https://nfce-homologacao.svrs.rs.gov.br/ws/recepcaoevento/recepcaoevento4.asmx</RecepcaoEvento>
      <URLAcesso>http://www.hom.nfe.se.gov.br/nfce/consulta</URLAcesso>
      <URLAcesso2>http://www.hom.nfe.se.gov.br/nfce/consulta</URLAcesso2>
      <URLQRCodeAcesso>http://www.hom.nfe.se.gov.br/nfce/qrcode?</URLQRCodeAcesso>
      <IncluirQRCodeXMLNFCe ver_imp="2" versao="2" ativo="1"></IncluirQRCodeXMLNFCe>
    </homologacao>
    <producao>
      <NfeAutorizacao soap_action="NFeAutorizacao4" metodo="nfeAutorizacaoLote" service='NFeAutorizacao' versao='4.00'>https://nfce.svrs.rs.gov.br/ws/NfeAutorizacao/NFeAutorizacao4.asmx</NfeAutorizacao>
      <NfeRetAutorizacao soap_action="NFeRetAutorizacao4" metodo="nfeRetAutorizacaoLote" service='NFeRetAutorizacao' versao='4.00'>https://nfce.svrs.rs.gov.br/ws/NfeRetAutorizacao/NFeRetAutorizacao4.asmx</NfeRetAutorizacao>
      <NfeInutilizacao soap_action="NFeInutilizacao4" metodo="nfeInutilizacaoNF" service='NfeInutilizacao' versao='4.00'>https://nfce.svrs.rs.gov.br/ws/nfeinutilizacao/nfeinutilizacao4.asmx</NfeInutilizacao>
      <NfeConsulta soap_action="NFeConsultaProtocolo4" metodo="nfeConsultaNF" service='NfeConsultaProtocolo' versao='4.00'>https://nfce.svrs.rs.gov.br/ws/NfeConsulta/NfeConsulta4.asmx</NfeConsulta>
      <NfeStatusServico4 soap_action="NFeStatusServico4" metodo="nfeStatusServicoNF" service='NFeStatusServico4' versao='4.00'>https://nfce.svrs.rs.gov.br/ws/NfeStatusServico/NfeStatusServico4.asmx</NfeStatusServico4>
      <CadConsultaCadastro service='NfeConsultaCadastro' versao='4.00'></CadConsultaCadastro>
      <RecepcaoEvento soap_action="NFeRecepcaoEvento4" metodo="nfeRecepcaoEvento"  service='RecepcaoEvento' versao='1.00'>https://nfce.svrs.rs.gov.br/ws/recepcaoevento/recepcaoevento4.asmx</RecepcaoEvento>
      <URLAcesso>http://www.nfce.se.gov.br/nfce/qrcode</URLAcesso>
      <URLAcesso2>http://www.nfce.se.gov.br/nfce/consulta</URLAcesso2>
      <URLQRCodeAcesso>http://www.nfce.se.gov.br/nfce/qrcode?</URLQRCodeAcesso>
      <IncluirQRCodeXMLNFCe ver_imp="2" versao="2" ativo="1"></IncluirQRCodeXMLNFCe>
    </producao>
  </UF>
  <UF>
    <sigla>SP</sigla>
    <homologacao>
      <NfeAutorizacao soap_action="NFeAutorizacao4" metodo="nfeAutorizacaoLote" service='NfeAutorizacao' versao='4.00'>https://homologacao.nfce.fazenda.sp.gov.br/ws/NFeAutorizacao4.asmx</NfeAutorizacao>
      <NfeRetAutorizacao soap_action="NFeRetAutorizacao4" metodo="nfeRetAutorizacaoLote" service='NfeRetAutorizacao' versao='4.00'>https://homologacao.nfce.fazenda.sp.gov.br/ws/NFeRetAutorizacao4.asmx</NfeRetAutorizacao>
      <NfeInutilizacao4 soap_action="NFeInutilizacao4" metodo="nfeInutilizacaoNF" service='nfeInutilizacaoNF4' versao='4.00'>https://homologacao.nfce.fazenda.sp.gov.br/ws/NFeInutilizacao4.asmx</NfeInutilizacao4>
      <NfeConsulta4 soap_action="NFeConsultaProtocolo4" metodo="nfeConsultaNF" service='nfeConsultaNF4' versao='4.00'>https://homologacao.nfce.fazenda.sp.gov.br/ws/NFeConsultaProtocolo4.asmx</NfeConsulta4>
      <NfeStatusServico4 soap_action="NFeStatusServico4" metodo="nfeStatusServicoNF" service='NFeStatusServico4' versao='4.00'>https://homologacao.nfce.fazenda.sp.gov.br/ws/NFeStatusServico4.asmx</NfeStatusServico4>
      <RecepcaoEvento soap_action="NFeRecepcaoEvento4" metodo="nfeRecepcaoEvento" service='nfeRecepcaoEvento' versao='1.00'>https://homologacao.nfce.fazenda.sp.gov.br/ws/NFeRecepcaoEvento4.asmx</RecepcaoEvento>
      <URLAcesso>https://www.homologacao.nfce.fazenda.sp.gov.br/consulta</URLAcesso>
      <URLAcesso2>https://www.homologacao.nfce.fazenda.sp.gov.br/consulta</URLAcesso2>
      <URLQRCodeAcesso>https://www.homologacao.nfce.fazenda.sp.gov.br/qrcode</URLQRCodeAcesso>
      <IncluirQRCodeXMLNFCe ver_imp="2" versao="2" ativo="1"/>
    </homologacao>
    <producao>
      <NfeAutorizacao soap_action="NFeAutorizacao4" metodo="nfeAutorizacaoLote" service='NfeAutorizacao' versao='4.00'>https://nfce.fazenda.sp.gov.br/ws/NFeAutorizacao4.asmx</NfeAutorizacao>
      <NfeRetAutorizacao soap_action="NFeRetAutorizacao4" metodo="nfeRetAutorizacaoLote" service='NfeRetAutorizacao' versao='4.00'>https://nfce.fazenda.sp.gov.br/ws/NFeRetAutorizacao4.asmx</NfeRetAutorizacao>
      <NfeInutilizacao4 soap_action="NFeInutilizacao4" metodo="nfeInutilizacaoNF" service='nfeInutilizacaoNF4' versao='4.00'>https://nfce.fazenda.sp.gov.br/ws/NFeInutilizacao4.asmx</NfeInutilizacao4>
      <NfeConsulta4 soap_action="NFeConsultaProtocolo4" metodo="nfeConsultaNF" service='nfeConsultaNF4' versao='4.00'>https://nfce.fazenda.sp.gov.br/ws/NFeConsultaProtocolo4.asmx</NfeConsulta4>
      <NfeStatusServico4 soap_action="NFeStatusServico4" metodo="nfeStatusServicoNF" service='NFeStatusServico4' versao='4.00'>https://nfce.fazenda.sp.gov.br/ws/NFeStatusServico4.asmx</NfeStatusServico4>
      <RecepcaoEvento soap_action="NFeRecepcaoEvento4" metodo="nfeRecepcaoEvento" service='nfeRecepcaoEvento' versao='1.00'>https://nfce.fazenda.sp.gov.br/ws/NFeRecepcaoEvento4.asmx</RecepcaoEvento>
      <URLAcesso>https://www.nfce.fazenda.sp.gov.br/consulta</URLAcesso>
      <URLAcesso2>https://www.nfce.fazenda.sp.gov.br/consulta</URLAcesso2>
      <URLQRCodeAcesso>https://www.nfce.fazenda.sp.gov.br/qrcode</URLQRCodeAcesso>
      <IncluirQRCodeXMLNFCe ver_imp="2" versao="2" ativo="1"></IncluirQRCodeXMLNFCe>
    </producao>
  </UF>
  <UF>
    <sigla>TO</sigla>
    <!--  SEFAZ VIRTUAL RIO GRANDE DO SUL  -->
    <homologacao>
      <NfeAutorizacao soap_action="NFeAutorizacao4" metodo="nfeAutorizacaoLote"  service='NfeAutorizacao' versao='4.00'>https://nfce-homologacao.svrs.rs.gov.br/ws/NfeAutorizacao/NFeAutorizacao4.asmx</NfeAutorizacao>
      <NfeRetAutorizacao soap_action="NFeRetAutorizacao4" metodo="nfeRetAutorizacaoLote" service='NfeRetAutorizacao' versao='4.00'>https://nfce-homologacao.svrs.rs.gov.br/ws/NfeRetAutorizacao/NFeRetAutorizacao4.asmx</NfeRetAutorizacao>
      <NfeInutilizacao soap_action="NFeInutilizacao4" metodo="nfeInutilizacaoNF" service='nfeInutilizacaoNF4' versao='4.00'>https://nfce-homologacao.svrs.rs.gov.br/ws/nfeinutilizacao/nfeinutilizacao4.asmx</NfeInutilizacao>
      <NfeConsulta soap_action="NFeConsultaProtocolo4" metodo="nfeConsultaNF" service='nfeConsultaNF4' versao='4.00'>https://nfce-homologacao.svrs.rs.gov.br/ws/NfeConsulta/NfeConsulta4.asmx</NfeConsulta>
      <NfeStatusServico4 soap_action="NFeStatusServico4" metodo="nfeStatusServicoNF" service='NFeStatusServico4' versao='4.00'>https://nfce-homologacao.svrs.rs.gov.br/ws/NfeStatusServico/NfeStatusServico4.asmx</NfeStatusServico4>
      <RecepcaoEvento soap_action="NFeRecepcaoEvento4" metodo="nfeRecepcaoEvento" service='nfeRecepcaoEvento' versao='1.00'>https://nfce-homologacao.svrs.rs.gov.br/ws/recepcaoevento/recepcaoevento4.asmx</RecepcaoEvento>
      <URLAcesso>http://homologacao.sefaz.to.gov.br/nfce/consulta.jsf</URLAcesso>
      <URLAcesso2>http://homologacao.sefaz.to.gov.br/nfce/consulta.jsf</URLAcesso2>
      <URLQRCodeAcesso>www.sefaz.to.gov.br/nfce/consulta</URLQRCodeAcesso>
      <IncluirQRCodeXMLNFCe ver_imp="2" versao="2" ativo="1"></IncluirQRCodeXMLNFCe>
    </homologacao>
    <producao>
      <NfeAutorizacao soap_action="NFeAutorizacao4" metodo="nfeAutorizacaoLote" service='NFeAutorizacao' versao='4.00'>https://nfce.svrs.rs.gov.br/ws/NfeAutorizacao/NFeAutorizacao4.asmx</NfeAutorizacao>
      <NfeRetAutorizacao soap_action="NFeRetAutorizacao4" metodo="nfeRetAutorizacaoLote" service='NFeRetAutorizacao' versao='4.00'>https://nfce.svrs.rs.gov.br/ws/NfeRetAutorizacao/NFeRetAutorizacao4.asmx</NfeRetAutorizacao>
      <NfeInutilizacao soap_action="NFeInutilizacao4" metodo="nfeInutilizacaoNF" service='NfeInutilizacao' versao='4.00'>https://nfce.svrs.rs.gov.br/ws/nfeinutilizacao/nfeinutilizacao4.asmx</NfeInutilizacao>
      <NfeConsulta soap_action="NFeConsultaProtocolo4" metodo="nfeConsultaNF" service='NfeConsultaProtocolo' versao='4.00'>https://nfce.svrs.rs.gov.br/ws/NfeConsulta/NfeConsulta4.asmx</NfeConsulta>
      <NfeStatusServico4 soap_action="NFeStatusServico4" metodo="nfeStatusServicoNF" service='NFeStatusServico4' versao='4.00'>https://nfce.svrs.rs.gov.br/ws/NfeStatusServico/NfeStatusServico4.asmx</NfeStatusServico4>
      <CadConsultaCadastro service='NfeConsultaCadastro' versao='4.00'></CadConsultaCadastro>
      <RecepcaoEvento soap_action="NFeRecepcaoEvento4" metodo="nfeRecepcaoEvento"  service='RecepcaoEvento' versao='1.00'>https://nfce.svrs.rs.gov.br/ws/recepcaoevento/recepcaoevento4.asmx</RecepcaoEvento>
      <URLAcesso>http://www.sefaz.to.gov.br/nfce/consulta</URLAcesso>
      <URLAcesso2>www.sefaz.to.gov.br/nfce/consulta</URLAcesso2>
      <URLQRCodeAcesso>http://www.sefaz.to.gov.br/nfce/qrcode</URLQRCodeAcesso>
      <IncluirQRCodeXMLNFCe ver_imp="2" versao="2" ativo="1"></IncluirQRCodeXMLNFCe>
    </producao>
  </UF>
  <UF>
    <sigla>SCAN</sigla>
    <!--  SISTEMA DE CONTINGENCIA DO AMBIENTE NACIONAL  -->
    <homologacao>
      <NfeRecepcao4 service='nfeRecepcaoLote4' versao='4.00'>https://hom.nfe.fazenda.gov.br/SCAN/NfeRecepcao4/NfeRecepcao4.asmx</NfeRecepcao4>
      <NfeRetRecepcao4 service='nfeRetRecepcao4' versao='4.00'>https://hom.nfe.fazenda.gov.br/SCAN/NfeRetRecepcao4/NfeRetRecepcao4.asmx</NfeRetRecepcao4>
      <NfeCancelamento4 service='nfeCancelamentoNF4' versao='4.00'>https://hom.nfe.fazenda.gov.br/SCAN/NfeCancelamento4/NfeCancelamento4.asmx</NfeCancelamento4>
      <NfeInutilizacao4 service='nfeInutilizacaoNF4' versao='4.00'>https://hom.nfe.fazenda.gov.br/SCAN/NfeInutilizacao4/NfeInutilizacao4.asmx</NfeInutilizacao4>
      <NfeConsulta4 service='nfeConsultaNF4' versao='4.00'>https://hom.nfe.fazenda.gov.br/SCAN/Nfeconsulta4/NfeConsulta4.asmx</NfeConsulta4>
      <NfeStatusServico4 service='nfeStatusServicoNF4' versao='4.00'>https://hom.nfe.fazenda.gov.br/SCAN/NfeStatusServico4/NfeStatusServico4.asmx</NfeStatusServico4>
      <CadConsultaCadastro4 service='' versao=''></CadConsultaCadastro4>
      <IncluirQRCodeXMLNFCe ver_imp="2" versao="2" ativo="0"></IncluirQRCodeXMLNFCe>
    </homologacao>
    <producao>
      <NfeRecepcao4 service='nfeRecepcaoLote4' versao='4.00'>https://www.scan.fazenda.gov.br/NfeRecepcao4/NfeRecepcao4.asmx</NfeRecepcao4>
      <NfeRetRecepcao4 service='nfeRetRecepcao4' versao='4.00'>https://www.scan.fazenda.gov.br/NfeRetRecepcao4/NfeRetRecepcao4.asmx</NfeRetRecepcao4>
      <NfeCancelamento4 service='nfeCancelamentoNF4' versao='4.00'>https://www.scan.fazenda.gov.br/NfeCancelamento4/NfeCancelamento4.asmx</NfeCancelamento4>
      <NfeInutilizacao4 service='nfeInutilizacaoNF4' versao='4.00'>https://www.scan.fazenda.gov.br/NfeInutilizacao4/NfeInutilizacao4.asmx</NfeInutilizacao4>
      <NfeConsulta4 service='nfeConsultaNF4' versao='4.00'>https://www.scan.fazenda.gov.br/Nfeconsulta4/NfeConsulta4.asmx</NfeConsulta4>
      <NfeStatusServico4 service='nfeStatusServicoNF4' versao='4.00'>https://www.scan.fazenda.gov.br/NfeStatusServico4/NfeStatusServico4.asmx</NfeStatusServico4>
      <CadConsultaCadastro4 service='' versao=''></CadConsultaCadastro4>
      <IncluirQRCodeXMLNFCe ver_imp="2" versao="2" ativo="0"></IncluirQRCodeXMLNFCe>
    </producao>
  </UF>
  <UF>
    <sigla>DPEC</sigla>
    <!-- SISTEMA DE CONTINGENCIA - Declaracao Previa de Emissao em Contingencia -->
    <producao>
      <NfeRecepcao2DPEC>https://www.nfe.fazenda.gov.br/SCERecepcaoRFB/SCERecepcaoRFB2.asmx</NfeRecepcao2DPEC>
      <ConsultaDPEC>https://www.nfe.fazenda.gov.br/SCEConsultaRFB/SCEConsultaRFB2.asmx</ConsultaDPEC>
    </producao>
  </UF>
</WS>
